Date,Open,High,Low,Close,Volume
2001-08-27,4.04,4.43,3.85,4.17,40631800.0
2001-08-28,4.1,4.34,4.06,4.32,12964779.0
2001-08-29,4.33,4.34,4.23,4.26,5325275.0
2001-08-30,4.25,4.4,4.22,4.35,4801306.0
2001-08-31,4.35,4.41,4.31,4.34,2323148.0
2001-09-03,4.36,4.4,4.32,4.34,2211209.0
2001-09-04,4.34,4.46,4.32,4.39,3700677.0
2001-09-05,4.41,4.44,4.36,4.39,2606695.0
2001-09-06,4.38,4.39,4.28,4.3,2899703.0
2001-09-07,4.28,4.33,4.18,4.18,3155225.0
2001-09-10,4.15,4.32,4.1,4.3,1887889.0
2001-09-11,4.31,4.33,4.24,4.25,1139081.0
2001-09-12,4.14,4.24,4.14,4.22,2504519.0
2001-09-13,4.22,4.25,4.18,4.21,1098668.0
2001-09-14,4.22,4.28,4.2,4.25,767283.0
2001-09-17,4.23,4.25,4.16,4.2,898397.0
2001-09-18,4.21,4.28,4.2,4.25,1077326.0
2001-09-19,4.25,4.33,4.23,4.33,865053.0
2001-09-20,4.32,4.34,4.28,4.29,1117335.0
2001-09-21,4.25,4.29,4.22,4.23,787972.0
2001-09-24,4.23,4.27,4.22,4.23,406860.0
2001-09-25,4.25,4.28,4.23,4.25,348845.0
2001-09-26,4.23,4.28,4.22,4.23,495626.0
2001-09-27,4.23,4.33,4.22,4.3,877804.0
2001-09-28,4.32,4.36,4.28,4.35,1708847.0
2001-10-08,4.34,4.36,4.25,4.29,655217.0
2001-10-09,4.29,4.4,4.29,4.37,955852.0
2001-10-10,4.37,4.39,4.22,4.23,1754869.0
2001-10-11,4.22,4.28,4.18,4.19,1230684.0
2001-10-12,4.21,4.3,3.99,4.22,2001070.0
2001-10-15,4.21,4.22,4.09,4.14,975531.0
2001-10-16,4.12,4.2,4.07,4.08,831991.0
2001-10-17,4.08,4.08,3.97,4.01,1250768.0
2001-10-18,4.01,4.06,3.97,3.99,498346.0
2001-10-19,3.99,4.0,3.87,3.93,1568754.0
2001-10-22,3.9,3.95,3.83,3.84,976065.0
2001-10-23,4.22,4.23,4.1,4.23,4059824.0
2001-10-24,4.31,4.31,4.12,4.2,4068239.0
2001-10-25,4.18,4.2,4.09,4.09,1603686.0
2001-10-26,4.07,4.11,4.03,4.1,900220.0
2001-10-29,4.09,4.18,4.09,4.14,458786.0
2001-10-30,4.13,4.16,4.09,4.1,348417.0
2001-10-31,4.1,4.11,4.08,4.11,476247.0
2001-11-01,4.11,4.18,4.1,4.17,664303.0
2001-11-02,4.14,4.19,4.12,4.14,343520.0
2001-11-05,4.1,4.13,4.07,4.09,369076.0
2001-11-06,4.08,4.14,4.07,4.12,260931.0
2001-11-07,4.1,4.1,3.96,3.97,932538.0
2001-11-08,3.91,3.97,3.87,3.95,740216.0
2001-11-09,3.95,4.04,3.91,4.0,376076.0
2001-11-12,4.03,4.03,3.93,3.94,268333.0
2001-11-13,3.9,3.95,3.89,3.94,267381.0
2001-11-14,3.94,3.99,3.94,3.94,76900.0
2001-11-15,3.94,3.96,3.93,3.95,219345.0
2001-11-16,4.24,4.24,3.98,4.0,995470.0
2001-11-19,4.0,4.11,4.0,4.11,373461.0
2001-11-20,4.13,4.16,4.09,4.15,806908.0
2001-11-21,4.16,4.16,4.09,4.12,511442.0
2001-11-22,4.13,4.14,4.09,4.12,419879.0
2001-11-23,4.1,4.13,4.08,4.1,396090.0
2001-11-26,4.1,4.1,4.04,4.06,310099.0
2001-11-27,4.05,4.11,4.05,4.1,256948.0
2001-11-28,4.11,4.15,4.09,4.11,377362.0
2001-11-29,4.1,4.13,4.08,4.08,304618.0
2001-11-30,4.08,4.16,4.08,4.14,407097.0
2001-12-03,4.14,4.25,4.14,4.24,1603705.0
2001-12-04,4.25,4.25,4.2,4.24,689499.0
2001-12-05,4.34,4.34,4.21,4.22,1502835.0
2001-12-06,4.21,4.25,4.2,4.23,637222.0
2001-12-07,4.23,4.24,4.2,4.2,390820.0
2001-12-10,4.22,4.23,4.19,4.22,416156.0
2001-12-11,4.22,4.22,4.17,4.18,358002.0
2001-12-12,4.17,4.23,4.17,4.19,463267.0
2001-12-13,4.17,4.22,4.13,4.13,354045.0
2001-12-14,4.1,4.16,4.1,4.13,284125.0
2001-12-17,4.12,4.17,4.11,4.14,441389.0
2001-12-18,4.16,4.21,4.11,4.21,482120.0
2001-12-19,4.21,4.28,4.18,4.21,962001.0
2001-12-20,4.21,4.21,4.06,4.07,1136223.0
2001-12-21,4.07,4.22,4.07,4.2,813504.0
2001-12-24,4.22,4.37,4.2,4.27,2725079.0
2001-12-25,4.27,4.3,4.21,4.28,1218260.0
2001-12-26,4.28,4.37,4.23,4.36,1680952.0
2001-12-27,4.36,4.44,4.33,4.37,2328478.0
2001-12-28,4.37,4.41,4.32,4.37,1227932.0
2001-12-31,4.42,4.61,4.39,4.52,5219541.0
2002-01-04,4.54,4.55,4.39,4.4,2910962.0
2002-01-07,4.35,4.4,4.3,4.38,1894295.0
2002-01-08,4.34,4.41,4.28,4.29,1328664.0
2002-01-09,4.28,4.36,4.26,4.32,1060682.0
2002-01-10,4.33,4.38,4.26,4.36,1881555.0
2002-01-11,4.34,4.35,4.22,4.23,1183475.0
2002-01-14,4.18,4.27,4.15,4.23,1871851.0
2002-01-15,4.22,4.34,4.21,4.28,1824741.0
2002-01-16,4.28,4.33,4.15,4.26,1397433.0
2002-01-17,4.24,4.28,4.07,4.11,2418031.0
2002-01-18,4.08,4.32,4.07,4.3,3226208.0
2002-01-21,4.25,4.29,4.17,4.2,1575593.0
2002-01-22,4.2,4.33,4.2,4.27,1348567.0
2002-01-23,4.3,4.41,4.24,4.41,2333648.0
2002-01-24,4.38,4.44,4.31,4.37,2661580.0
2002-01-25,4.36,4.4,4.31,4.35,1394112.0
2002-01-28,4.34,4.37,4.14,4.16,2166782.0
2002-01-29,4.13,4.24,4.1,4.18,1187200.0
2002-01-30,4.17,4.25,4.13,4.17,841922.0
2002-01-31,4.22,4.45,4.22,4.41,4082830.0
2002-02-01,4.4,4.45,4.32,4.34,1734503.0
2002-02-04,4.36,4.47,4.34,4.44,1651019.0
2002-02-05,4.45,4.53,4.41,4.44,1119573.0
2002-02-06,4.44,4.47,4.35,4.36,966854.0
2002-02-07,4.36,4.44,4.35,4.38,668817.0
2002-02-08,4.41,4.48,4.4,4.41,1256931.0
2002-02-26,4.45,4.51,4.39,4.43,1481599.0
2002-02-27,4.44,4.47,4.4,4.45,829081.0
2002-02-28,4.45,4.51,4.43,4.45,1250698.0
2002-03-01,4.45,4.47,4.36,4.38,742145.0
2002-03-04,4.38,4.46,4.35,4.46,522485.0
2002-03-05,4.46,4.58,4.44,4.52,2218887.0
2002-03-06,4.55,4.58,4.46,4.5,1862014.0
2002-03-07,4.48,4.52,4.46,4.51,1361602.0
2002-03-08,4.52,4.66,4.52,4.64,3532681.0
2002-03-11,4.65,4.65,4.58,4.62,1760600.0
2002-03-12,4.62,4.62,4.51,4.51,1725185.0
2002-03-13,4.49,4.55,4.48,4.48,779399.0
2002-03-14,4.47,4.54,4.46,4.53,638774.0
2002-03-15,4.46,4.56,4.44,4.44,1189288.0
2002-03-18,4.47,4.55,4.44,4.45,607027.0
2002-03-19,4.47,4.56,4.46,4.54,677404.0
2002-03-20,4.55,4.63,4.54,4.57,1503133.0
2002-03-21,4.61,4.64,4.53,4.56,1503721.0
2002-03-22,4.56,4.57,4.5,4.52,797276.0
2002-03-25,4.51,4.56,4.49,4.55,431507.0
2002-03-26,4.54,4.55,4.47,4.48,623909.0
2002-03-27,4.47,4.51,4.44,4.47,499101.0
2002-03-28,4.46,4.49,4.45,4.46,529157.0
2002-03-29,4.45,4.46,4.35,4.37,1062547.0
2002-04-01,4.36,4.43,4.35,4.41,276605.0
2002-04-02,4.41,4.43,4.31,4.34,732933.0
2002-04-03,4.34,4.37,4.32,4.33,601945.0
2002-04-04,4.33,4.41,4.28,4.4,516143.0
2002-04-05,4.43,4.45,4.35,4.37,304685.0
2002-04-08,4.37,4.38,4.33,4.34,230046.0
2002-04-09,4.34,4.4,4.32,4.39,329157.0
2002-04-10,4.39,4.43,4.36,4.39,342383.0
2002-04-11,4.39,4.44,4.38,4.39,679799.0
2002-04-12,4.41,4.48,4.4,4.45,451928.0
2002-04-15,4.51,4.51,4.41,4.44,292594.0
2002-04-16,4.44,4.49,4.44,4.48,603615.0
2002-04-17,4.51,4.51,4.32,4.33,1321928.0
2002-04-18,4.34,4.36,4.26,4.27,853815.0
2002-04-19,4.27,4.27,4.21,4.25,885432.0
2002-04-22,4.22,4.27,4.21,4.24,411365.0
2002-04-23,4.24,4.24,4.16,4.16,408822.0
2002-04-24,4.16,4.21,4.12,4.13,505088.0
2002-04-25,4.11,4.18,4.11,4.16,259676.0
2002-04-26,4.16,4.23,4.15,4.22,238123.0
2002-04-29,4.24,4.34,4.24,4.26,466521.0
2002-04-30,4.28,4.29,4.21,4.24,597847.0
2002-05-08,4.26,4.28,4.22,4.25,170049.0
2002-05-09,4.22,4.27,4.22,4.22,171221.0
2002-05-10,4.23,4.23,4.18,4.18,268850.0
2002-05-13,4.17,4.18,4.15,4.15,283074.0
2002-05-14,4.15,4.28,4.13,4.16,507003.0
2002-05-15,4.18,4.18,4.13,4.14,224430.0
2002-05-16,4.13,4.14,4.09,4.1,554983.0
2002-05-17,4.09,4.17,4.07,4.11,385968.0
2002-05-20,4.1,4.1,4.04,4.04,335369.0
2002-05-21,4.17,4.17,4.09,4.11,570700.0
2002-05-22,4.11,4.16,4.1,4.1,297406.0
2002-05-23,4.21,4.21,4.11,4.13,161990.0
2002-05-24,4.1,4.13,4.06,4.09,240735.0
2002-05-27,4.1,4.14,4.09,4.12,165326.0
2002-05-28,4.13,4.17,4.11,4.12,261490.0
2002-05-29,4.13,4.15,4.06,4.08,268474.0
2002-05-30,4.09,4.11,4.06,4.09,196225.0
2002-05-31,4.1,4.12,4.08,4.1,180610.0
2002-06-03,4.09,4.1,4.04,4.09,229022.0
2002-06-04,4.09,4.1,3.99,4.04,197600.0
2002-06-05,4.04,4.04,4.0,4.03,222475.0
2002-06-06,4.03,4.16,4.0,4.1,575740.0
2002-06-07,4.08,4.12,4.06,4.09,362216.0
2002-06-10,4.1,4.11,4.04,4.06,183253.0
2002-06-11,4.07,4.1,4.06,4.08,153920.0
2002-06-12,4.08,4.12,4.05,4.12,208220.0
2002-06-13,4.11,4.14,4.09,4.09,162300.0
2002-06-14,4.09,4.13,4.06,4.06,94711.0
2002-06-17,4.05,4.06,4.02,4.06,135810.0
2002-06-18,4.07,4.11,4.07,4.1,163699.0
2002-06-19,4.09,4.1,4.07,4.07,83350.0
2002-06-20,4.1,4.11,4.07,4.09,131920.0
2002-06-21,4.1,4.18,4.09,4.16,426651.0
2002-06-24,4.58,4.58,4.34,4.47,6125441.0
2002-06-26,4.37,4.38,4.29,4.32,1542300.0
2002-06-27,4.32,4.36,4.29,4.31,558178.0
2002-06-28,4.3,4.38,4.3,4.34,1076373.0
2002-07-01,4.35,4.39,4.31,4.31,432000.0
2002-07-02,4.31,4.31,4.29,4.31,393507.0
2002-07-03,4.31,4.32,4.28,4.3,533312.0
2002-07-04,4.3,4.3,4.22,4.23,666987.0
2002-07-05,4.23,4.24,4.22,4.24,681567.0
2002-07-08,4.24,4.27,4.23,4.24,319272.0
2002-07-09,4.24,4.25,4.22,4.23,352323.0
2002-07-10,4.23,4.25,4.18,4.19,462279.0
2002-07-11,4.18,4.25,4.18,4.21,235761.0
2002-07-12,4.22,4.24,4.2,4.22,158849.0
2002-07-15,4.22,4.24,4.21,4.21,130858.0
2002-07-16,4.18,4.23,4.18,4.21,231649.0
2002-07-17,4.21,4.22,4.18,4.21,134219.0
2002-07-18,4.23,4.28,4.22,4.25,589389.0
2002-07-19,4.26,4.27,4.25,4.27,251689.0
2002-07-22,4.3,4.3,4.26,4.27,610357.0
2002-07-23,4.27,4.27,4.22,4.25,290158.0
2002-07-24,4.25,4.28,4.23,4.27,466387.0
2002-07-25,4.27,4.3,4.21,4.24,170042.0
2002-07-26,4.26,4.26,4.2,4.21,155824.0
2002-07-29,4.22,4.23,4.14,4.15,255748.0
2002-07-30,4.15,4.16,4.13,4.13,344596.0
2002-07-31,4.13,4.16,4.1,4.11,257985.0
2002-08-01,4.1,4.13,4.08,4.1,200089.0
2002-08-02,4.1,4.17,4.07,4.12,125388.0
2002-08-05,4.12,4.13,4.1,4.11,107812.0
2002-08-06,4.11,4.14,4.09,4.12,209237.0
2002-08-07,4.12,4.13,4.11,4.12,135579.0
2002-08-08,4.12,4.14,4.09,4.1,126460.0
2002-08-09,4.09,4.11,4.06,4.06,249020.0
2002-08-12,4.04,4.05,4.01,4.01,225050.0
2002-08-13,4.02,4.02,3.99,4.01,170413.0
2002-08-14,4.06,4.06,4.01,4.06,247246.0
2002-08-15,4.06,4.06,4.03,4.03,125955.0
2002-08-16,4.0,4.05,3.97,4.04,224098.0
2002-08-19,4.04,4.05,4.01,4.02,110896.0
2002-08-20,4.01,4.06,4.01,4.05,237211.0
2002-08-21,4.06,4.06,4.03,4.05,169451.0
2002-08-22,4.06,4.11,4.05,4.09,422034.0
2002-08-23,4.08,4.11,4.08,4.09,243141.0
2002-08-26,4.08,4.08,4.02,4.03,263149.0
2002-08-27,4.03,4.05,4.01,4.04,258441.0
2002-08-28,4.05,4.08,4.0,4.01,376582.0
2002-08-29,4.0,4.02,3.99,4.0,289937.0
2002-08-30,4.01,4.01,3.99,3.99,188668.0
2002-09-02,3.99,4.0,3.98,3.99,234130.0
2002-09-03,3.99,4.05,3.99,4.02,227701.0
2002-09-04,4.02,4.04,3.99,4.01,178869.0
2002-09-05,4.0,4.0,3.97,3.97,289369.0
2002-09-06,3.98,3.99,3.96,3.98,185962.0
2002-09-09,3.97,3.98,3.94,3.94,261390.0
2002-09-10,3.93,3.95,3.86,3.88,805712.0
2002-09-11,3.86,3.88,3.75,3.81,984529.0
2002-09-12,3.8,3.83,3.77,3.81,171659.0
2002-09-13,3.8,3.83,3.79,3.82,107173.0
2002-09-16,3.82,3.82,3.76,3.76,392351.0
2002-09-17,3.77,3.81,3.75,3.79,261349.0
2002-09-18,3.8,3.8,3.77,3.78,161606.0
2002-09-19,3.78,3.82,3.75,3.8,365015.0
2002-09-20,3.8,3.8,3.76,3.77,137298.0
2002-09-23,3.76,3.77,3.72,3.73,212110.0
2002-09-24,3.72,3.73,3.66,3.67,714854.0
2002-09-25,3.67,3.74,3.67,3.71,355709.0
2002-09-26,3.72,3.72,3.67,3.67,216807.0
2002-09-27,3.69,3.72,3.67,3.69,150545.0
2002-10-08,3.69,3.69,3.66,3.68,358977.0
2002-10-09,3.67,3.68,3.62,3.64,245871.0
2002-10-10,3.63,3.67,3.62,3.64,108767.0
2002-10-11,3.63,3.66,3.6,3.62,121705.0
2002-10-14,3.66,3.66,3.61,3.62,109529.0
2002-10-15,3.62,3.64,3.61,3.64,206594.0
2002-10-16,3.64,3.7,3.64,3.66,226133.0
2002-10-17,3.66,3.67,3.6,3.62,156480.0
2002-10-18,3.6,3.63,3.48,3.51,463533.0
2002-10-21,3.51,3.58,3.48,3.52,164605.0
2002-10-22,3.54,3.61,3.53,3.59,210571.0
2002-10-23,3.6,3.6,3.54,3.56,108078.0
2002-10-24,3.55,3.59,3.55,3.55,97060.0
2002-10-25,3.55,3.56,3.49,3.49,236812.0
2002-10-28,3.49,3.49,3.4,3.4,447153.0
2002-10-29,3.47,3.47,3.36,3.44,319869.0
2002-10-30,3.44,3.45,3.4,3.41,203557.0
2002-10-31,3.41,3.47,3.41,3.42,281730.0
2002-11-01,3.42,3.44,3.4,3.44,147119.0
2002-11-04,3.44,3.49,3.44,3.49,199503.0
2002-11-05,3.5,3.57,3.48,3.53,348538.0
2002-11-06,3.53,3.54,3.5,3.5,162265.0
2002-11-07,3.51,3.52,3.48,3.49,241652.0
2002-11-08,3.57,3.57,3.4,3.42,271756.0
2002-11-11,3.43,3.45,3.38,3.41,188282.0
2002-11-12,3.41,3.45,3.38,3.38,239589.0
2002-11-13,3.38,3.41,3.37,3.4,195368.0
2002-11-14,3.41,3.43,3.38,3.39,168832.0
2002-11-15,3.38,3.41,3.36,3.38,234901.0
2002-11-18,3.38,3.42,3.38,3.41,194719.0
2002-11-19,3.41,3.48,3.4,3.46,321819.0
2002-11-20,3.47,3.5,3.4,3.45,957938.0
2002-11-21,3.44,3.46,3.39,3.39,401953.0
2002-11-22,3.41,3.44,3.35,3.4,242925.0
2002-11-25,3.4,3.45,3.36,3.43,398796.0
2002-11-26,3.45,3.46,3.37,3.37,205454.0
2002-11-27,3.36,3.41,3.33,3.36,332091.0
2002-11-28,3.37,3.46,3.36,3.45,249203.0
2002-12-02,3.47,3.5,3.4,3.41,585087.0
2002-12-03,3.4,3.46,3.37,3.46,310385.0
2002-12-04,3.42,3.51,3.42,3.47,415100.0
2002-12-05,3.46,3.59,3.45,3.55,1302018.0
2002-12-06,3.54,3.57,3.52,3.54,374154.0
2002-12-09,3.54,3.55,3.5,3.51,290258.0
2002-12-10,3.52,3.53,3.46,3.47,261198.0
2002-12-11,3.45,3.47,3.42,3.45,254680.0
2002-12-12,3.45,3.49,3.43,3.48,398933.0
2002-12-13,3.38,3.5,3.38,3.47,222310.0
2002-12-16,3.47,3.54,3.46,3.53,797694.0
2002-12-17,3.53,3.55,3.5,3.53,292615.0
2002-12-18,3.52,3.54,3.5,3.51,202853.0
2002-12-19,3.51,3.51,3.48,3.49,231004.0
2002-12-20,3.49,3.53,3.49,3.52,162474.0
2002-12-23,3.55,3.55,3.5,3.51,198455.0
2002-12-24,3.51,3.53,3.47,3.51,84816.0
2002-12-25,3.51,3.51,3.47,3.47,148138.0
2002-12-26,3.47,3.47,3.36,3.37,514561.0
2002-12-27,3.37,3.4,3.34,3.39,339021.0
2002-12-30,3.38,3.38,3.34,3.35,300220.0
2002-12-31,3.36,3.38,3.34,3.34,164478.0
2003-01-02,3.34,3.34,3.24,3.24,356530.0
2003-01-03,3.24,3.27,3.21,3.24,174368.0
2003-01-06,3.22,3.26,3.21,3.26,98636.0
2003-01-07,3.26,3.27,3.23,3.23,145050.0
2003-01-08,3.28,3.32,3.24,3.32,176802.0
2003-01-09,3.31,3.37,3.28,3.35,260257.0
2003-01-10,3.34,3.4,3.31,3.33,234638.0
2003-01-13,3.3,3.34,3.3,3.33,140380.0
2003-01-14,3.32,3.5,3.3,3.46,958825.0
2003-01-15,3.47,3.56,3.46,3.5,1145168.0
2003-01-16,3.51,3.56,3.49,3.55,735908.0
2003-01-17,3.56,3.56,3.5,3.5,379518.0
2003-01-20,3.49,3.49,3.44,3.48,207090.0
2003-01-21,3.48,3.54,3.47,3.48,478744.0
2003-01-22,3.47,3.47,3.45,3.45,163310.0
2003-01-23,3.45,3.47,3.45,3.45,216749.0
2003-01-24,3.45,3.47,3.45,3.46,244119.0
2003-01-27,3.45,3.53,3.45,3.51,395568.0
2003-01-28,3.51,3.54,3.5,3.52,349496.0
2003-01-29,3.52,3.54,3.51,3.52,330219.0
2003-02-10,3.52,3.52,3.47,3.49,169378.0
2003-02-11,3.46,3.5,3.46,3.49,82150.0
2003-02-12,3.5,3.53,3.47,3.52,147730.0
2003-02-13,3.52,3.54,3.49,3.49,271832.0
2003-02-14,3.49,3.54,3.49,3.52,190475.0
2003-02-17,3.5,3.53,3.48,3.48,156776.0
2003-02-18,3.48,3.49,3.46,3.47,104819.0
2003-02-19,3.47,3.49,3.47,3.48,102970.0
2003-02-20,3.49,3.51,3.48,3.5,85120.0
2003-02-21,3.48,3.49,3.43,3.46,226893.0
2003-02-24,3.47,3.47,3.44,3.45,61566.0
2003-02-25,3.45,3.53,3.45,3.52,187859.0
2003-02-26,3.53,3.55,3.5,3.5,108215.0
2003-02-27,3.51,3.54,3.48,3.51,169761.0
2003-02-28,3.52,3.52,3.49,3.51,136045.0
2003-03-03,3.52,3.6,3.52,3.59,600093.0
2003-03-04,3.59,3.6,3.55,3.57,190950.0
2003-03-05,3.57,3.67,3.55,3.65,940501.0
2003-03-06,3.66,3.66,3.58,3.6,450769.0
2003-03-07,3.61,3.62,3.57,3.58,247545.0
2003-03-10,3.59,3.59,3.52,3.53,310340.0
2003-03-11,3.52,3.53,3.48,3.51,196449.0
2003-03-12,3.51,3.53,3.49,3.52,117717.0
2003-03-13,3.52,3.57,3.52,3.53,199758.0
2003-03-14,3.52,3.53,3.5,3.52,275642.0
2003-03-17,3.51,3.51,3.47,3.49,469292.0
2003-03-18,3.49,3.5,3.43,3.45,314790.0
2003-03-19,3.41,3.45,3.39,3.4,339792.0
2003-03-20,3.41,3.46,3.4,3.41,196840.0
2003-03-21,3.41,3.47,3.41,3.46,202107.0
2003-03-24,3.46,3.47,3.43,3.45,171870.0
2003-03-25,3.44,3.45,3.4,3.41,206238.0
2003-03-26,3.41,3.47,3.34,3.37,358951.0
2003-03-27,3.37,3.44,3.33,3.43,210565.0
2003-03-28,3.43,3.44,3.41,3.41,381070.0
2003-03-31,3.41,3.43,3.41,3.41,304730.0
2003-04-01,3.42,3.44,3.41,3.44,372984.0
2003-04-02,3.43,3.47,3.43,3.45,371320.0
2003-04-03,3.46,3.47,3.44,3.45,519367.0
2003-04-04,3.45,3.45,3.4,3.41,498473.0
2003-04-07,3.41,3.41,3.36,3.37,446211.0
2003-04-08,3.37,3.37,3.32,3.36,611287.0
2003-04-09,3.35,3.41,3.32,3.41,1012377.0
2003-04-10,3.41,3.42,3.36,3.4,1078913.0
2003-04-11,3.39,3.47,3.39,3.47,2996684.0
2003-04-14,3.49,3.56,3.49,3.55,1261241.0
2003-04-15,3.55,3.56,3.49,3.53,779783.0
2003-04-16,3.53,3.59,3.46,3.47,1701715.0
2003-04-17,3.48,3.5,3.44,3.45,759887.0
2003-04-18,3.45,3.51,3.45,3.46,533932.0
2003-04-21,3.45,3.46,3.34,3.35,1130153.0
2003-04-22,3.35,3.38,3.34,3.34,513114.0
2003-04-23,3.34,3.35,3.28,3.28,581664.0
2003-04-24,3.28,3.3,3.24,3.24,974938.0
2003-04-25,3.26,3.32,3.25,3.27,700841.0
2003-04-28,3.27,3.3,3.21,3.3,784532.0
2003-04-29,3.32,3.33,3.21,3.25,984093.0
2003-04-30,3.25,3.34,3.24,3.3,1349930.0
2003-05-12,3.3,3.33,3.27,3.27,735120.0
2003-05-13,3.28,3.28,3.1,3.1,1523540.0
2003-05-14,3.11,3.15,3.09,3.12,934222.0
2003-05-15,3.13,3.22,3.12,3.22,1041706.0
2003-05-16,3.22,3.23,3.16,3.2,965805.0
2003-05-19,3.21,3.32,3.21,3.28,1289908.0
2003-05-20,3.28,3.28,3.23,3.24,514816.0
2003-05-21,3.24,3.29,3.24,3.24,316358.0
2003-05-22,3.23,3.28,3.22,3.26,309946.0
2003-05-23,3.26,3.27,3.21,3.24,688996.0
2003-05-26,3.24,3.29,3.24,3.25,998501.0
2003-05-27,3.26,3.27,3.23,3.26,362268.0
2003-05-28,3.28,3.38,3.26,3.3,961797.0
2003-05-29,3.29,3.36,3.28,3.33,515602.0
2003-05-30,3.37,3.44,3.33,3.43,1818094.0
2003-06-02,3.44,3.44,3.38,3.41,625851.0
2003-06-03,3.41,3.43,3.36,3.37,553665.0
2003-06-04,3.36,3.38,3.32,3.35,399590.0
2003-06-05,3.35,3.41,3.34,3.35,679898.0
2003-06-06,3.35,3.35,3.3,3.33,359633.0
2003-06-09,3.32,3.34,3.3,3.32,243618.0
2003-06-10,3.32,3.36,3.32,3.34,162842.0
2003-06-11,3.34,3.36,3.34,3.36,301825.0
2003-06-13,3.36,3.39,3.35,3.36,320027.0
2003-06-16,3.36,3.36,3.32,3.32,201265.0
2003-06-17,3.32,3.33,3.28,3.3,299430.0
2003-06-18,3.3,3.34,3.27,3.28,318483.0
2003-06-19,3.28,3.31,3.24,3.26,326009.0
2003-06-20,3.27,3.3,3.26,3.28,167090.0
2003-06-23,3.28,3.38,3.27,3.33,781120.0
2003-06-24,3.33,3.35,3.32,3.34,169436.0
2003-06-25,3.34,3.4,3.32,3.34,420470.0
2003-06-26,3.34,3.36,3.25,3.3,447705.0
2003-06-27,3.3,3.33,3.26,3.27,271970.0
2003-06-30,3.28,3.29,3.27,3.27,352014.0
2003-07-01,3.26,3.32,3.26,3.31,488577.0
2003-07-02,3.3,3.3,3.28,3.29,133689.0
2003-07-03,3.29,3.31,3.26,3.28,287867.0
2003-07-04,3.28,3.29,3.27,3.28,219720.0
2003-07-07,3.28,3.29,3.25,3.26,166992.0
2003-07-08,3.27,3.3,3.27,3.3,227232.0
2003-07-09,3.3,3.3,3.27,3.28,148399.0
2003-07-10,3.3,3.37,3.28,3.36,628810.0
2003-07-11,3.37,3.39,3.35,3.37,576371.0
2003-07-14,3.41,3.49,3.37,3.46,867430.0
2003-07-15,3.44,3.52,3.43,3.47,666082.0
2003-07-16,3.47,3.52,3.47,3.49,779619.0
2003-07-17,3.5,3.56,3.49,3.52,997825.0
2003-07-18,3.52,3.53,3.42,3.43,962967.0
2003-07-21,3.42,3.46,3.39,3.44,711248.0
2003-07-22,3.43,3.48,3.43,3.46,310943.0
2003-07-23,3.46,3.48,3.43,3.46,559227.0
2003-07-24,3.46,3.46,3.43,3.44,145051.0
2003-07-25,3.44,3.44,3.36,3.39,287594.0
2003-07-28,3.39,3.4,3.37,3.38,188548.0
2003-07-29,3.39,3.41,3.37,3.4,130378.0
2003-07-30,3.43,3.43,3.37,3.39,273090.0
2003-07-31,3.39,3.39,3.33,3.36,224938.0
2003-08-01,3.34,3.36,3.31,3.33,325583.0
2003-08-04,3.31,3.33,3.28,3.33,270968.0
2003-08-05,3.33,3.36,3.31,3.35,193039.0
2003-08-06,3.35,3.37,3.33,3.37,228444.0
2003-08-07,3.34,3.36,3.33,3.35,75057.0
2003-08-08,3.33,3.35,3.3,3.31,186507.0
2003-08-11,3.29,3.31,3.29,3.3,99632.0
2003-08-12,3.31,3.36,3.31,3.34,75207.0
2003-08-13,3.33,3.34,3.33,3.34,180270.0
2003-08-14,3.31,3.34,3.31,3.31,190650.0
2003-08-15,3.31,3.33,3.31,3.31,92840.0
2003-08-18,3.31,3.32,3.3,3.31,89030.0
2003-08-19,3.3,3.33,3.3,3.31,114097.0
2003-08-20,3.31,3.31,3.28,3.29,86875.0
2003-08-21,3.29,3.31,3.05,3.23,455128.0
2003-08-22,3.23,3.26,3.16,3.17,386467.0
2003-08-25,3.14,3.15,3.1,3.1,234532.0
2003-08-26,3.1,3.12,3.1,3.1,100100.0
2003-08-27,3.1,3.34,3.1,3.18,424621.0
2003-08-28,3.14,3.19,3.13,3.15,144678.0
2003-08-29,3.16,3.17,3.1,3.13,275200.0
2003-09-01,3.15,3.18,3.1,3.18,495174.0
2003-09-02,3.17,3.27,3.17,3.21,720637.0
2003-09-03,3.21,3.24,3.18,3.21,116140.0
2003-09-04,3.21,3.23,3.18,3.18,124451.0
2003-09-05,3.18,3.18,3.05,3.12,581204.0
2003-09-08,3.1,3.12,3.08,3.11,181364.0
2003-09-09,3.11,3.12,3.05,3.11,356254.0
2003-09-10,3.11,3.18,3.07,3.11,204150.0
2003-09-11,3.11,3.12,3.1,3.1,100995.0
2003-09-12,3.1,3.1,3.07,3.08,280319.0
2003-09-15,3.08,3.1,3.05,3.07,264887.0
2003-09-16,3.07,3.1,3.03,3.07,181172.0
2003-09-17,3.09,3.1,3.05,3.05,678865.0
2003-09-18,3.04,3.06,3.04,3.05,119568.0
2003-09-19,3.04,3.07,3.04,3.05,383015.0
2003-09-22,3.07,3.07,3.02,3.03,118686.0
2003-09-23,3.04,3.05,3.01,3.03,95552.0
2003-09-24,3.08,3.08,3.04,3.08,228521.0
2003-09-25,3.08,3.08,3.04,3.08,213830.0
2003-09-26,3.08,3.11,3.05,3.08,265450.0
2003-09-29,3.07,3.08,3.06,3.07,188806.0
2003-09-30,3.07,3.11,3.07,3.09,144327.0
2003-10-08,3.07,3.09,3.05,3.09,85201.0
2003-10-09,3.08,3.1,3.07,3.08,113520.0
2003-10-10,3.07,3.15,3.06,3.14,133710.0
2003-10-13,3.14,3.15,3.11,3.15,161982.0
2003-10-14,3.14,3.16,3.11,3.15,179218.0
2003-10-15,3.16,3.18,3.14,3.15,116127.0
2003-10-16,3.15,3.16,3.11,3.12,149039.0
2003-10-17,3.12,3.12,3.1,3.1,82288.0
2003-10-20,3.11,3.12,3.1,3.1,92842.0
2003-10-21,3.11,3.13,3.1,3.11,66391.0
2003-10-22,3.12,3.18,3.12,3.17,216321.0
2003-10-23,3.17,3.18,3.15,3.15,225161.0
2003-10-24,3.14,3.15,3.12,3.12,97100.0
2003-10-27,3.12,3.12,3.07,3.08,365566.0
2003-10-28,3.08,3.15,3.08,3.1,298328.0
2003-10-29,3.1,3.2,3.1,3.2,708496.0
2003-10-30,3.21,3.24,3.17,3.21,930982.0
2003-10-31,3.27,3.27,3.2,3.25,578462.0
2003-11-03,3.3,3.32,3.25,3.31,487826.0
2003-11-04,3.31,3.43,3.31,3.39,1538786.0
2003-11-05,3.38,3.47,3.36,3.43,1731226.0
2003-11-06,3.44,3.44,3.39,3.41,627370.0
2003-11-07,3.39,3.4,3.3,3.33,749701.0
2003-11-10,3.34,3.37,3.31,3.35,276093.0
2003-11-11,3.35,3.39,3.34,3.38,260167.0
2003-11-12,3.34,3.39,3.34,3.34,296058.0
2003-11-13,3.34,3.36,3.3,3.32,210393.0
2003-11-14,3.31,3.35,3.29,3.34,227357.0
2003-11-17,3.35,3.36,3.33,3.34,180028.0
2003-11-18,3.34,3.34,3.3,3.31,244993.0
2003-11-19,3.31,3.34,3.29,3.34,314682.0
2003-11-20,3.32,3.37,3.31,3.35,498785.0
2003-11-21,3.4,3.4,3.33,3.34,182592.0
2003-11-24,3.35,3.39,3.31,3.38,249784.0
2003-11-25,3.39,3.39,3.34,3.37,334901.0
2003-11-26,3.34,3.38,3.33,3.37,340195.0
2003-11-27,3.36,3.41,3.33,3.35,584705.0
2003-11-28,3.36,3.36,3.32,3.34,310480.0
2003-12-01,3.39,3.39,3.32,3.34,876473.0
2003-12-02,3.37,3.38,3.34,3.37,694387.0
2003-12-03,3.38,3.46,3.37,3.42,1357229.0
2003-12-04,3.42,3.44,3.39,3.4,816032.0
2003-12-05,3.4,3.47,3.39,3.47,2033561.0
2003-12-08,3.47,3.47,3.43,3.44,353292.0
2003-12-09,3.44,3.45,3.41,3.42,379646.0
2003-12-10,3.46,3.46,3.42,3.45,536001.0
2003-12-11,3.45,3.46,3.42,3.42,464016.0
2003-12-12,3.42,3.43,3.41,3.42,193225.0
2003-12-15,3.42,3.44,3.4,3.43,186242.0
2003-12-16,3.43,3.44,3.37,3.42,333216.0
2003-12-17,3.43,3.53,3.43,3.49,828265.0
2003-12-18,3.49,3.53,3.46,3.52,570803.0
2003-12-19,3.53,3.53,3.46,3.49,582724.0
2003-12-22,3.49,3.56,3.44,3.55,625396.0
2003-12-23,3.55,3.61,3.53,3.58,1033364.0
2003-12-24,3.59,3.67,3.56,3.67,704315.0
2003-12-25,3.67,3.68,3.63,3.64,743141.0
2003-12-26,3.63,3.7,3.62,3.67,515311.0
2003-12-30,3.66,3.73,3.61,3.71,413823.0
2003-12-31,3.71,3.71,3.67,3.69,551077.0
2004-01-02,3.63,3.7,3.63,3.66,651376.0
2004-01-05,3.65,3.84,3.65,3.84,853975.0
2004-01-06,3.85,3.95,3.85,3.92,946736.0
2004-01-07,3.9,3.95,3.83,3.92,1133619.0
2004-01-08,3.92,3.99,3.91,3.98,860742.0
2004-01-09,4.0,4.0,3.79,3.81,882159.0
2004-01-12,3.78,3.87,3.75,3.86,649072.0
2004-01-13,3.89,4.02,3.89,4.01,1342121.0
2004-01-14,4.01,4.24,3.98,4.2,2509574.0
2004-01-15,4.14,4.2,4.07,4.11,1017093.0
2004-01-16,4.09,4.19,4.07,4.14,740755.0
2004-01-29,4.07,4.22,4.07,4.21,535372.0
2004-01-30,4.21,4.22,4.08,4.09,778523.0
2004-02-02,4.14,4.27,4.11,4.2,3130494.0
2004-02-03,4.21,4.24,4.17,4.21,812768.0
2004-02-04,4.21,4.24,4.19,4.21,864639.0
2004-02-05,4.2,4.21,4.08,4.1,925663.0
2004-02-06,4.07,4.16,4.02,4.04,1292587.0
2004-02-09,4.05,4.13,4.02,4.09,577836.0
2004-02-10,4.1,4.11,4.03,4.04,289139.0
2004-02-11,4.07,4.07,3.98,4.01,448803.0
2004-02-12,4.02,4.1,4.0,4.02,223103.0
2004-02-13,4.03,4.08,4.01,4.05,253139.0
2004-02-16,4.05,4.17,4.05,4.16,408151.0
2004-02-17,4.18,4.18,4.14,4.15,723631.0
2004-02-18,4.15,4.28,4.1,4.23,970385.0
2004-02-19,4.23,4.24,4.17,4.19,615535.0
2004-02-20,4.16,4.2,4.13,4.18,325602.0
2004-02-23,4.21,4.21,4.06,4.07,423426.0
2004-02-24,4.05,4.13,4.01,4.1,824540.0
2004-02-25,4.11,4.18,3.97,3.97,559568.0
2004-02-26,3.98,4.11,3.95,4.11,1031348.0
2004-02-27,4.11,4.13,4.03,4.13,443137.0
2004-03-01,4.12,4.15,4.07,4.15,293833.0
2004-03-02,4.1,4.56,4.1,4.52,2518762.0
2004-03-03,4.53,4.59,4.42,4.46,2466123.0
2004-03-04,4.44,4.48,4.4,4.44,571829.0
2004-03-05,4.45,4.53,4.4,4.45,411731.0
2004-03-08,4.45,4.51,4.32,4.37,632755.0
2004-03-09,4.37,4.4,4.32,4.35,449214.0
2004-03-10,4.32,4.42,4.32,4.41,311677.0
2004-03-11,4.36,4.49,4.36,4.49,696695.0
2004-03-12,4.65,4.84,4.59,4.75,3785209.0
2004-03-15,4.74,4.87,4.71,4.86,1898572.0
2004-03-16,4.86,5.15,4.81,5.07,3095761.0
2004-03-17,5.06,5.12,4.99,5.07,1341120.0
2004-03-18,5.07,5.13,5.04,5.08,1570380.0
2004-03-19,5.07,5.13,5.03,5.07,1474395.0
2004-03-22,5.09,5.11,5.01,5.02,1020625.0
2004-03-23,4.99,5.01,4.87,4.91,1390974.0
2004-03-24,4.9,5.12,4.88,5.09,1329574.0
2004-03-25,5.06,5.12,4.93,4.95,1493138.0
2004-03-26,5.01,5.07,4.82,5.05,1741546.0
2004-03-29,5.05,5.17,4.97,4.98,1128175.0
2004-03-30,4.97,5.06,4.95,5.05,587654.0
2004-03-31,5.04,5.12,5.03,5.09,731013.0
2004-04-01,5.06,5.16,5.06,5.14,850421.0
2004-04-02,5.14,5.3,5.14,5.27,1881821.0
2004-04-05,5.28,5.44,5.28,5.41,1863134.0
2004-04-06,5.44,5.44,5.36,5.41,713567.0
2004-04-07,5.41,5.68,5.41,5.65,1869220.0
2004-04-08,5.65,5.89,5.63,5.88,1591324.0
2004-04-09,5.88,5.88,5.69,5.7,3432280.0
2004-04-12,5.65,5.74,5.57,5.63,1027224.0
2004-04-13,5.65,5.73,5.61,5.69,1552441.0
2004-04-14,5.65,5.67,5.46,5.54,1554383.0
2004-04-15,5.52,5.61,5.49,5.52,595863.0
2004-04-16,5.5,5.59,5.44,5.52,449778.0
2004-04-19,5.52,5.52,5.35,5.36,589701.0
2004-04-20,5.35,5.45,5.28,5.41,770592.0
2004-04-21,5.43,5.45,5.26,5.32,399419.0
2004-04-22,5.3,5.35,5.26,5.32,825244.0
2004-04-23,5.29,5.35,5.26,5.34,806507.0
2004-04-26,5.31,5.43,5.29,5.41,660339.0
2004-04-27,5.41,5.67,5.41,5.51,2059748.0
2004-04-28,5.51,5.51,5.39,5.46,559678.0
2004-04-29,5.59,5.64,5.16,5.33,1738326.0
2004-04-30,5.27,5.45,5.23,5.44,1296166.0
2004-05-10,5.42,5.44,5.17,5.27,800364.0
2004-05-11,5.2,5.35,5.2,5.24,673423.0
2004-05-12,5.23,5.36,5.23,5.35,868446.0
2004-05-13,5.3,5.49,5.3,5.49,1472022.0
2004-05-14,5.51,5.52,5.35,5.44,602882.0
2004-05-17,5.42,5.42,5.28,5.34,338903.0
2004-05-18,5.34,5.41,5.09,5.26,1938338.0
2004-05-19,5.3,5.39,5.24,5.32,480010.0
2004-05-20,5.29,5.33,5.26,5.3,249530.0
2004-05-21,5.3,5.33,5.2,5.29,129100.0
2004-05-24,5.28,5.3,5.22,5.23,156303.0
2004-05-25,5.22,5.3,5.2,5.21,514661.0
2004-05-26,5.21,5.25,5.18,5.24,277641.0
2004-05-27,5.32,5.37,5.23,5.3,375869.0
2004-05-28,5.29,5.37,5.28,5.36,195159.0
2004-06-01,5.36,5.44,5.36,5.44,363771.0
2004-06-02,5.44,5.44,5.35,5.35,238130.0
2004-06-03,5.36,5.42,5.3,5.35,78244.0
2004-06-04,5.26,5.36,5.24,5.27,207044.0
2004-06-07,5.24,5.3,5.22,5.28,245352.0
2004-06-08,5.23,5.3,5.22,5.28,335716.0
2004-06-09,5.23,5.29,5.2,5.23,472471.0
2004-06-10,5.23,5.28,4.95,4.98,2441416.0
2004-06-11,4.95,5.1,4.95,5.02,923677.0
2004-06-14,4.98,4.99,4.82,4.85,1193222.0
2004-06-15,4.84,4.89,4.71,4.88,2148447.0
2004-06-16,4.87,5.03,4.84,5.01,662343.0
2004-06-17,5.01,5.01,4.77,4.81,1481615.0
2004-06-18,4.8,4.85,4.68,4.84,1167068.0
2004-06-21,4.77,4.88,4.75,4.87,103422.0
2004-06-22,4.88,4.94,4.87,4.94,125447.0
2004-06-23,4.93,4.93,4.8,4.83,59593.0
2004-06-24,4.83,4.91,4.82,4.83,124164.0
2004-06-25,4.86,5.04,4.81,4.91,369681.0
2004-06-28,4.87,5.0,4.87,4.96,308020.0
2004-06-29,4.96,4.98,4.91,4.95,689080.0
2004-06-30,4.95,4.97,4.8,4.92,410281.0
2004-07-01,4.77,5.11,4.77,5.1,278162.0
2004-07-02,5.11,5.2,5.03,5.2,287337.0
2004-07-05,5.15,5.41,5.15,5.4,520229.0
2004-07-06,5.43,5.6,5.38,5.38,1635940.0
2004-07-07,5.37,5.53,5.28,5.5,1324498.0
2004-07-08,5.52,5.53,5.43,5.45,235799.0
2004-07-09,5.42,5.51,5.42,5.43,163563.0
2004-07-12,5.43,5.5,5.36,5.46,432808.0
2004-07-13,5.43,5.62,5.43,5.61,641932.0
2004-07-14,5.6,5.64,5.53,5.63,447865.0
2004-07-15,5.63,5.84,5.63,5.83,2818618.0
2004-07-16,5.84,5.88,5.72,5.83,587664.0
2004-07-19,5.83,5.87,5.71,5.82,850801.0
2004-07-20,5.8,5.82,5.72,5.81,786877.0
2004-07-21,5.81,5.89,5.75,5.88,753375.0
2004-07-22,5.87,6.07,5.83,5.87,2793623.0
2004-07-23,5.81,6.0,5.79,6.0,1055181.0
2004-07-26,6.02,6.02,5.77,5.87,661689.0
2004-07-27,5.89,5.89,5.67,5.68,1111274.0
2004-07-28,5.84,5.84,5.49,5.62,884660.0
2004-07-29,5.59,5.66,5.53,5.65,341364.0
2004-07-30,5.62,5.79,5.62,5.73,249072.0
2004-08-02,5.73,5.78,5.62,5.67,732758.0
2004-08-03,5.62,5.71,5.59,5.6,776010.0
2004-08-04,5.56,5.72,5.55,5.7,474149.0
2004-08-05,5.68,5.68,5.59,5.63,216903.0
2004-08-06,5.6,5.7,5.55,5.68,265717.0
2004-08-09,5.63,5.71,5.63,5.71,245738.0
2004-08-10,5.66,5.76,5.65,5.75,260996.0
2004-08-11,5.72,5.74,5.68,5.71,104278.0
2004-08-12,5.63,5.74,5.63,5.74,281838.0
2004-08-13,5.7,5.75,5.66,5.74,371948.0
2004-08-16,5.7,5.74,5.69,5.69,178329.0
2004-08-17,5.68,5.74,5.64,5.72,197053.0
2004-08-18,5.76,5.78,5.7,5.74,551093.0
2004-08-19,5.72,5.76,5.68,5.7,588962.0
2004-08-20,5.7,5.76,5.68,5.71,563068.0
2004-08-23,5.68,5.68,5.56,5.57,573309.0
2004-08-24,5.53,5.6,5.53,5.59,285989.0
2004-08-25,5.62,5.63,5.55,5.62,163089.0
2004-08-26,5.57,5.64,5.57,5.63,216110.0
2004-08-27,5.62,5.65,5.59,5.62,132490.0
2004-08-30,5.57,5.6,5.49,5.52,349173.0
2004-08-31,5.58,5.7,5.51,5.56,241383.0
2004-09-01,5.54,5.54,5.45,5.46,379803.0
2004-09-02,5.43,5.47,5.32,5.47,439983.0
2004-09-03,5.43,5.47,5.36,5.46,272964.0
2004-09-06,5.4,5.49,5.4,5.47,232713.0
2004-09-07,5.52,5.55,5.49,5.53,263540.0
2004-09-08,5.54,5.64,5.53,5.63,469634.0
2004-09-09,5.63,5.72,5.59,5.65,1020881.0
2004-09-10,5.64,5.68,5.59,5.66,220635.0
2004-09-13,5.66,5.66,5.53,5.6,324288.0
2004-09-14,5.6,5.72,5.53,5.69,612594.0
2004-09-15,5.68,5.95,5.65,5.94,1140958.0
2004-09-16,5.93,6.1,5.91,6.03,1147161.0
2004-09-17,6.06,6.18,5.93,6.16,1319689.0
2004-09-20,6.2,6.29,6.14,6.23,1202166.0
2004-09-21,6.12,6.29,6.12,6.16,837413.0
2004-09-22,6.11,6.19,6.11,6.13,434812.0
2004-09-23,6.12,6.39,6.12,6.37,1766748.0
2004-09-24,6.4,6.84,6.4,6.57,3098137.0
2004-09-27,6.66,6.86,6.58,6.66,606663.0
2004-09-28,6.65,6.86,6.63,6.82,674055.0
2004-09-29,6.82,6.9,6.75,6.77,1362842.0
2004-09-30,6.77,6.88,6.59,6.86,736647.0
2004-10-08,6.76,6.97,6.67,6.96,966784.0
2004-10-11,6.97,7.27,6.97,7.09,1019776.0
2004-10-12,7.03,7.03,6.79,6.87,745222.0
2004-10-13,6.81,6.85,6.69,6.8,664517.0
2004-10-14,6.81,7.03,6.71,6.74,647914.0
2004-10-15,6.67,6.86,6.61,6.74,512154.0
2004-10-18,6.73,6.73,6.6,6.64,233687.0
2004-10-19,6.63,6.9,6.61,6.86,1058364.0
2004-10-20,6.86,7.15,6.83,6.99,1593384.0
2004-10-21,6.97,7.15,6.82,7.07,599603.0
2004-10-22,7.06,7.51,7.05,7.46,1816145.0
2004-10-25,7.53,7.68,7.46,7.52,1560178.0
2004-10-26,7.47,7.6,7.38,7.59,497347.0
2004-10-27,7.59,7.74,7.5,7.51,1187804.0
2004-10-28,7.45,7.56,7.36,7.43,933820.0
2004-10-29,7.25,7.49,7.25,7.43,1436314.0
2004-11-01,7.35,7.54,7.34,7.51,367318.0
2004-11-02,7.43,7.45,7.26,7.45,335602.0
2004-11-03,7.43,7.47,7.32,7.42,761586.0
2004-11-04,7.36,7.43,7.27,7.3,678567.0
2004-11-05,7.25,7.25,6.86,6.96,2599409.0
2004-11-08,6.96,7.05,6.87,7.05,358553.0
2004-11-09,7.11,7.3,7.04,7.3,731479.0
2004-11-10,7.24,7.59,7.24,7.52,1128862.0
2004-11-11,7.51,7.59,7.4,7.4,833013.0
2004-11-12,7.37,7.45,7.29,7.34,566794.0
2004-11-15,7.34,7.4,7.17,7.39,894776.0
2004-11-16,7.34,7.39,7.24,7.24,329847.0
2004-11-17,7.24,7.28,7.19,7.24,803272.0
2004-11-18,7.24,7.29,7.16,7.24,262416.0
2004-11-19,7.25,7.25,7.19,7.23,319634.0
2004-11-22,7.21,7.22,7.07,7.13,642908.0
2004-11-23,7.1,7.17,7.01,7.03,615590.0
2004-11-24,7.01,7.09,6.96,6.97,429206.0
2004-11-25,6.94,7.26,6.94,7.17,592414.0
2004-11-26,7.17,7.24,7.11,7.17,197401.0
2004-11-29,7.18,7.35,7.17,7.26,544253.0
2004-11-30,7.12,7.24,7.05,7.06,161830.0
2004-12-01,7.15,7.15,7.01,7.05,78490.0
2004-12-02,7.09,7.09,6.96,7.05,398528.0
2004-12-03,7.01,7.07,6.98,7.0,62624.0
2004-12-06,7.05,7.05,6.96,6.99,111117.0
2004-12-07,6.96,7.07,6.96,7.01,189908.0
2004-12-08,7.05,7.09,6.96,7.02,1029083.0
2004-12-09,7.02,7.15,6.97,6.97,1134904.0
2004-12-10,6.99,7.05,6.98,7.05,89703.0
2004-12-13,6.98,7.09,6.98,7.07,220832.0
2004-12-14,7.05,7.07,7.01,7.01,124544.0
2004-12-15,6.97,7.07,6.96,6.96,1096973.0
2004-12-16,6.96,7.03,6.92,7.01,1150003.0
2004-12-17,6.96,6.97,6.88,6.9,104903.0
2004-12-20,6.86,6.96,6.64,6.65,245930.0
2004-12-21,6.67,6.75,6.61,6.62,219868.0
2004-12-22,6.61,6.74,6.52,6.73,316854.0
2004-12-23,6.73,6.82,6.71,6.71,688348.0
2004-12-24,6.67,6.83,6.67,6.77,446959.0
2004-12-27,6.77,6.88,6.77,6.86,157084.0
2004-12-28,6.77,7.04,6.77,6.99,292412.0
2004-12-29,7.05,7.14,6.99,7.11,565478.0
2004-12-30,7.03,7.1,6.93,7.02,334500.0
2004-12-31,7.0,7.19,6.88,6.98,586990.0
2005-01-04,6.94,7.01,6.86,6.95,234881.0
2005-01-05,6.94,7.11,6.91,7.1,613933.0
2005-01-06,7.05,7.07,6.96,6.98,552372.0
2005-01-07,6.96,7.09,6.96,7.03,300274.0
2005-01-10,7.03,7.3,7.03,7.29,1071811.0
2005-01-11,7.29,7.36,7.28,7.3,500356.0
2005-01-12,7.3,7.33,7.22,7.32,338903.0
2005-01-13,7.26,7.41,7.26,7.36,288383.0
2005-01-14,7.33,7.38,7.19,7.23,333847.0
2005-01-17,7.14,7.28,7.07,7.22,181239.0
2005-01-18,7.22,7.34,7.19,7.34,263820.0
2005-01-19,7.24,7.41,7.22,7.23,265200.0
2005-01-20,7.21,7.24,7.15,7.23,97405.0
2005-01-21,7.17,7.24,6.96,7.22,317736.0
2005-01-24,7.23,7.36,7.18,7.29,417340.0
2005-01-25,7.34,7.53,7.27,7.51,581665.0
2005-01-26,7.52,7.59,7.43,7.51,373498.0
2005-01-27,7.45,7.52,7.45,7.48,102162.0
2005-01-28,7.48,7.48,7.36,7.45,134123.0
2005-01-31,7.36,7.51,7.36,7.5,116507.0
2005-02-01,7.43,7.49,7.37,7.43,400260.0
2005-02-02,7.42,7.62,7.42,7.6,537817.0
2005-02-03,7.6,7.6,7.43,7.5,444264.0
2005-02-04,7.51,7.6,7.43,7.56,400838.0
2005-02-16,7.62,7.62,7.55,7.59,444063.0
2005-02-17,7.62,7.62,7.4,7.44,1159168.0
2005-02-18,7.41,7.49,7.41,7.48,959549.0
2005-02-21,7.49,7.72,7.49,7.68,1062998.0
2005-02-22,7.68,7.72,7.62,7.7,562902.0
2005-02-23,7.72,7.91,7.66,7.9,564706.0
2005-02-24,7.87,8.23,7.82,8.2,944726.0
2005-02-25,8.24,8.24,8.11,8.19,599053.0
2005-02-28,8.19,8.44,8.14,8.29,448344.0
2005-03-01,8.37,8.37,8.16,8.29,550609.0
2005-03-02,8.17,8.27,8.1,8.1,1139674.0
2005-03-03,8.06,8.19,8.04,8.15,342985.0
2005-03-04,8.09,8.27,8.09,8.23,436496.0
2005-03-07,8.24,8.58,8.24,8.51,1022284.0
2005-03-08,8.58,8.65,8.45,8.63,658554.0
2005-03-09,8.69,8.92,8.63,8.78,471303.0
2005-03-10,8.96,8.96,8.44,8.7,472621.0
2005-03-11,8.69,8.92,8.52,8.84,936231.0
2005-03-14,8.73,9.32,8.69,9.02,1037897.0
2005-03-15,9.02,9.06,8.88,8.94,578303.0
2005-03-16,8.86,8.96,8.76,8.94,682964.0
2005-03-17,8.9,9.2,8.81,9.05,501569.0
2005-03-18,9.05,9.07,8.86,8.99,240549.0
2005-03-21,8.96,9.04,8.77,8.96,270126.0
2005-03-22,8.96,9.41,8.92,9.3,1225920.0
2005-03-23,9.32,9.57,9.29,9.35,1255123.0
2005-03-24,9.34,9.37,8.86,8.96,916267.0
2005-03-25,8.96,9.13,8.81,9.01,232946.0
2005-03-28,9.02,9.41,8.96,9.36,242851.0
2005-03-29,9.36,9.51,9.15,9.17,244856.0
2005-03-30,9.15,9.15,8.98,9.03,248040.0
2005-03-31,8.96,9.19,8.92,9.17,150718.0
2005-04-01,9.16,9.55,9.15,9.33,341085.0
2005-04-04,9.33,9.55,9.24,9.52,542751.0
2005-04-05,9.57,9.72,9.47,9.52,490233.0
2005-04-06,9.56,9.78,9.45,9.75,567488.0
2005-04-07,9.76,10.01,9.53,9.55,1243752.0
2005-04-08,9.55,9.55,9.21,9.51,450513.0
2005-04-11,9.49,9.49,9.09,9.19,912619.0
2005-04-12,9.19,9.21,9.03,9.07,199491.0
2005-04-13,9.21,9.41,9.15,9.32,868912.0
2005-04-14,9.32,9.37,9.17,9.34,191460.0
2005-04-15,9.44,9.44,9.24,9.3,163559.0
2005-04-18,9.28,9.28,9.06,9.07,295745.0
2005-04-19,9.05,9.11,8.84,8.86,780795.0
2005-04-20,8.86,8.96,8.83,8.93,535762.0
2005-04-21,8.88,9.24,8.86,9.2,280896.0
2005-04-22,9.21,9.29,9.13,9.17,352043.0
2005-04-25,9.36,10.01,9.27,9.91,1270437.0
2005-04-26,9.91,10.2,9.87,9.96,1360923.0
2005-04-27,9.89,10.13,9.88,10.07,747270.0
2005-04-28,10.07,10.2,9.96,10.1,852121.0
2005-04-29,9.97,10.13,9.91,10.1,682503.0
2005-05-09,10.01,10.09,9.78,9.82,765575.0
2005-05-10,9.72,9.78,9.49,9.66,644694.0
2005-05-11,9.66,9.66,9.38,9.41,678491.0
2005-05-12,9.24,9.62,9.16,9.32,1425051.0
2005-05-13,9.25,9.51,9.15,9.29,1507669.0
2005-05-16,9.24,9.4,9.18,9.32,259641.0
2005-05-17,9.34,9.55,9.32,9.46,772452.0
2005-05-18,9.51,9.51,8.87,9.15,967809.0
2005-05-19,9.15,9.46,8.97,9.37,512332.0
2005-05-20,9.34,9.56,9.34,9.37,584502.0
2005-05-23,9.34,9.51,9.15,9.22,261457.0
2005-05-24,9.22,9.27,9.16,9.18,137917.0
2005-05-25,9.16,9.17,9.07,9.11,320833.0
2005-05-26,9.13,9.15,8.73,8.78,1063427.0
2005-05-27,8.67,8.75,8.42,8.54,1594979.0
2005-05-30,8.39,8.62,8.26,8.52,903473.0
2005-05-31,8.51,8.62,8.44,8.5,1187976.0
2005-06-01,8.5,8.58,8.3,8.52,865843.0
2005-06-02,8.48,8.48,7.72,7.83,2529774.0
2005-06-03,7.72,8.1,7.55,8.04,714669.0
2005-06-06,7.97,8.54,7.88,8.51,421356.0
2005-06-07,8.57,8.81,8.51,8.62,598946.0
2005-06-08,8.54,9.48,8.54,9.42,1103910.0
2005-06-09,9.4,9.57,9.15,9.21,777000.0
2005-06-10,9.17,9.32,8.88,8.96,416509.0
2005-06-13,8.99,9.15,8.87,9.0,706973.0
2005-06-14,8.96,9.24,8.96,9.09,727149.0
2005-06-15,8.98,9.15,8.98,9.08,159677.0
2005-06-16,9.09,9.25,9.05,9.24,593153.0
2005-06-17,9.24,9.34,9.08,9.24,326299.0
2005-06-20,9.34,10.12,9.24,9.87,1236889.0
2005-06-21,9.81,9.91,9.64,9.69,259792.0
2005-06-22,9.68,10.01,9.68,9.97,612174.0
2005-06-23,9.97,10.02,9.85,9.93,527645.0
2005-06-24,9.85,10.03,9.36,10.01,615049.0
2005-06-27,10.06,10.47,9.99,10.46,1082423.0
2005-06-28,10.29,10.39,10.11,10.18,376636.0
2005-06-30,10.1,10.36,10.1,10.23,1277817.0
2005-07-01,10.48,10.48,9.76,9.98,610431.0
2005-07-04,9.91,10.06,9.82,9.97,301851.0
2005-07-05,9.91,9.91,9.83,9.91,224838.0
2005-07-06,9.86,9.91,9.53,9.59,631676.0
2005-07-07,9.53,9.71,9.47,9.63,578532.0
2005-07-08,9.56,9.95,9.56,9.89,693076.0
2005-07-11,9.91,10.12,9.87,9.9,656277.0
2005-07-12,9.89,10.24,9.77,10.2,571243.0
2005-07-13,10.18,10.19,9.63,10.01,385796.0
2005-07-14,9.91,10.1,9.91,10.08,201266.0
2005-07-15,10.01,10.16,10.01,10.1,100290.0
2005-07-18,10.09,10.14,10.02,10.05,156407.0
2005-07-19,10.04,10.17,10.03,10.09,132540.0
2005-07-20,10.09,10.1,9.9,9.93,301229.0
2005-07-21,9.93,10.02,9.78,9.91,253682.0
2005-07-22,9.91,10.08,9.83,9.93,609596.0
2005-07-25,9.91,9.97,9.74,9.79,696189.0
2005-07-26,9.72,9.93,9.72,9.87,800824.0
2005-07-27,9.97,10.14,9.91,10.08,536982.0
2005-07-28,10.08,10.19,10.01,10.16,859252.0
2005-07-29,10.11,10.2,10.1,10.13,242518.0
2005-08-01,10.15,10.26,10.1,10.21,384030.0
2005-08-02,10.2,10.24,10.06,10.18,426287.0
2005-08-03,10.14,10.24,10.1,10.22,818421.0
2005-08-04,10.23,10.64,10.23,10.58,1056044.0
2005-08-05,10.77,10.95,10.62,10.77,636516.0
2005-08-08,10.78,10.84,10.34,10.64,854555.0
2005-08-09,10.62,10.62,10.41,10.49,584198.0
2005-08-10,10.41,10.73,10.41,10.66,580027.0
2005-08-11,10.62,10.94,10.62,10.93,1359360.0
2005-08-12,10.93,10.94,10.7,10.85,471545.0
2005-08-15,10.82,11.22,10.62,11.08,702040.0
2005-08-16,11.08,11.08,10.83,10.96,575151.0
2005-08-17,11.47,12.06,10.73,11.27,1250674.0
2005-08-18,11.43,11.49,10.85,10.87,1098909.0
2005-08-19,10.82,10.95,10.77,10.87,497271.0
2005-08-22,10.84,11.04,10.73,10.96,692987.0
2005-08-23,10.89,11.09,10.89,11.08,478600.0
2005-08-24,11.08,11.13,10.98,11.07,321412.0
2005-08-25,11.07,11.1,10.99,11.07,354008.0
2005-08-26,11.01,11.25,11.01,11.18,458241.0
2005-08-29,11.19,11.28,11.17,11.24,512830.0
2005-08-30,11.22,11.28,11.1,11.17,245326.0
2005-08-31,11.1,11.31,11.08,11.28,239434.0
2005-09-01,11.25,11.61,11.25,11.54,548726.0
2005-09-02,11.49,11.81,11.49,11.67,499816.0
2005-09-05,11.66,11.91,11.66,11.76,391058.0
2005-09-06,11.76,11.84,11.54,11.56,319483.0
2005-09-07,11.56,11.69,11.54,11.67,518627.0
2005-09-08,11.67,11.67,11.47,11.55,630752.0
2005-09-09,11.55,11.55,11.31,11.49,425447.0
2005-09-12,11.49,11.49,11.27,11.45,159547.0
2005-09-13,11.38,11.73,11.38,11.72,490115.0
2005-09-14,11.7,11.82,11.56,11.74,329947.0
2005-09-15,11.72,11.85,11.62,11.71,174066.0
2005-09-16,11.69,11.81,11.69,11.76,321733.0
2005-09-19,11.68,11.86,11.63,11.65,204025.0
2005-09-20,11.67,11.67,11.59,11.65,179522.0
2005-09-21,11.56,11.68,11.42,11.47,294927.0
2005-09-22,11.4,11.54,11.12,11.32,335826.0
2005-09-23,11.28,11.42,11.16,11.29,306446.0
2005-09-26,11.3,11.39,11.19,11.21,176660.0
2005-09-27,11.21,11.25,11.11,11.14,170921.0
2005-09-28,11.08,11.31,11.08,11.26,233695.0
2005-09-29,11.3,11.49,11.27,11.47,208496.0
2005-09-30,11.47,11.47,11.19,11.42,332415.0
2005-10-10,11.33,11.47,11.22,11.23,264795.0
2005-10-11,11.19,11.3,11.13,11.27,135909.0
2005-10-12,11.31,11.31,10.95,10.97,832795.0
2005-10-13,10.98,11.06,10.78,10.87,1090753.0
2005-10-14,10.84,10.95,10.46,10.51,494258.0
2005-10-17,10.42,10.73,10.36,10.55,946838.0
2005-10-18,10.55,10.83,10.55,10.83,964218.0
2005-10-19,10.87,10.95,10.73,10.83,792451.0
2005-10-20,10.78,10.87,10.63,10.67,572162.0
2005-10-21,10.64,10.72,10.62,10.69,339538.0
2005-10-24,10.66,10.88,10.66,10.86,444467.0
2005-10-25,10.92,11.03,10.92,11.0,1159486.0
2005-10-26,10.99,11.02,10.92,10.98,963579.0
2005-10-27,10.97,10.97,10.74,10.84,974815.0
2005-10-28,10.84,11.1,10.84,10.98,698231.0
2005-10-31,10.96,11.26,10.87,11.12,668572.0
2005-11-01,11.17,11.21,11.04,11.15,854288.0
2005-11-02,11.08,11.21,10.98,11.12,276609.0
2005-11-03,11.17,11.18,10.89,10.9,253970.0
2005-11-04,10.9,10.99,10.71,10.91,489562.0
2005-11-07,10.74,10.85,10.71,10.83,247517.0
2005-11-08,10.83,10.86,10.82,10.83,607730.0
2005-11-09,10.89,10.96,10.74,10.78,602073.0
2005-11-10,10.83,10.83,10.65,10.76,395013.0
2005-11-11,10.67,10.77,10.62,10.71,292691.0
2005-11-14,10.63,10.69,10.51,10.53,216289.0
2005-11-15,10.56,10.59,10.48,10.48,776760.0
2005-11-16,10.47,10.61,10.39,10.59,724856.0
2005-11-17,10.57,10.59,9.97,10.38,1100802.0
2005-11-18,10.39,10.57,10.16,10.46,694123.0
2005-11-21,10.39,10.56,10.34,10.54,457517.0
2005-11-22,10.49,10.75,10.27,10.65,353881.0
2005-11-23,10.55,10.71,10.53,10.68,137141.0
2005-11-24,10.62,10.62,10.39,10.47,1088295.0
2005-11-25,10.41,10.53,10.36,10.51,391387.0
2005-11-28,10.5,10.54,10.27,10.49,152378.0
2005-11-29,10.49,10.54,9.93,10.25,248880.0
2005-11-30,10.16,10.19,9.9,10.1,650820.0
2005-12-01,10.04,10.12,9.97,9.99,535424.0
2005-12-02,9.99,10.34,9.99,10.28,963383.0
2005-12-05,10.28,10.31,10.07,10.2,275743.0
2005-12-06,10.09,10.19,10.04,10.1,1491667.0
2005-12-07,10.04,10.19,10.04,10.1,430998.0
2005-12-08,10.05,10.16,10.05,10.06,365778.0
2005-12-09,10.09,10.09,9.88,9.9,1546206.0
2005-12-12,9.88,9.88,9.61,9.62,1510220.0
2005-12-13,9.63,9.68,9.35,9.55,2041441.0
2005-12-14,9.48,9.88,9.47,9.81,1797593.0
2005-12-15,9.82,9.9,9.7,9.89,593465.0
2005-12-16,9.88,10.08,9.81,10.03,667061.0
2005-12-19,10.04,10.17,9.98,10.12,470267.0
2005-12-20,10.17,10.17,9.93,10.01,454042.0
2005-12-21,9.95,10.06,9.86,9.92,495917.0
2005-12-22,9.85,10.06,9.81,9.98,334067.0
2005-12-23,9.9,10.2,9.9,10.17,629183.0
2005-12-26,10.2,10.27,10.11,10.2,699235.0
2005-12-27,10.23,10.38,10.19,10.37,729017.0
2005-12-28,10.38,10.5,10.33,10.5,625035.0
2005-12-29,10.5,10.8,10.5,10.8,1567435.0
2005-12-30,10.73,10.74,10.36,10.53,3664756.0
2006-01-04,10.48,10.48,10.18,10.22,3550713.0
2006-01-05,10.2,10.46,10.18,10.33,1699230.0
2006-01-06,10.34,10.49,10.24,10.44,1716230.0
2006-01-09,10.47,10.92,10.46,10.8,2077080.0
2006-01-10,10.85,10.98,10.74,10.84,1745682.0
2006-01-11,10.84,10.99,10.74,10.75,831515.0
2006-01-12,10.71,10.86,10.64,10.85,998972.0
2006-01-13,10.85,11.15,10.73,10.96,993688.0
2006-01-16,11.03,11.06,10.74,10.74,773084.0
2006-01-17,10.62,10.76,10.57,10.63,1382470.0
2006-01-18,10.62,10.84,10.62,10.65,970685.0
2006-01-19,10.8,10.8,10.56,10.64,728303.0
2006-01-20,10.64,10.7,10.47,10.61,1421637.0
2006-01-23,10.62,10.62,10.36,10.39,1328642.0
2006-01-24,10.39,10.68,10.39,10.5,1145289.0
2006-01-25,10.53,10.96,10.46,10.9,1573073.0
2006-02-06,10.98,11.01,10.73,10.94,1569141.0
2006-02-07,10.94,11.54,10.88,11.54,2866581.0
2006-02-08,11.46,11.56,11.28,11.5,2226437.0
2006-02-09,11.48,11.54,11.15,11.19,777030.0
2006-02-10,11.17,12.23,11.1,12.12,3187395.0
2006-02-13,13.34,13.34,13.34,13.34,1696600.0
2006-02-15,13.73,13.73,13.11,13.41,2899655.0
2006-02-16,13.31,13.85,13.23,13.54,1897750.0
2006-02-17,13.54,13.59,13.42,13.45,890782.0
2006-02-20,13.34,13.41,12.97,13.25,1084398.0
2006-02-21,13.13,13.51,13.13,13.51,1023900.0
2006-02-22,13.47,13.62,13.39,13.55,1033510.0
2006-02-23,13.55,14.43,13.45,14.37,1173027.0
2006-04-17,15.81,15.81,15.81,15.81,23810.0
2006-04-18,17.39,17.39,17.39,17.39,32444.0
2006-04-19,19.13,19.13,18.95,19.13,4396751.0
2006-04-20,20.77,20.77,18.48,19.4,5561501.0
2006-04-21,19.34,20.89,19.16,20.53,3188609.0
2006-04-24,20.66,21.19,20.15,20.57,3624898.0
2006-04-25,20.54,21.51,20.22,21.1,3970465.0
2006-05-25,24.45,25.54,20.7,21.51,19811697.0
2006-05-26,21.46,21.75,20.47,21.73,9180196.0
2006-05-29,21.74,23.9,21.74,23.9,8068362.0
2006-05-30,25.59,26.29,24.78,26.29,13875854.0
2006-05-31,26.33,28.2,25.47,26.09,15173103.0
2006-06-01,26.09,27.22,25.53,26.9,9033167.0
2006-06-02,26.9,26.9,25.32,25.6,7310473.0
2006-06-05,25.32,25.32,23.8,24.38,6874756.0
2006-06-06,24.03,24.03,23.37,23.39,5664197.0
2006-06-07,23.13,23.9,22.66,22.84,7100113.0
2006-06-08,22.73,23.41,22.28,23.21,5845435.0
2006-06-09,23.21,23.47,22.55,23.15,5841082.0
2006-06-12,22.82,24.56,22.55,24.5,7134449.0
2006-06-13,24.5,25.63,24.5,24.96,7482948.0
2006-06-14,24.72,25.65,23.64,25.43,6223384.0
2006-06-15,25.42,26.19,24.94,25.21,5131147.0
2006-06-16,25.21,25.7,25.1,25.4,4008029.0
2006-06-19,25.27,26.94,24.83,26.37,7630589.0
2006-06-20,26.16,26.55,25.92,26.27,3760892.0
2006-06-21,26.27,26.35,25.4,25.72,3632394.0
2006-06-22,25.54,25.8,25.38,25.41,2365379.0
2006-06-23,25.27,25.7,25.16,25.36,2792408.0
2006-06-26,25.38,26.27,25.38,25.93,4786959.0
2006-06-27,26.01,26.95,25.98,26.6,5146617.0
2006-06-28,26.55,26.55,25.86,26.0,2680057.0
2006-06-29,26.03,26.35,25.86,26.14,3719105.0
2006-06-30,26.22,26.49,25.43,25.78,3903278.0
2006-07-03,25.77,25.77,25.2,25.43,4828774.0
2006-07-04,25.27,25.57,24.81,25.54,5250666.0
2006-07-05,25.65,25.65,25.1,25.29,1557263.0
2006-07-06,25.27,25.59,25.05,25.36,2205560.0
2006-07-07,25.39,25.53,24.95,24.99,2802363.0
2006-07-10,24.93,24.93,24.37,24.47,2769775.0
2006-07-11,24.45,24.7,24.23,24.32,2721409.0
2006-07-12,24.29,24.32,23.66,23.9,3312513.0
2006-07-13,23.77,24.67,23.52,24.27,3942420.0
2006-07-14,24.02,24.32,23.7,24.22,1834374.0
2006-07-17,24.07,24.75,23.83,24.38,2568418.0
2006-07-18,24.35,24.38,23.92,24.08,1539232.0
2006-07-19,24.02,24.13,23.31,23.62,3132698.0
2006-07-20,23.6,24.12,23.3,24.07,1937201.0
2006-07-21,24.04,24.18,23.91,24.14,1075971.0
2006-07-24,23.96,25.47,23.8,25.11,4052541.0
2006-07-25,25.11,25.54,24.83,25.44,3254213.0
2006-07-26,25.44,25.54,24.91,25.27,1740430.0
2006-07-27,25.21,25.42,24.89,25.09,2451514.0
2006-07-28,25.0,25.04,24.59,24.72,2288646.0
2006-07-31,24.66,24.67,23.91,23.91,1594807.0
2006-08-01,23.91,24.45,23.85,24.31,1316838.0
2006-08-02,24.29,24.45,23.84,23.95,886022.0
2006-08-03,23.96,24.21,23.2,23.35,1665548.0
2006-08-04,23.37,23.57,22.82,23.2,1479341.0
2006-08-07,22.96,23.58,22.32,23.02,1414235.0
2006-08-08,22.82,23.5,22.82,23.48,777176.0
2006-08-09,23.5,24.07,23.37,23.83,1028841.0
2006-08-10,23.83,24.12,23.83,23.91,1310561.0
2006-08-11,23.95,24.18,23.94,23.95,724713.0
2006-08-14,23.95,24.06,23.47,23.81,1117366.0
2006-08-15,23.66,24.01,23.64,23.97,639825.0
2006-08-16,23.96,24.5,23.91,24.45,899888.0
2006-08-17,24.5,24.5,23.58,24.04,1092965.0
2006-08-18,23.85,24.16,23.67,23.98,338123.0
2006-08-21,23.35,24.02,23.28,24.0,729321.0
2006-08-22,23.91,24.64,23.91,24.56,1110875.0
2006-08-23,23.8,24.28,23.8,24.14,2105623.0
2006-08-24,23.91,24.13,23.84,23.97,1257407.0
2006-08-25,23.97,24.23,23.8,23.93,747487.0
2006-08-28,23.86,24.01,23.58,23.83,2557259.0
2006-08-29,23.89,25.11,23.89,24.81,3785440.0
2006-08-30,24.59,24.89,24.34,24.44,969292.0
2006-08-31,24.45,24.71,24.34,24.58,1235848.0
2006-09-01,24.64,24.65,24.39,24.49,1087394.0
2006-09-04,24.33,24.6,24.33,24.52,590376.0
2006-09-05,24.46,24.58,24.35,24.42,1235476.0
2006-09-06,24.4,24.7,24.34,24.52,1138069.0
2006-09-07,24.44,24.53,24.12,24.45,1051862.0
2006-09-08,24.18,24.4,24.0,24.16,589062.0
2006-09-11,24.02,24.13,23.85,23.98,830299.0
2006-09-12,23.98,23.98,23.75,23.8,1939305.0
2006-09-13,23.81,24.05,23.81,23.84,1842146.0
2006-09-14,23.91,25.07,23.47,25.05,6336687.0
2006-09-15,25.05,25.42,24.51,24.91,2924397.0
2006-09-18,24.93,25.05,24.6,24.9,3408476.0
2006-09-19,24.81,25.4,24.7,25.22,2999252.0
2006-09-20,25.15,25.71,25.04,25.53,2244246.0
2006-09-21,25.54,25.62,25.43,25.43,1631283.0
2006-09-22,25.41,25.54,25.05,25.44,1242597.0
2006-09-25,25.19,25.62,25.19,25.39,1047525.0
2006-09-26,25.36,25.36,24.97,24.98,1178972.0
2006-09-27,24.94,25.19,24.81,25.06,805218.0
2006-09-28,25.0,25.51,24.84,25.44,1677920.0
2006-09-29,25.43,26.02,25.27,25.77,2275622.0
2006-10-09,26.09,27.88,26.09,27.64,3797012.0
2006-10-10,27.98,28.53,27.44,27.57,2412448.0
2006-10-11,27.53,27.71,26.9,27.03,1211797.0
2006-10-12,27.03,27.31,26.67,26.97,1428689.0
2006-10-13,26.97,27.06,26.47,26.63,1489803.0
2006-10-16,26.63,26.63,25.43,25.76,3807675.0
2006-10-17,25.76,26.3,25.46,26.16,1537044.0
2006-10-18,26.08,27.28,25.81,27.07,2387883.0
2006-10-19,26.98,27.44,26.64,27.17,1661115.0
2006-10-20,27.15,27.25,26.94,26.95,1209540.0
2006-10-23,26.73,27.9,26.73,27.71,3899875.0
2006-10-24,27.74,28.57,27.6,28.34,2670912.0
2006-10-25,28.64,30.36,28.36,29.98,4747608.0
2006-10-26,29.89,30.08,29.34,29.89,2042850.0
2006-10-27,29.88,29.88,29.29,29.35,1479145.0
2006-10-30,29.34,29.53,28.96,29.36,1236943.0
2006-10-31,29.36,30.05,29.02,29.34,1126683.0
2006-11-01,29.13,29.34,28.79,28.91,1276204.0
2006-11-02,28.86,29.77,28.45,29.76,2331900.0
2006-11-03,29.88,30.15,29.18,29.76,1387640.0
2006-11-06,29.37,31.08,29.34,30.48,2674004.0
2006-11-07,30.48,30.92,30.16,30.32,2132645.0
2006-11-08,30.16,31.24,29.89,30.87,2534830.0
2006-11-09,30.73,31.08,30.49,31.06,1596243.0
2006-11-10,30.95,32.0,30.76,31.3,3315329.0
2006-11-13,31.24,31.24,30.37,30.92,2831549.0
2006-11-14,30.78,32.68,30.78,32.55,3130677.0
2006-11-15,32.86,34.23,32.39,33.6,3403376.0
2006-11-16,33.62,36.4,33.61,35.15,4862857.0
2006-11-17,35.31,35.59,34.23,35.08,3834146.0
2006-11-20,34.52,35.75,34.52,35.1,2706049.0
2006-11-21,35.13,35.17,33.69,34.3,3024121.0
2006-11-22,34.29,34.88,33.61,34.47,2890047.0
2006-11-23,34.24,35.05,34.24,34.48,1254785.0
2006-11-24,34.46,34.93,33.91,34.72,2349589.0
2006-11-27,34.72,35.68,34.66,34.94,1649849.0
2006-11-28,34.88,35.31,34.12,34.13,2832241.0
2006-11-29,33.69,35.94,33.11,35.0,2675401.0
2006-11-30,35.17,37.59,35.17,36.81,2101203.0
2006-12-01,36.81,38.96,36.81,37.49,4041469.0
2006-12-04,37.63,38.54,36.84,37.55,2688658.0
2006-12-05,37.44,38.73,37.38,38.08,3811783.0
2006-12-06,38.04,38.04,36.35,37.51,3749300.0
2006-12-07,37.23,38.09,37.23,37.79,2185538.0
2006-12-08,37.49,37.98,36.95,37.52,2206889.0
2006-12-11,37.0,39.39,37.0,39.29,2675430.0
2006-12-12,39.6,39.93,38.8,39.03,1176703.0
2006-12-13,39.28,39.36,38.4,38.74,3341653.0
2006-12-14,39.01,42.05,38.74,41.86,3762824.0
2006-12-15,41.84,43.45,41.31,43.0,2369730.0
2006-12-18,42.92,47.09,42.92,46.95,3523829.0
2006-12-19,46.95,48.25,45.58,45.91,3803816.0
2006-12-20,45.63,46.68,45.38,45.81,2519590.0
2006-12-21,45.81,46.46,44.83,45.09,3030146.0
2006-12-22,44.83,45.48,43.46,43.92,3043946.0
2006-12-25,44.05,45.74,44.05,45.21,2495441.0
2006-12-27,45.76,46.95,45.75,46.45,1985302.0
2006-12-28,46.62,46.73,45.37,46.45,2928105.0
2006-12-29,46.45,50.05,45.95,47.72,8297549.0
2007-01-04,48.91,49.0,46.46,46.64,4466467.0
2007-01-05,46.07,47.11,45.26,46.88,2780501.0
2007-01-08,46.89,47.06,45.58,46.11,4892359.0
2007-01-09,46.13,48.9,45.97,48.25,2830001.0
2007-01-10,48.36,49.17,47.6,48.34,2823940.0
2007-01-11,48.36,50.63,48.09,49.99,3748280.0
2007-01-12,49.94,52.82,48.9,52.69,3640208.0
2007-01-15,52.73,55.42,52.73,54.13,3067052.0
2007-01-16,53.99,54.76,52.32,53.1,3503970.0
2007-01-17,53.03,55.97,52.18,53.32,2591604.0
2007-01-18,53.25,57.32,52.71,57.17,3064535.0
2007-01-19,57.17,60.8,57.17,59.42,2225551.0
2007-01-22,59.83,63.03,59.77,61.51,2552122.0
2007-01-23,61.84,62.38,56.57,57.21,4178280.0
2007-01-24,57.33,61.4,57.33,59.65,1940422.0
2007-01-25,58.41,60.29,57.76,58.89,4484815.0
2007-01-26,58.14,59.74,53.25,59.17,3584570.0
2007-01-29,58.58,61.4,57.65,58.41,1856036.0
2007-01-30,57.99,60.37,57.86,59.64,2656109.0
2007-01-31,58.58,59.77,55.42,56.09,3326784.0
2007-02-01,54.33,57.58,54.07,57.05,2590975.0
2007-02-02,56.5,56.95,54.34,54.88,1498880.0
2007-02-05,54.88,54.88,52.56,52.71,1983799.0
2007-02-06,51.63,52.65,48.63,52.03,3952256.0
2007-02-07,51.72,54.33,51.63,52.96,1797622.0
2007-02-08,52.65,53.78,50.81,52.14,1837314.0
2007-02-09,51.72,52.48,50.53,51.17,1226217.0
2007-02-12,50.97,53.66,50.64,52.71,1251133.0
2007-02-13,53.19,54.25,52.71,54.23,1876710.0
2007-02-14,54.65,55.42,53.25,54.1,1561447.0
2007-02-15,54.69,57.04,54.34,56.08,1680518.0
2007-02-16,56.93,57.05,54.1,54.43,2507162.0
2007-02-26,54.23,54.23,52.17,52.72,1532146.0
2007-02-27,52.44,52.44,47.45,47.62,3186695.0
2007-03-01,52.38,52.38,50.47,52.38,4458245.0
2007-03-02,52.71,54.88,52.14,53.14,3477066.0
2007-03-05,53.2,53.2,51.51,51.57,2180501.0
2007-03-06,51.08,54.96,50.53,54.39,2435058.0
2007-03-07,55.04,56.21,54.34,55.13,2642534.0
2007-03-08,54.83,55.42,53.85,55.13,1380763.0
2007-03-09,54.39,55.69,53.85,54.34,1618595.0
2007-03-12,54.23,54.34,53.59,54.23,1944399.0
2007-03-13,53.77,54.23,52.18,53.47,1908052.0
2007-03-14,52.71,53.25,51.78,52.18,2160027.0
2007-03-15,51.62,53.25,51.62,52.94,2097319.0
2007-03-16,53.14,53.25,51.68,53.04,1463493.0
2007-03-19,51.63,53.37,51.51,52.91,2595161.0
2007-03-20,52.89,52.98,51.32,51.41,2118752.0
2007-03-21,51.43,52.33,49.78,51.08,2828956.0
2007-03-22,51.19,51.56,49.99,51.34,3139702.0
2007-03-23,50.81,51.68,50.1,51.62,3027938.0
2007-03-26,51.51,51.57,50.91,51.09,2265620.0
2007-03-27,50.95,51.08,49.91,50.42,3719764.0
2007-03-28,50.46,51.0,49.45,50.58,3492636.0
2007-03-29,50.63,52.43,50.14,52.37,4941537.0
2007-03-30,52.48,52.52,50.64,51.35,3098507.0
2007-04-02,51.62,51.63,49.94,51.02,2825719.0
2007-04-03,51.02,51.95,50.05,51.56,4280091.0
2007-04-04,51.62,53.25,51.62,52.89,4080726.0
2007-04-05,52.64,52.64,51.47,51.81,3746014.0
2007-04-06,51.4,51.63,50.81,51.08,2761536.0
2007-04-09,51.38,52.49,50.48,51.62,6283418.0
2007-04-10,51.74,52.05,51.13,51.29,6304682.0
2007-04-11,51.59,51.59,50.48,51.01,5382825.0
2007-04-12,50.91,54.39,50.52,53.71,7645857.0
2007-04-13,53.79,57.26,52.71,55.94,8478318.0
2007-04-16,55.37,56.48,54.61,55.28,3781242.0
2007-04-17,55.42,56.21,52.71,53.63,4461885.0
2007-04-18,53.63,53.63,51.89,52.48,4878084.0
2007-04-19,52.0,52.16,49.66,50.43,3988171.0
2007-04-20,50.53,51.89,50.48,51.39,4151694.0
2007-04-23,51.39,52.06,50.53,51.94,4748675.0
2007-04-24,52.12,52.15,50.81,51.34,3947857.0
2007-04-25,51.34,52.6,50.86,52.16,3782234.0
2007-04-26,52.21,53.51,51.62,52.89,3369828.0
2007-04-27,52.86,52.88,50.87,50.96,2647491.0
2007-04-30,50.53,52.91,50.29,51.85,4355729.0
2007-05-08,52.49,53.2,51.91,52.44,4602697.0
2007-05-09,52.44,52.44,48.85,49.99,15177660.0
2007-05-14,50.86,54.76,50.09,51.29,13187045.0
2007-05-15,51.34,51.34,49.37,49.41,7103792.0
2007-05-16,49.39,51.4,49.28,50.85,5043288.0
2007-05-17,50.72,54.36,50.71,53.81,9518160.0
2007-05-18,53.41,54.94,52.71,53.48,5183691.0
2007-05-21,51.79,53.89,51.15,52.51,4150822.0
2007-05-22,52.22,52.44,51.18,51.53,5990195.0
2007-05-23,51.43,53.79,51.43,52.69,4033890.0
2007-05-24,52.96,54.13,52.51,54.0,5579895.0
2007-05-25,54.35,59.4,54.35,57.81,8310533.0
2007-05-28,57.87,60.45,57.86,59.94,5551105.0
2007-05-29,60.04,62.71,58.85,59.35,4294511.0
2007-05-30,56.51,59.22,54.23,55.41,7290654.0
2007-06-01,59.23,60.95,58.79,60.01,6966650.0
2007-06-04,60.14,62.6,56.24,57.4,5694906.0
2007-06-05,55.97,58.14,51.66,57.64,5294878.0
2007-06-06,57.05,59.23,55.44,57.33,3138434.0
2007-06-07,57.34,58.41,56.61,57.41,5337084.0
2007-06-08,58.03,58.41,57.05,58.09,3581908.0
2007-06-11,58.47,63.9,58.12,63.9,5409546.0
2007-06-12,65.2,66.56,62.52,65.44,4419028.0
2007-06-13,64.93,67.08,64.12,65.13,3868378.0
2007-06-14,64.55,70.64,64.28,68.01,3488110.0
2007-06-15,67.36,68.57,67.27,68.4,1489786.0
2007-06-18,68.73,71.42,67.98,68.99,2172221.0
2007-06-19,68.24,69.01,66.29,67.05,2794684.0
2007-06-20,66.57,69.0,65.86,67.07,1917026.0
2007-06-21,66.07,67.8,65.75,67.29,1940141.0
2007-06-22,67.31,68.14,64.66,65.66,1785337.0
2007-06-25,65.26,67.66,64.39,64.71,3275657.0
2007-06-26,64.6,65.75,62.8,65.32,1227169.0
2007-06-27,65.86,67.72,64.77,67.65,2376647.0
2007-06-28,67.87,68.19,66.04,66.23,2621217.0
2007-06-29,64.93,67.08,64.2,65.03,1549939.0
2007-07-02,64.66,65.21,62.49,64.7,1960022.0
2007-07-03,64.77,64.93,63.03,64.24,1100903.0
2007-07-04,64.24,64.88,63.15,63.64,1155694.0
2007-07-05,63.03,64.12,61.46,61.96,1704363.0
2007-07-06,61.73,64.15,61.73,64.05,1559604.0
2007-07-09,64.23,65.59,63.85,65.29,1164344.0
2007-07-10,65.21,65.21,63.58,64.12,979370.0
2007-07-11,63.58,63.58,62.38,62.94,1212996.0
2007-07-12,63.03,63.29,61.89,62.15,1473914.0
2007-07-13,62.34,63.14,62.28,62.59,916686.0
2007-07-16,62.86,62.86,60.81,60.84,1074733.0
2007-07-17,60.8,62.98,59.76,62.94,1506588.0
2007-07-18,62.23,63.97,61.23,63.46,1135686.0
2007-07-19,62.92,65.1,62.87,64.92,1474677.0
2007-07-20,64.46,65.88,63.97,65.57,1429446.0
2007-07-23,66.04,69.25,65.09,68.59,1909284.0
2007-07-24,68.67,68.89,67.19,67.5,1310379.0
2007-07-25,66.97,67.79,66.43,66.69,1524167.0
2007-07-26,67.18,68.34,66.81,67.27,1305304.0
2007-07-27,65.91,66.97,65.07,65.33,1631215.0
2007-07-30,65.33,68.67,65.18,68.01,2787699.0
2007-07-31,67.73,71.07,67.37,70.57,2716592.0
2007-08-01,70.53,71.07,68.35,68.9,1996605.0
2007-08-02,69.16,71.89,69.16,71.02,2052129.0
2007-08-03,71.01,76.04,70.89,75.5,3410698.0
2007-08-06,75.52,76.54,74.37,75.49,1746992.0
2007-08-07,75.48,75.98,74.61,75.73,2387426.0
2007-08-08,75.73,79.81,74.22,75.91,1294506.0
2007-08-09,77.96,80.02,76.54,79.05,1547505.0
2007-08-10,78.82,79.55,75.99,76.52,2384176.0
2007-08-13,76.53,76.53,72.91,75.3,1914059.0
2007-08-14,74.35,75.45,73.38,74.86,1614446.0
2007-08-15,74.85,76.81,73.53,74.35,2351953.0
2007-08-16,73.54,75.45,71.89,73.81,2130630.0
2007-08-17,74.45,77.19,73.54,73.9,2416437.0
2007-08-20,74.96,79.17,74.96,78.45,1875135.0
2007-08-21,78.47,82.01,78.47,80.94,1881098.0
2007-08-22,79.82,85.73,79.55,84.87,2619515.0
2007-08-23,84.86,88.13,84.2,87.45,1926367.0
2007-08-24,87.42,88.56,85.29,85.92,2063017.0
2007-08-27,85.84,87.46,84.74,84.78,2082282.0
2007-08-28,84.2,85.29,83.7,84.08,1720550.0
2007-08-29,83.53,86.09,83.1,83.98,1199701.0
2007-08-30,84.14,85.17,83.89,84.74,919487.0
2007-08-31,84.74,87.53,84.2,87.44,1000740.0
2007-09-03,87.97,89.33,87.2,87.38,1874914.0
2007-09-04,87.26,87.26,82.56,83.54,4722008.0
2007-09-05,83.61,84.71,81.23,83.0,2287969.0
2007-09-06,83.1,83.1,81.41,82.0,2752558.0
2007-09-07,82.0,82.0,78.67,78.98,3301169.0
2007-09-10,76.68,78.9,76.68,77.69,4080208.0
2007-09-11,77.63,80.08,77.63,78.62,2586608.0
2007-09-12,78.18,79.82,76.72,78.58,1219184.0
2007-09-13,78.73,79.0,77.09,78.64,2116570.0
2007-09-14,78.73,82.01,77.49,81.13,3662580.0
2007-09-17,80.92,83.64,79.69,83.09,3881924.0
2007-09-18,83.21,83.21,79.21,80.08,1483666.0
2007-09-19,79.33,79.55,76.42,77.36,2901321.0
2007-09-20,77.48,79.74,77.48,79.29,1290305.0
2007-09-21,79.31,79.54,77.53,79.19,1278793.0
2007-09-24,78.73,79.71,76.82,77.36,3170462.0
2007-09-25,77.34,78.35,75.77,77.04,3024982.0
2007-09-26,76.0,80.64,76.0,79.65,3095959.0
2007-09-27,79.64,80.64,77.94,79.87,1271470.0
2007-09-28,79.81,83.43,79.56,82.27,2693713.0
2007-10-08,82.85,84.64,80.37,80.45,2339280.0
2007-10-09,80.1,88.02,80.1,86.8,3771099.0
2007-10-10,87.86,92.07,85.84,89.92,2265111.0
2007-10-11,90.12,96.77,89.94,94.73,3055829.0
2007-10-12,95.73,98.63,91.85,97.76,2600908.0
2007-10-15,96.28,106.06,96.28,103.1,2090812.0
2007-10-16,103.33,103.33,99.02,101.16,2109353.0
2007-10-17,100.6,100.6,98.96,99.5,1470772.0
2007-10-18,97.69,99.5,95.13,96.66,1995408.0
2007-10-19,96.5,101.69,96.5,98.5,1772868.0
2007-10-22,97.32,99.5,95.95,97.81,779737.0
2007-10-23,100.32,105.52,100.21,102.78,2229093.0
2007-10-24,102.81,108.8,92.51,104.97,2546944.0
2007-10-25,103.33,108.25,101.69,105.93,2035328.0
2007-10-26,104.28,107.16,101.21,106.63,2001033.0
2007-10-29,105.52,107.98,103.27,104.28,1107361.0
2007-10-30,104.98,106.05,100.23,102.46,1256486.0
2007-10-31,102.68,105.19,102.68,104.43,1081422.0
2007-11-01,105.24,105.24,100.54,101.05,962049.0
2007-11-02,100.05,101.03,97.32,100.64,1383580.0
2007-11-05,100.6,101.69,98.41,99.51,527930.0
2007-11-06,98.45,101.48,98.45,99.47,245919.0
2007-11-07,99.78,101.14,96.99,97.69,908571.0
2007-11-08,97.71,98.4,94.04,95.14,572311.0
2007-11-09,94.05,96.93,93.22,93.77,512665.0
2007-11-12,93.82,94.36,91.58,93.12,1522422.0
2007-11-13,94.04,100.02,94.04,97.2,2391144.0
2007-11-14,97.2,102.43,97.2,102.22,1116403.0
2007-11-15,102.28,102.28,100.16,100.6,1055782.0
2007-11-16,100.32,100.32,98.04,98.4,371566.0
2007-11-19,98.41,101.69,97.1,99.78,539734.0
2007-11-20,99.78,101.69,99.5,101.43,947292.0
2007-11-21,101.69,102.4,99.77,100.91,1241100.0
2007-11-22,99.5,100.6,97.19,97.46,772689.0
2007-11-23,97.32,98.96,94.31,95.13,769224.0
2007-11-26,97.04,98.4,95.68,98.04,865649.0
2007-11-27,97.81,100.6,96.5,99.57,1103638.0
2007-11-28,98.52,99.61,94.04,96.57,1140600.0
2007-11-29,95.69,97.86,94.3,95.94,1846321.0
2007-11-30,97.21,97.21,94.58,94.85,1427292.0
2007-12-03,94.33,95.68,94.31,95.2,851564.0
2007-12-04,95.4,97.59,95.4,96.5,900989.0
2007-12-05,96.55,101.14,96.55,100.06,992985.0
2007-12-06,101.13,101.13,99.23,100.81,527399.0
2007-12-07,101.08,106.06,101.08,105.54,1161519.0
2007-12-11,108.8,112.73,108.52,110.29,2970227.0
2007-12-12,110.11,112.73,109.32,110.33,2528187.0
2007-12-13,109.34,111.26,107.7,109.61,1743749.0
2007-12-14,108.8,119.12,107.72,118.09,1600346.0
2007-12-17,117.6,123.01,113.17,115.36,1745132.0
2007-12-18,113.23,113.23,108.26,109.89,1850765.0
2007-12-19,111.42,112.57,107.7,110.96,1393365.0
2007-12-20,112.52,112.76,109.37,111.41,690341.0
2007-12-21,111.53,116.12,111.53,115.38,951587.0
2007-12-24,118.03,118.07,114.25,114.47,2120379.0
2007-12-25,114.47,119.39,114.47,118.37,1715678.0
2007-12-26,118.08,122.19,117.57,121.38,1459384.0
2007-12-27,121.37,123.18,118.75,122.93,2190698.0
2007-12-28,121.15,125.8,119.06,125.75,2662799.0
2008-01-02,124.11,125.17,120.83,121.38,1908575.0
2008-01-03,121.54,124.11,115.79,117.08,2979946.0
2008-01-04,115.91,118.14,113.72,117.68,3330368.0
2008-01-07,117.81,119.73,114.79,116.09,3040917.0
2008-01-08,115.36,118.96,114.05,117.56,3221828.0
2008-01-09,115.84,118.62,115.84,117.57,1200960.0
2008-01-10,118.09,120.04,116.67,118.68,2082664.0
2008-01-11,119.19,120.2,115.91,118.1,1981108.0
2008-01-14,123.01,124.98,119.46,122.53,4292507.0
2008-01-15,122.68,126.05,122.68,124.85,2130322.0
2008-01-16,124.0,124.11,121.37,121.83,2241908.0
2008-01-17,122.19,122.19,118.09,119.19,3161352.0
2008-01-18,119.22,120.01,116.45,117.53,2041694.0
2008-01-21,117.79,118.79,113.17,115.36,2498681.0
2008-01-22,113.16,120.25,109.89,115.1,4490866.0
2008-01-23,117.05,120.44,116.26,120.34,2314633.0
2008-01-24,121.37,122.63,118.64,121.37,1848556.0
2008-01-25,121.32,123.29,118.09,119.67,1799311.0
2008-01-28,117.82,120.28,114.21,117.43,1417041.0
2008-01-29,117.46,119.19,116.45,117.8,1010703.0
2008-01-30,118.64,118.64,112.73,117.41,2933197.0
2008-01-31,115.35,116.45,112.63,112.64,1390499.0
2008-02-01,112.07,112.07,108.74,110.72,2146695.0
2008-02-04,111.87,117.35,111.53,115.89,2954633.0
2008-02-05,115.91,115.91,113.72,114.47,847830.0
2008-02-13,113.72,113.72,110.44,110.99,497172.0
2008-02-14,112.08,112.57,110.49,111.05,755616.0
2008-02-15,110.97,110.99,108.25,109.94,1281110.0
2008-02-18,110.33,113.23,110.33,113.15,1257682.0
2008-02-19,113.14,113.72,110.99,113.17,728733.0
2008-02-20,113.17,114.76,112.16,112.68,970139.0
2008-02-21,113.99,114.21,111.97,112.32,1220408.0
2008-02-22,112.08,112.88,107.7,109.67,1942193.0
2008-02-25,109.29,109.34,107.16,107.63,1121779.0
2008-02-26,108.25,109.54,101.64,102.67,3514323.0
2008-02-27,102.24,106.61,100.16,105.07,1211616.0
2008-02-28,105.07,106.06,102.8,103.88,722637.0
2008-02-29,104.15,107.15,102.84,106.61,711440.0
2008-03-03,111.59,117.27,111.59,117.27,1778317.0
2008-03-04,123.46,125.15,118.67,120.79,3789826.0
2008-03-05,120.78,123.61,118.91,120.65,1403869.0
2008-03-06,120.65,122.47,118.53,118.65,819736.0
2008-03-07,118.23,118.37,114.32,116.55,1489627.0
2008-03-10,114.81,117.56,113.28,114.59,1067285.0
2008-03-11,113.45,118.37,112.65,117.43,1137728.0
2008-03-12,119.18,119.61,113.92,116.04,611960.0
2008-03-13,108.31,117.55,104.45,116.29,1669009.0
2008-03-14,114.7,114.7,111.53,112.1,1185808.0
2008-03-17,109.36,111.52,108.52,109.73,1718918.0
2008-03-18,107.62,109.34,101.69,103.63,3022486.0
2008-03-19,103.34,106.61,102.84,104.47,1857929.0
2008-03-20,103.82,107.16,98.14,105.48,1475599.0
2008-03-21,106.23,107.7,104.53,105.89,399904.0
2008-03-24,106.06,107.35,103.66,105.14,935677.0
2008-03-25,102.78,104.96,101.69,102.22,1128782.0
2008-03-26,102.51,103.88,100.05,101.41,447511.0
2008-03-27,98.96,102.77,98.9,98.99,1892465.0
2008-03-28,99.23,102.57,98.41,102.01,671620.0
2008-03-31,101.58,103.6,100.05,102.63,1502108.0
2008-04-01,103.6,103.6,99.5,100.95,1367900.0
2008-04-02,100.6,103.33,94.04,99.82,1643103.0
2008-04-03,97.86,99.5,95.68,97.32,1341976.0
2008-04-07,96.77,101.42,95.68,101.02,2196869.0
2008-04-08,100.87,105.52,99.5,104.71,1305819.0
2008-04-09,103.17,103.88,99.97,100.3,1250713.0
2008-04-10,99.5,100.05,96.17,97.53,2040977.0
2008-04-11,97.59,97.86,95.68,96.03,2395773.0
2008-04-14,95.67,95.67,91.67,91.9,2168437.0
2008-04-15,91.3,92.12,88.3,92.06,2014840.0
2008-04-16,91.85,94.58,89.7,92.46,1563877.0
2008-04-17,93.22,95.13,90.81,92.46,1040105.0
2008-04-18,91.11,94.31,89.66,92.98,1376797.0
2008-04-21,98.41,100.05,90.77,93.79,1452256.0
2008-04-22,90.76,94.04,84.74,90.32,2212942.0
2008-04-23,88.24,94.58,85.84,93.5,1266988.0
2008-04-24,100.05,102.85,96.77,101.67,3932187.0
2008-04-25,100.6,100.6,97.21,97.22,2384507.0
2008-04-28,96.22,97.03,93.04,96.55,1277232.0
2008-04-29,94.04,97.19,94.04,96.54,614926.0
2008-04-30,96.58,101.09,96.58,100.12,1188327.0
2008-05-05,100.27,101.46,99.44,100.41,808973.0
2008-05-06,100.05,100.05,97.36,98.29,848761.0
2008-05-07,97.32,99.29,95.94,95.97,735375.0
2008-05-08,95.67,98.3,93.49,97.88,886066.0
2008-05-09,98.4,98.4,95.96,97.17,577401.0
2008-05-12,95.4,99.8,94.47,98.96,920633.0
2008-05-13,96.49,100.0,95.79,97.84,514506.0
2008-05-14,96.93,99.12,96.84,98.83,600844.0
2008-05-15,99.5,102.51,97.86,100.37,1469044.0
2008-05-16,100.05,101.69,99.53,100.02,467332.0
2008-05-19,100.02,100.02,97.9,98.42,382832.0
2008-05-20,97.37,99.07,94.58,94.63,992735.0
2008-05-21,93.82,96.77,92.94,94.93,1954296.0
2008-05-22,94.77,95.68,92.09,94.5,753639.0
2008-05-23,92.95,94.58,92.94,94.04,1289114.0
2008-05-26,92.94,94.58,92.94,94.5,735452.0
2008-05-27,93.48,95.13,92.72,92.84,1545589.0
2008-05-29,92.88,94.04,91.44,92.86,943131.0
2008-05-30,92.78,93.22,91.31,91.93,520308.0
2008-06-02,92.29,94.04,89.66,93.59,842312.0
2008-06-03,92.94,94.04,92.68,93.38,657703.0
2008-06-04,91.87,92.94,91.68,91.95,677030.0
2008-06-05,91.85,93.42,90.05,90.2,392205.0
2008-06-06,90.2,90.21,88.03,89.56,781469.0
2008-06-10,86.96,88.02,85.35,86.29,1271558.0
2008-06-11,85.74,86.38,84.2,86.1,912631.0
2008-06-12,86.1,86.1,80.59,82.67,1378990.0
2008-06-13,80.98,82.77,80.98,81.73,618634.0
2008-06-16,81.21,81.37,79.41,79.45,1021954.0
2008-06-17,78.9,78.9,77.03,78.05,1747415.0
2008-06-18,77.15,79.72,76.74,79.33,1759240.0
2008-06-19,79.61,79.61,76.97,77.23,697038.0
2008-06-20,76.97,79.93,76.53,79.12,1417752.0
2008-06-23,78.07,78.07,73.68,74.17,1540615.0
2008-06-24,71.53,75.6,70.37,75.12,2205273.0
2008-06-25,74.33,79.72,73.68,79.45,1278254.0
2008-06-26,80.55,81.37,78.35,80.02,775352.0
2008-06-27,78.29,78.98,76.43,77.11,1626046.0
2008-06-30,75.87,78.07,75.38,76.19,849792.0
2008-07-01,76.19,76.19,74.77,75.16,767765.0
2008-07-02,75.05,75.87,74.23,74.83,604580.0
2008-07-03,74.07,78.62,73.9,77.54,789510.0
2008-07-04,77.54,78.21,76.44,77.68,398205.0
2008-07-07,77.68,80.55,76.97,80.28,1251457.0
2008-07-08,80.2,81.21,78.76,79.06,1364836.0
2008-07-09,79.45,81.37,79.45,80.16,1018303.0
2008-07-10,79.72,81.0,79.34,80.3,717003.0
2008-07-11,79.73,80.7,79.17,79.45,301677.0
2008-07-14,79.71,81.1,79.06,80.88,525811.0
2008-07-15,80.88,81.47,79.62,79.9,573525.0
2008-07-16,79.61,81.5,78.62,81.17,901048.0
2008-07-17,81.21,86.76,81.21,85.32,1801551.0
2008-07-18,84.12,87.14,83.84,86.85,921966.0
2008-07-21,86.2,89.07,85.77,88.8,819227.0
2008-07-22,88.8,90.71,86.87,87.4,427627.0
2008-07-23,86.93,87.7,85.23,86.16,452493.0
2008-07-24,86.48,88.79,86.48,88.7,444681.0
2008-07-25,88.01,89.62,87.21,88.79,527951.0
2008-07-28,89.27,89.89,88.79,89.07,256285.0
2008-07-29,89.06,89.61,87.15,88.95,359419.0
2008-07-30,89.07,89.23,87.42,88.5,349929.0
2008-07-31,88.07,88.5,87.15,87.91,475142.0
2008-08-01,87.31,88.52,86.14,87.44,323571.0
2008-08-04,86.43,87.94,86.21,86.4,285052.0
2008-08-05,86.15,86.92,85.77,85.98,236338.0
2008-08-06,86.53,87.03,85.52,86.57,330257.0
2008-08-07,86.07,86.86,83.84,84.41,427944.0
2008-08-08,84.23,84.82,82.91,83.86,611698.0
2008-08-11,81.92,84.12,80.27,80.31,799941.0
2008-08-12,79.67,81.92,78.68,81.17,453050.0
2008-08-13,80.81,81.69,80.44,81.35,637325.0
2008-08-14,81.36,83.9,80.64,81.93,1297055.0
2008-08-15,81.92,84.12,81.43,83.45,554096.0
2008-08-18,83.45,84.06,80.38,80.51,333925.0
2008-08-19,78.12,80.72,78.12,79.18,627008.0
2008-08-20,78.67,84.12,78.67,83.16,725041.0
2008-08-21,82.21,84.12,79.73,81.3,514322.0
2008-08-22,81.35,81.85,79.26,79.87,291123.0
2008-08-25,79.81,80.22,78.36,79.29,477613.0
2008-08-26,79.29,79.29,76.31,76.98,470471.0
2008-08-27,75.94,78.34,74.21,74.31,453888.0
2008-08-28,76.96,78.07,74.77,75.05,963350.0
2008-08-29,75.31,77.52,74.77,76.97,917211.0
2008-09-01,76.81,77.14,74.5,74.58,1385644.0
2008-09-02,74.59,74.59,70.29,71.47,2662945.0
2008-09-03,70.65,70.81,69.1,69.91,3545636.0
2008-09-04,69.91,71.47,69.61,71.17,805584.0
2008-09-05,70.24,72.46,69.33,72.16,860680.0
2008-09-08,72.23,72.88,70.87,71.78,804867.0
2008-09-09,70.95,73.37,70.95,73.01,414508.0
2008-09-10,72.3,74.77,72.3,73.0,660379.0
2008-09-11,73.61,73.61,72.57,72.78,465700.0
2008-09-12,72.74,73.86,72.74,73.12,620163.0
2008-09-16,73.0,73.02,70.94,72.15,1375774.0
2008-09-17,72.21,73.01,70.26,70.47,852372.0
2008-09-18,70.1,70.37,64.98,66.43,3058171.0
2008-09-19,73.07,73.07,71.47,73.07,4674712.0
2008-09-22,75.82,79.17,72.97,73.04,5648653.0
2008-09-23,71.52,71.52,66.0,66.15,3495594.0
2008-09-24,65.43,69.7,63.33,69.54,1419794.0
2008-09-25,69.55,72.3,69.55,71.03,1506991.0
2008-09-26,71.42,73.61,71.42,72.51,1368966.0
2008-10-06,71.91,72.52,68.72,69.92,610171.0
2008-10-07,68.73,69.27,66.54,68.2,995724.0
2008-10-08,67.02,67.63,66.05,66.14,1034410.0
2008-10-09,67.19,67.24,64.6,64.63,876721.0
2008-10-10,62.68,63.12,60.54,61.25,1354716.0
2008-10-13,61.03,61.35,56.19,61.29,2209322.0
2008-10-14,63.87,64.57,58.53,58.61,1184398.0
2008-10-15,57.06,58.82,56.35,57.3,884236.0
2008-10-16,55.25,57.23,54.43,55.3,1506136.0
2008-10-17,55.0,55.52,52.01,53.82,2881243.0
2008-10-20,52.65,53.77,51.41,53.19,3044762.0
2008-10-21,53.15,54.97,51.96,52.03,1308180.0
2008-10-22,51.55,53.33,51.07,52.99,1900644.0
2008-10-23,51.68,54.54,51.68,54.51,1465493.0
2008-10-24,54.98,55.17,52.23,54.03,897561.0
2008-10-27,52.24,53.61,49.54,50.17,2774307.0
2008-10-28,49.44,51.85,48.39,51.84,1399519.0
2008-10-29,51.68,52.81,50.61,52.33,1222683.0
2008-10-30,52.78,53.06,51.36,52.4,1015716.0
2008-10-31,51.85,52.29,50.61,50.69,870573.0
2008-11-03,50.04,51.41,50.04,50.42,630617.0
2008-11-04,50.47,50.65,49.29,49.38,1107660.0
2008-11-05,49.81,52.01,49.48,51.69,1165566.0
2008-11-06,50.58,51.13,49.54,49.68,599739.0
2008-11-07,48.71,49.21,46.29,47.16,3506714.0
2008-11-10,47.55,50.35,47.28,49.83,4070807.0
2008-11-11,49.15,49.15,48.04,48.17,2710401.0
2008-11-12,47.2,48.48,46.51,48.38,1840088.0
2008-11-13,47.83,49.49,46.74,49.28,3513508.0
2008-11-14,49.51,54.2,49.51,54.2,4730806.0
2008-11-17,54.98,56.36,53.88,55.85,2590585.0
2008-11-18,55.53,55.53,51.74,53.12,3008889.0
2008-11-19,53.12,56.65,52.62,56.32,1698748.0
2008-11-20,54.98,56.74,54.06,55.05,1567803.0
2008-11-21,53.86,56.9,52.59,55.27,2391762.0
2008-11-24,55.46,56.08,54.7,54.82,940207.0
2008-11-25,54.98,56.08,53.69,54.52,987335.0
2008-11-26,54.46,55.19,54.23,54.51,734047.0
2008-11-27,57.22,58.83,55.83,56.83,2677180.0
2008-11-28,56.18,56.61,55.12,55.97,1221804.0
2008-12-01,55.75,56.79,55.0,56.74,788328.0
2008-12-02,55.56,57.79,55.56,57.7,1488514.0
2008-12-03,57.73,59.5,57.73,59.27,1436995.0
2008-12-04,60.2,63.39,60.2,62.11,2633055.0
2008-12-05,61.31,64.93,61.28,63.47,1838462.0
2008-12-08,65.04,66.42,63.31,65.42,1742992.0
2008-12-09,65.46,65.74,63.12,63.79,1301335.0
2008-12-10,63.23,64.27,63.13,63.89,1349502.0
2008-12-11,64.08,66.31,63.78,64.84,2015809.0
2008-12-12,64.14,65.32,60.95,61.03,1631445.0
2008-12-15,61.58,64.36,61.57,62.83,1400771.0
2008-12-16,62.43,63.94,60.94,62.77,1236738.0
2008-12-17,62.79,64.6,62.79,63.56,1001362.0
2008-12-18,63.56,65.24,63.56,64.87,1177063.0
2008-12-19,65.1,65.7,63.78,64.67,1062197.0
2008-12-22,65.27,65.27,63.39,63.97,902842.0
2008-12-23,63.66,63.97,60.98,61.53,1827166.0
2008-12-24,61.03,62.13,60.37,61.22,787763.0
2008-12-25,61.57,61.57,59.93,60.49,902853.0
2008-12-26,60.04,61.3,60.04,60.51,894460.0
2008-12-29,60.17,60.75,57.82,59.79,3002856.0
2008-12-30,59.74,59.93,58.83,59.73,2182996.0
2008-12-31,59.49,60.2,59.1,59.76,1831313.0
2009-01-05,60.2,61.07,58.83,59.59,1350550.0
2009-01-06,59.1,60.04,57.88,59.77,3815408.0
2009-01-07,59.88,59.93,58.66,58.71,1523802.0
2009-01-08,57.87,59.69,57.29,59.67,1863467.0
2009-01-09,59.15,59.68,58.83,58.99,1180016.0
2009-01-12,58.82,59.26,58.09,58.23,1666790.0
2009-01-13,57.72,58.27,55.82,56.0,1809911.0
2009-01-14,55.67,57.17,54.75,56.08,3200370.0
2009-01-15,55.97,55.97,54.87,54.96,2982065.0
2009-01-16,54.97,57.39,54.91,55.81,9459955.0
2009-01-19,56.3,57.07,55.91,56.28,4856293.0
2009-01-20,56.24,56.24,54.96,55.86,4910405.0
2009-01-21,54.98,55.51,54.43,54.83,6052648.0
2009-01-22,54.98,55.64,54.92,55.42,2129344.0
2009-01-23,55.25,57.35,55.25,56.74,3274252.0
2009-02-02,57.45,57.45,54.98,55.71,3088726.0
2009-02-03,55.74,57.45,55.02,57.23,4812665.0
2009-02-04,57.29,58.98,57.29,58.43,4287890.0
2009-02-05,58.64,60.81,58.28,58.85,3823158.0
2009-02-06,58.84,61.57,58.84,61.14,3966141.0
2009-02-09,61.85,64.33,61.85,64.22,4543559.0
2009-02-10,64.05,64.05,62.68,63.76,2761349.0
2009-02-11,63.22,69.03,62.68,66.03,4038656.0
2009-02-12,65.98,66.8,65.16,66.27,5447034.0
2009-02-13,66.03,67.63,65.98,67.31,2492019.0
2009-02-16,67.87,68.89,66.58,67.46,2725648.0
2009-02-17,68.07,71.44,68.07,69.34,5652541.0
2009-02-18,68.18,69.27,66.46,66.72,4558128.0
2009-02-19,66.25,68.12,66.25,67.01,2467779.0
2009-02-20,67.07,69.98,67.07,68.77,3392422.0
2009-02-23,68.81,70.43,67.87,70.25,1944278.0
2009-02-24,70.1,72.57,69.63,70.81,3693633.0
2009-02-25,71.47,71.47,67.63,70.1,2691796.0
2009-02-26,69.55,71.42,66.8,67.31,2711209.0
2009-02-27,65.72,67.63,64.73,65.11,4117059.0
2009-03-02,64.33,65.11,63.16,64.34,2717285.0
2009-03-03,63.34,64.22,62.57,63.18,1878013.0
2009-03-04,63.5,69.44,63.18,68.63,4224525.0
2009-03-05,68.67,69.55,65.98,67.08,2353230.0
2009-03-06,65.98,66.42,64.7,65.0,2066413.0
2009-03-09,65.01,65.7,63.16,63.17,2315203.0
2009-03-10,62.62,65.54,62.46,64.95,1578292.0
2009-03-11,65.98,66.46,63.78,64.59,881494.0
2009-03-12,63.82,64.76,62.75,63.74,1129627.0
2009-03-13,64.22,64.6,62.56,62.58,2003820.0
2009-03-16,62.59,63.17,61.58,62.89,1339542.0
2009-03-17,62.92,65.42,62.68,64.51,1834473.0
2009-03-18,64.83,65.37,63.75,63.82,1776703.0
2009-03-19,64.05,65.58,63.83,65.31,1889193.0
2009-03-20,65.87,65.96,64.44,64.81,1539612.0
2009-03-23,64.87,65.53,64.55,65.26,3246311.0
2009-03-24,66.25,67.95,65.07,65.26,3529464.0
2009-03-25,63.78,63.78,61.93,62.69,8621716.0
2009-03-26,62.69,62.73,60.91,61.85,5929248.0
2009-03-27,62.38,63.23,62.02,62.67,4207572.0
2009-03-30,62.68,63.23,61.63,62.71,2426944.0
2009-03-31,62.31,63.17,62.13,63.08,2642862.0
2009-04-01,63.22,64.13,63.17,63.92,4038757.0
2009-04-02,64.08,65.65,64.08,64.88,3743051.0
2009-04-03,65.48,66.28,64.0,64.09,4144100.0
2009-04-07,64.09,64.98,64.0,64.88,2141919.0
2009-04-08,64.88,65.04,63.71,64.36,2565313.0
2009-04-09,64.26,64.87,63.89,64.77,1835185.0
2009-04-10,65.32,66.25,64.76,65.66,4063061.0
2009-04-13,66.3,67.74,66.3,67.11,3668776.0
2009-04-14,67.11,67.16,65.32,66.26,3802377.0
2009-04-15,65.95,66.68,64.6,66.32,3836163.0
2009-04-16,65.98,66.42,65.01,65.84,3863241.0
2009-04-17,65.61,67.82,65.04,66.61,3830956.0
2009-04-20,67.18,69.99,66.61,69.9,3241949.0
2009-04-21,68.85,70.15,68.79,70.1,3892770.0
2009-04-22,70.47,71.86,67.9,68.08,3970610.0
2009-04-23,67.35,68.11,65.98,66.83,2249701.0
2009-04-24,67.07,68.66,67.06,67.14,2271987.0
2009-04-27,66.8,66.82,64.55,65.15,2867031.0
2009-04-28,64.26,65.2,62.62,63.38,3430733.0
2009-04-29,63.39,64.49,63.36,64.2,3107715.0
2009-04-30,64.44,64.44,63.23,63.97,2051448.0
2009-05-04,64.27,65.63,63.97,65.55,2355551.0
2009-05-05,65.98,66.42,65.09,65.45,2269054.0
2009-05-06,65.21,65.43,64.27,64.47,3806462.0
2009-05-07,64.77,65.38,63.59,64.33,3472362.0
2009-05-08,64.05,64.66,63.45,64.61,3100720.0
2009-05-11,64.6,65.2,63.91,64.01,3277361.0
2009-05-12,63.51,64.63,63.4,64.05,2598890.0
2009-05-13,64.33,64.38,63.35,63.6,3579244.0
2009-05-14,63.23,64.11,63.12,63.97,2150481.0
2009-05-15,64.19,64.32,63.56,63.78,1679862.0
2009-05-18,63.72,65.26,63.62,65.12,3507236.0
2009-05-19,65.23,65.45,64.05,64.48,2655401.0
2009-05-20,64.36,64.84,63.77,63.82,1471127.0
2009-05-21,63.67,64.32,62.79,62.91,2578840.0
2009-05-25,62.03,62.42,61.61,62.33,3367628.0
2009-05-26,62.33,62.99,62.08,62.1,1680681.0
2009-05-27,62.2,63.51,62.1,63.1,2763000.0
2009-06-01,63.23,64.93,63.07,64.74,4592011.0
2009-06-02,64.34,66.5,64.34,65.91,5016813.0
2009-06-03,65.91,66.08,64.78,65.82,2924590.0
2009-06-04,65.87,65.99,64.82,65.57,4653332.0
2009-06-05,65.24,71.31,65.23,69.31,7774093.0
2009-06-08,69.93,70.95,68.72,70.15,3688621.0
2009-06-09,70.15,74.22,69.93,72.16,7330385.0
2009-06-10,72.4,73.14,71.48,72.19,2647692.0
2009-06-11,72.18,75.05,72.18,73.28,3973846.0
2009-06-12,73.49,74.66,71.03,71.81,2703533.0
2009-06-15,71.5,75.1,71.5,74.9,4408128.0
2009-06-16,74.66,75.4,73.67,74.6,2003920.0
2009-06-17,74.42,76.15,74.33,75.68,2258367.0
2009-06-18,75.32,76.15,74.5,75.8,4119002.0
2009-06-19,75.31,76.25,74.55,75.28,1853345.0
2009-06-22,75.6,75.98,73.06,73.11,2118112.0
2009-06-23,72.46,73.95,71.23,73.33,2758804.0
2009-06-24,73.29,73.67,72.03,72.57,2093623.0
2009-06-25,73.12,74.88,72.58,74.71,2183414.0
2009-06-26,74.77,75.87,74.77,75.32,1826249.0
2009-06-29,75.88,81.93,75.49,81.22,3801548.0
2009-06-30,81.65,82.63,79.61,81.38,2455349.0
2009-07-01,81.23,82.01,80.34,80.71,1935675.0
2009-07-02,80.68,83.65,79.63,81.98,2699019.0
2009-07-03,81.46,82.56,80.57,80.86,2573876.0
2009-07-06,80.35,80.89,79.13,79.75,2949182.0
2009-07-07,79.76,82.02,79.25,80.65,2740569.0
2009-07-08,79.52,80.43,78.41,79.76,2651579.0
2009-07-09,79.36,82.28,79.36,81.58,3464234.0
2009-07-10,81.79,85.06,81.66,84.32,2977018.0
2009-07-13,84.42,85.34,82.75,84.93,3976567.0
2009-07-14,84.89,85.53,84.23,84.95,2664455.0
2009-07-15,84.95,85.49,83.1,83.14,3159841.0
2009-07-16,83.4,83.67,81.98,82.26,3643057.0
2009-07-17,82.42,83.39,81.84,81.96,1410005.0
2009-07-20,82.01,82.9,81.45,82.07,3873799.0
2009-07-21,82.51,83.23,81.44,81.63,4222026.0
2009-07-22,81.46,82.23,80.74,81.68,2503621.0
2009-07-23,81.93,82.01,80.91,81.06,1724952.0
2009-07-24,81.22,83.56,81.06,81.46,4537056.0
2009-07-27,81.73,85.06,81.73,84.84,6453123.0
2009-07-28,84.84,88.09,84.56,84.89,3622961.0
2009-07-29,84.95,86.53,79.79,82.02,3695563.0
2009-07-30,84.06,84.06,81.19,83.02,2755049.0
2009-07-31,83.67,83.67,82.37,83.13,3299219.0
2009-08-03,84.23,87.87,84.23,86.28,4445840.0
2009-08-04,87.01,87.01,84.56,85.41,2143538.0
2009-08-05,85.72,90.82,85.72,90.75,5544896.0
2009-08-06,89.22,92.26,88.72,91.47,3944209.0
2009-08-07,92.43,94.2,89.52,90.81,5786746.0
2009-08-10,90.88,91.43,88.04,90.6,2929893.0
2009-08-11,90.81,95.59,89.58,94.2,3630736.0
2009-08-12,94.15,97.25,89.77,92.13,4140439.0
2009-08-13,90.26,92.12,88.55,90.29,3376867.0
2009-08-14,90.32,90.32,86.44,87.43,2470694.0
2009-08-17,85.95,87.25,81.94,82.86,2975040.0
2009-08-18,82.29,84.32,82.02,83.2,2983979.0
2009-08-19,84.21,85.95,82.01,82.9,3357636.0
2009-08-20,82.56,84.5,82.01,84.22,3459953.0
2009-08-21,84.23,87.0,83.68,86.73,2474337.0
2009-08-24,86.99,88.1,86.75,87.78,1341758.0
2009-08-25,87.5,87.5,84.28,86.39,2450125.0
2009-08-26,85.08,88.94,85.08,88.21,2235461.0
2009-08-27,88.04,90.15,87.55,89.4,2216114.0
2009-08-28,89.21,90.16,88.11,88.26,2404913.0
2009-08-31,87.55,87.56,82.84,83.11,3733394.0
2009-09-01,83.12,86.06,83.1,83.98,2063249.0
2009-09-02,83.66,84.2,82.88,83.57,1615629.0
2009-09-03,83.15,86.17,83.13,85.95,1915657.0
2009-09-04,85.88,86.44,84.78,86.09,2155402.0
2009-09-07,86.68,91.71,86.6,89.71,3884516.0
2009-09-08,89.71,93.2,88.17,92.23,3449008.0
2009-09-09,92.23,93.64,89.77,91.07,3120277.0
2009-09-10,91.04,92.04,90.05,91.96,1325477.0
2009-09-11,91.93,93.09,90.82,92.41,1347190.0
2009-09-14,93.12,93.65,92.43,92.58,1555148.0
2009-09-15,92.65,93.54,91.0,91.74,1781601.0
2009-09-16,91.45,92.48,90.26,91.3,1343134.0
2009-09-17,91.32,91.85,91.1,91.3,1669416.0
2009-09-18,91.32,91.35,89.77,90.2,1841155.0
2009-09-21,89.4,91.76,88.22,91.66,2612924.0
2009-09-22,91.49,95.14,91.14,93.97,4097482.0
2009-09-23,94.03,94.7,91.43,91.54,2121493.0
2009-09-24,91.43,91.43,88.53,89.56,1878660.0
2009-09-25,89.77,92.35,89.77,91.15,1852804.0
2009-09-28,91.21,92.27,90.88,90.93,1345344.0
2009-09-29,90.88,91.43,89.49,89.9,1542377.0
2009-09-30,90.87,92.42,90.32,91.35,1288249.0
2009-10-09,92.43,93.64,92.37,93.29,1250608.0
2009-10-12,93.65,94.2,92.48,92.55,876204.0
2009-10-13,91.99,93.36,91.15,91.92,1023723.0
2009-10-14,92.24,92.26,90.38,91.03,3729999.0
2009-10-15,91.36,91.36,88.89,89.29,2811233.0
2009-10-16,89.28,89.77,88.19,88.65,2798654.0
2009-10-19,88.78,90.05,88.08,90.04,4363978.0
2009-10-20,90.16,91.76,89.22,91.67,4078812.0
2009-10-21,91.43,91.43,89.1,89.15,3808393.0
2009-10-22,88.72,89.75,87.54,88.06,3681739.0
2009-10-23,88.06,88.77,87.72,88.28,4651561.0
2009-10-26,88.64,88.65,86.59,86.77,4564431.0
2009-10-27,86.77,87.0,86.17,86.44,2542841.0
2009-10-28,86.5,87.47,86.33,87.24,1914190.0
2009-10-29,86.67,87.76,86.22,86.64,2056523.0
2009-10-30,87.27,87.49,86.61,87.34,2750385.0
2009-11-02,86.44,88.72,86.16,88.67,3202027.0
2009-11-03,88.66,89.44,88.14,88.59,2011889.0
2009-11-04,88.59,90.33,88.11,90.06,3361238.0
2009-11-05,90.04,90.52,89.5,89.95,2002860.0
2009-11-06,90.38,90.43,88.83,89.24,2642166.0
2009-11-09,89.24,89.66,88.27,88.6,1847589.0
2009-11-10,88.9,89.55,88.11,88.85,3287833.0
2009-11-11,88.74,91.87,88.74,90.56,4275738.0
2009-11-12,90.57,92.88,90.43,92.26,4262095.0
2009-11-13,92.32,94.37,91.56,93.41,5010775.0
2009-11-16,93.58,97.27,93.58,96.35,4148038.0
2009-11-17,96.42,96.97,93.54,96.42,2939921.0
2009-11-18,95.76,96.64,94.67,94.73,1644019.0
2009-11-19,94.8,95.75,93.76,94.26,1710850.0
2009-11-20,94.22,94.48,93.35,93.57,2313306.0
2009-11-23,93.7,95.31,93.55,95.19,3533050.0
2009-11-24,95.8,98.14,93.98,94.11,4337935.0
2009-11-25,94.15,96.91,94.15,96.45,3223322.0
2009-11-26,96.91,96.91,93.31,93.36,2650131.0
2009-11-27,93.27,93.43,91.46,91.55,2466989.0
2009-11-30,92.53,96.66,91.65,96.37,4374659.0
2009-12-01,95.73,98.75,95.32,98.21,3957941.0
2009-12-02,98.21,98.32,96.35,97.6,2059622.0
2009-12-03,97.52,97.54,95.12,96.36,2500586.0
2009-12-04,96.36,96.36,93.65,94.7,3103525.0
2009-12-07,99.74,100.33,96.86,97.82,4568280.0
2009-12-08,97.84,98.63,96.14,96.73,2614410.0
2009-12-09,96.42,96.66,95.2,95.76,1782365.0
2009-12-10,96.43,96.72,95.52,96.65,1640437.0
2009-12-11,96.98,97.51,96.14,96.92,1659376.0
2009-12-14,97.25,97.25,95.79,96.63,2118208.0
2009-12-15,96.7,96.97,95.23,95.82,2079146.0
2009-12-16,95.81,95.81,93.53,93.87,3265028.0
2009-12-17,94.26,94.26,92.04,92.17,2795703.0
2009-12-18,91.99,92.03,90.6,91.58,1830917.0
2009-12-21,91.99,93.77,91.99,92.97,1812323.0
2009-12-22,93.2,93.37,91.71,92.47,1626432.0
2009-12-23,92.45,93.15,92.0,92.92,2091885.0
2009-12-24,92.54,96.38,92.43,95.56,3820366.0
2009-12-25,95.56,95.86,93.75,94.45,3184660.0
2009-12-28,94.31,95.29,93.92,94.42,2790543.0
2009-12-29,95.03,95.17,94.09,94.87,2152713.0
2009-12-30,95.03,95.03,93.09,93.69,4825415.0
2009-12-31,93.77,94.23,93.54,94.1,2993429.0
2010-01-04,95.31,95.31,93.82,94.17,4430488.0
2010-01-05,94.75,95.03,93.65,93.89,3151318.0
2010-01-06,93.64,93.92,92.16,92.41,3988903.0
2010-01-07,92.41,92.64,89.7,90.72,4882555.0
2010-01-08,90.88,90.88,88.72,89.77,3670209.0
2010-01-11,90.66,91.38,88.94,89.38,2446103.0
2010-01-12,89.46,92.08,89.0,91.79,3106340.0
2010-01-13,90.87,91.51,89.21,89.46,3792444.0
2010-01-14,89.77,93.76,89.77,93.39,4645464.0
2010-01-15,93.38,96.07,93.38,94.13,4593850.0
2010-01-18,94.2,95.45,94.15,94.74,2146153.0
2010-01-19,94.75,95.03,93.92,94.07,1781891.0
2010-01-20,94.15,94.28,91.87,91.94,2097295.0
2010-01-21,91.91,93.3,91.71,92.39,1725748.0
2010-01-22,92.32,92.7,89.71,90.95,2543294.0
2010-01-25,90.79,92.71,90.05,92.01,2323915.0
2010-01-26,93.24,94.3,91.21,92.37,3288916.0
2010-01-27,92.0,92.97,90.66,90.87,1931657.0
2010-01-28,90.8,94.4,90.6,93.76,3026752.0
2010-01-29,94.17,94.31,92.92,93.39,3717282.0
2010-02-01,93.58,93.97,92.54,93.59,2965594.0
2010-02-02,93.09,94.2,92.15,92.27,1549353.0
2010-02-03,92.1,93.15,90.99,91.95,2303465.0
2010-02-04,91.93,93.79,91.5,93.43,2247533.0
2010-02-05,92.88,95.24,92.54,94.89,2623430.0
2010-02-08,94.89,97.3,94.49,94.88,3149610.0
2010-02-09,95.31,96.05,94.5,94.82,1415124.0
2010-02-10,95.31,95.64,94.59,95.22,639814.0
2010-02-11,95.2,96.66,95.09,96.07,1494505.0
2010-02-12,96.4,96.53,95.42,95.91,934640.0
2010-02-22,95.86,95.92,93.69,93.69,1217808.0
2010-02-23,93.79,94.48,91.26,92.4,2356213.0
2010-02-24,92.41,93.43,91.71,93.05,990427.0
2010-02-25,92.48,94.2,92.48,93.23,1531396.0
2010-02-26,93.64,93.64,92.32,92.45,1033858.0
2010-03-01,92.23,92.79,91.98,92.12,2173474.0
2010-03-02,92.32,92.42,91.38,91.76,1718223.0
2010-03-03,91.98,92.12,91.39,91.8,1423286.0
2010-03-04,92.0,92.46,90.88,91.51,1416897.0
2010-03-05,91.51,91.68,91.03,91.1,977055.0
2010-03-08,91.14,91.42,90.21,90.42,2325944.0
2010-03-09,90.43,90.71,90.16,90.42,1234097.0
2010-03-10,90.47,90.71,90.27,90.69,1181406.0
2010-03-11,90.8,91.13,90.09,90.33,1351856.0
2010-03-12,90.33,90.69,89.54,89.72,1219227.0
2010-03-15,89.72,89.72,87.5,87.94,1580851.0
2010-03-16,87.94,88.47,87.5,88.07,776413.0
2010-03-17,88.1,88.98,88.05,88.94,1871093.0
2010-03-18,88.98,89.42,87.41,87.78,1472662.0
2010-03-19,88.04,88.29,87.55,87.97,1336163.0
2010-03-22,88.24,88.44,87.37,87.55,2300846.0
2010-03-23,87.45,87.82,86.95,87.15,1832990.0
2010-03-24,87.32,88.54,87.3,88.19,2017566.0
2010-03-25,88.05,88.05,87.44,87.5,981360.0
2010-03-26,87.65,89.15,87.6,88.47,2052737.0
2010-03-29,88.49,89.75,88.11,89.61,3147543.0
2010-03-30,89.64,89.75,88.38,88.67,1901210.0
2010-03-31,88.64,89.56,87.83,87.97,1490516.0
2010-04-01,87.98,88.94,87.97,88.69,2398083.0
2010-04-02,87.55,87.55,84.01,84.58,15428170.0
2010-04-06,84.17,84.78,83.84,84.14,5312291.0
2010-04-07,84.16,84.7,83.8,84.3,4106108.0
2010-04-08,84.32,84.32,83.12,83.4,3292119.0
2010-04-09,83.12,83.45,81.89,82.64,5441818.0
2010-04-12,82.68,83.0,81.33,81.62,3851423.0
2010-04-13,81.68,83.67,81.4,83.05,5430527.0
2010-04-14,83.6,83.6,82.15,83.41,4636844.0
2010-04-15,83.48,83.48,81.46,81.72,4061730.0
2010-04-16,81.72,82.85,81.35,82.0,2939556.0
2010-04-19,82.02,82.87,80.82,80.99,4133219.0
2010-04-20,80.9,80.9,77.64,79.53,4938723.0
2010-04-21,79.52,82.13,78.53,82.02,6336587.0
2010-04-22,81.65,82.7,80.92,82.32,3706395.0
2010-04-23,82.01,82.9,79.3,79.7,6668694.0
2010-04-26,77.02,77.35,75.86,75.88,10703613.0
2010-04-27,75.85,75.85,73.53,73.67,5823448.0
2010-04-28,73.14,73.92,72.59,73.22,2628743.0
2010-04-29,73.46,74.95,73.46,74.39,3450120.0
2010-04-30,72.83,72.83,70.79,71.5,8556670.0
2010-05-04,70.92,71.79,70.31,71.28,2397516.0
2010-05-05,70.82,72.72,70.54,72.47,3383878.0
2010-05-06,72.59,72.59,70.54,70.57,2824034.0
2010-05-07,69.82,72.24,69.54,72.04,3125476.0
2010-05-10,73.14,75.36,73.14,74.0,6619258.0
2010-05-11,75.13,75.36,73.6,74.06,3363241.0
2010-05-12,73.86,74.25,72.04,73.8,2164319.0
2010-05-13,73.83,75.2,73.83,74.74,2704954.0
2010-05-14,74.74,75.42,74.25,74.78,1812616.0
2010-05-17,74.64,74.64,71.81,71.93,1764359.0
2010-05-18,72.04,72.57,69.92,72.1,2603747.0
2010-05-19,72.31,72.7,70.94,71.94,1079897.0
2010-05-20,71.73,73.88,71.49,72.86,2274045.0
2010-05-21,71.7,74.59,71.19,74.37,2734138.0
2010-05-24,74.8,75.64,74.42,75.34,2978347.0
2010-05-25,75.14,75.14,72.45,72.73,2205077.0
2010-05-26,72.87,73.51,72.13,73.11,1102531.0
2010-05-31,73.98,74.93,73.08,73.08,2354988.0
2010-06-01,73.01,73.95,72.31,73.49,2352557.0
2010-06-02,73.46,74.47,72.95,74.34,2188944.0
2010-06-03,74.8,75.64,73.92,74.82,2494942.0
2010-06-04,74.77,76.69,74.37,76.54,3003643.0
2010-06-07,75.92,78.84,75.36,78.17,3812507.0
2010-06-08,78.17,78.62,77.02,77.64,1439478.0
2010-06-09,77.7,79.02,77.62,78.36,1805393.0
2010-06-10,78.35,79.02,77.87,78.33,1178127.0
2010-06-11,78.45,78.96,76.78,76.86,1957275.0
2010-06-17,77.13,77.3,75.53,75.63,1252371.0
2010-06-18,75.37,75.8,72.6,73.29,2010229.0
2010-06-21,73.37,74.53,72.7,74.5,1895401.0
2010-06-22,73.84,74.22,72.81,73.25,2077910.0
2010-06-23,73.14,73.63,72.82,72.98,1281276.0
2010-06-24,73.09,73.41,71.86,72.02,2434403.0
2010-06-25,71.93,72.59,71.39,72.32,1901135.0
2010-06-28,72.15,72.16,70.82,70.93,1481698.0
2010-06-29,71.21,71.7,69.55,69.97,2778266.0
2010-06-30,69.82,70.65,69.63,70.57,1782412.0
2010-07-01,70.85,70.85,70.1,70.39,744969.0
2010-07-02,70.12,71.54,70.12,70.75,1645270.0
2010-07-05,70.75,70.92,69.67,70.37,1404074.0
2010-07-06,70.42,71.68,69.91,71.37,1530643.0
2010-07-07,71.37,71.87,70.75,71.21,878828.0
2010-07-08,71.09,71.87,71.09,71.77,851641.0
2010-07-09,71.92,73.94,71.43,73.3,2737851.0
2010-07-12,73.16,74.56,73.02,73.11,1783426.0
2010-07-13,73.13,73.13,71.88,72.46,743911.0
2010-07-14,72.38,73.36,72.17,72.85,964266.0
2010-07-15,72.99,74.5,72.91,73.73,1883333.0
2010-07-16,73.21,75.14,73.04,74.84,3294951.0
2010-07-19,74.42,76.18,74.34,75.96,1941232.0
2010-07-20,76.06,76.79,75.33,76.35,2688619.0
2010-07-21,76.35,78.53,76.35,77.12,2436302.0
2010-07-22,77.63,77.63,76.51,77.16,1622166.0
2010-07-23,77.29,78.88,77.29,78.7,3846600.0
2010-07-26,78.7,79.86,78.44,78.84,2201691.0
2010-07-27,78.36,79.52,78.36,79.42,2522904.0
2010-07-28,79.76,80.0,79.14,79.95,2774035.0
2010-07-29,79.94,80.04,77.83,77.98,4537287.0
2010-07-30,77.9,77.9,76.91,77.56,2943877.0
2010-08-02,77.54,81.25,77.54,80.29,4296573.0
2010-08-03,79.98,80.99,79.43,79.57,1757323.0
2010-08-04,79.42,80.65,79.27,80.55,1735013.0
2010-08-05,80.59,83.53,80.59,82.87,4196613.0
2010-08-06,82.67,83.23,82.33,82.89,2184053.0
2010-08-09,82.92,85.14,82.92,84.8,3870373.0
2010-08-10,84.8,85.91,81.94,82.09,2873994.0
2010-08-11,81.66,83.34,81.66,82.7,1519063.0
2010-08-12,82.67,84.96,81.78,83.29,3102587.0
2010-08-13,83.27,84.71,82.96,84.12,1577559.0
2010-08-16,84.13,85.74,84.13,85.52,2591045.0
2010-08-17,85.46,87.39,85.3,86.74,3574757.0
2010-08-18,86.68,87.49,85.18,85.49,3017378.0
2010-08-19,85.51,86.08,84.18,84.6,3543714.0
2010-08-20,84.56,84.56,83.05,83.28,2084159.0
2010-08-23,82.92,84.4,82.78,84.3,1321493.0
2010-08-24,84.08,85.57,83.39,84.69,1083825.0
2010-08-25,84.18,84.97,83.69,83.78,1650788.0
2010-08-26,83.84,84.21,83.06,84.1,1223254.0
2010-08-27,83.9,84.59,83.45,84.49,879939.0
2010-08-30,84.84,89.49,84.84,89.39,5378443.0
2010-08-31,88.67,90.04,88.31,89.06,3139997.0
2010-09-01,88.82,90.16,87.2,87.75,2558928.0
2010-09-02,88.37,90.65,88.3,89.49,2482198.0
2010-09-03,89.38,92.5,89.38,90.96,2776144.0
2010-09-06,91.73,94.3,91.73,93.25,2900844.0
2010-09-07,93.43,94.58,92.18,92.44,2237367.0
2010-09-08,92.29,93.69,92.29,93.12,1501080.0
2010-09-09,93.41,94.58,92.85,93.34,2150384.0
2010-09-10,93.69,95.03,93.13,94.8,1986768.0
2010-09-13,94.52,97.01,93.94,94.4,2806347.0
2010-09-14,94.38,95.21,92.62,93.57,2638343.0
2010-09-15,93.41,93.57,90.44,90.86,2103208.0
2010-09-16,90.67,91.76,87.75,89.12,2049773.0
2010-09-17,89.05,91.97,88.1,90.5,1797526.0
2010-09-20,91.09,92.85,90.61,92.09,1257607.0
2010-09-21,93.13,93.34,91.73,92.89,1494036.0
2010-09-27,92.9,94.52,92.46,94.43,1854846.0
2010-09-28,94.3,95.75,93.97,95.52,2258512.0
2010-09-29,95.31,95.95,93.41,93.5,1327200.0
2010-09-30,93.16,94.64,92.85,94.37,1457890.0
2010-10-08,94.52,98.16,94.52,97.06,3160889.0
2010-10-11,97.32,98.68,92.85,93.85,4374269.0
2010-10-12,93.86,95.07,91.89,93.18,2854304.0
2010-10-13,92.85,93.14,89.41,90.05,6028775.0
2010-10-14,90.06,90.22,87.71,88.62,5324373.0
2010-10-15,88.66,91.17,88.55,89.48,7209979.0
2010-10-18,89.49,92.38,86.58,90.84,9656442.0
2010-10-19,90.29,92.23,89.49,91.32,5344848.0
2010-10-20,89.55,94.47,89.54,93.64,4737289.0
2010-10-21,93.74,95.11,92.73,93.67,3762194.0
2010-10-22,93.67,95.98,93.22,94.03,4104654.0
2010-10-25,94.52,97.21,94.04,96.76,3619520.0
2010-10-26,96.65,96.69,93.97,94.53,2859063.0
2010-10-27,94.38,94.75,93.13,94.05,2891262.0
2010-10-28,93.91,94.13,93.26,93.43,1944068.0
2010-10-29,92.14,92.33,89.77,91.25,6546557.0
2010-11-01,91.28,92.23,90.72,91.59,4965892.0
2010-11-02,92.02,92.02,90.38,90.98,6229217.0
2010-11-03,91.17,92.65,90.33,91.36,4225317.0
2010-11-04,91.7,92.59,91.05,92.32,4462919.0
2010-11-05,92.46,92.85,91.34,91.72,3465491.0
2010-11-08,91.72,91.73,90.19,91.44,5689413.0
2010-11-09,91.5,93.18,91.01,92.77,6073790.0
2010-11-10,93.18,102.05,93.13,100.53,15000509.0
2010-11-11,101.79,101.79,97.38,98.4,7421720.0
2010-11-12,98.19,105.2,98.17,99.3,12650029.0
2010-11-15,101.79,105.15,101.79,102.74,7903878.0
2010-11-16,104.03,104.03,97.6,99.11,7229177.0
2010-11-17,98.38,98.38,91.62,92.29,8050906.0
2010-11-18,93.15,95.63,92.85,94.8,4028604.0
2010-11-19,95.7,98.44,95.2,97.97,4895475.0
2010-11-22,97.81,102.01,97.21,99.84,4794081.0
2010-11-23,99.77,105.82,98.55,105.73,10846981.0
2010-11-24,107.39,115.56,107.39,111.82,11079930.0
2010-11-25,112.16,113.89,110.19,113.52,4557974.0
2010-11-26,113.52,118.95,112.2,115.91,6379942.0
2010-11-29,114.8,124.17,114.8,121.05,6749939.0
2010-11-30,121.02,121.02,112.05,114.55,6566539.0
2010-12-01,113.54,116.34,111.87,113.21,3801622.0
2010-12-02,114.21,115.22,110.69,110.84,4294009.0
2010-12-03,110.74,113.82,110.58,111.75,4303732.0
2010-12-06,111.78,112.98,106.33,107.96,4328158.0
2010-12-07,107.33,111.19,106.19,110.5,3180480.0
2010-12-08,110.47,112.87,109.63,109.73,2833468.0
2010-12-09,109.62,110.06,107.56,109.21,2446140.0
2010-12-10,108.14,111.24,106.83,110.59,3958731.0
2010-12-13,110.47,110.47,108.23,110.18,5859283.0
2010-12-14,110.36,112.7,110.07,110.69,6154272.0
2010-12-15,110.74,113.73,110.74,112.26,4742380.0
2010-12-16,118.57,118.86,115.5,115.77,6681758.0
2010-12-17,116.34,117.01,113.99,114.34,5176982.0
2010-12-20,115.21,115.59,108.51,110.4,6855725.0
2010-12-21,110.38,110.53,107.95,108.51,5935942.0
2010-12-22,108.55,108.78,106.27,106.8,4415122.0
2010-12-23,106.75,107.78,106.27,106.67,3274389.0
2010-12-24,106.67,106.78,104.59,105.55,2940852.0
2010-12-27,105.71,106.26,101.97,102.35,4524640.0
2010-12-28,102.36,104.37,99.22,102.5,4817644.0
2010-12-29,102.41,104.07,101.8,104.03,3096760.0
2010-12-30,104.31,104.31,100.79,101.76,4177468.0
2010-12-31,101.68,103.07,101.26,102.87,4608487.0
2011-01-04,104.54,105.1,102.13,103.75,6046226.0
2011-01-05,103.42,103.7,100.96,101.28,5819802.0
2011-01-06,101.35,102.69,99.8,100.81,3758456.0
2011-01-07,100.78,101.62,99.84,100.52,3053380.0
2011-01-10,100.46,100.96,97.4,97.49,3878483.0
2011-01-11,97.14,98.16,95.76,97.08,4532210.0
2011-01-12,97.38,98.44,96.43,97.58,3132325.0
2011-01-13,98.16,101.24,97.6,100.39,4134174.0
2011-01-14,100.09,101.35,99.17,100.78,2577266.0
2011-01-17,100.51,101.91,97.89,98.21,3747516.0
2011-01-18,97.94,102.14,97.32,102.11,4096235.0
2011-01-19,102.11,102.67,101.3,102.26,2619867.0
2011-01-20,101.96,102.91,99.7,100.72,2452305.0
2011-01-21,100.57,101.52,98.25,98.38,2686737.0
2011-01-24,98.37,99.27,95.09,95.93,3477549.0
2011-01-25,95.63,96.43,95.08,95.48,1723864.0
2011-01-26,95.65,97.32,95.65,96.28,1432571.0
2011-01-27,96.18,98.04,94.85,96.8,2944427.0
2011-01-28,96.77,97.39,96.42,96.95,1959143.0
2011-01-31,97.04,101.19,96.77,99.55,3244243.0
2011-02-01,99.56,101.71,99.28,100.83,1775846.0
2011-02-09,100.67,101.13,99.0,99.54,1767531.0
2011-02-10,99.2,104.03,99.17,103.49,3600875.0
2011-02-11,103.33,105.4,103.08,103.43,3400141.0
2011-02-14,103.43,105.15,102.86,104.65,3663915.0
2011-02-15,104.65,105.6,103.36,103.61,2971640.0
2011-02-16,103.48,104.03,101.63,102.74,3644018.0
2011-02-17,102.36,102.75,101.14,101.38,3636380.0
2011-02-18,101.12,103.73,100.85,101.78,3682873.0
2011-02-21,101.8,103.36,101.35,102.62,2728985.0
2011-02-22,102.62,103.61,101.24,101.73,3829380.0
2011-02-23,101.3,102.62,101.3,102.22,1942229.0
2011-02-24,102.12,102.62,101.3,101.88,2047631.0
2011-02-25,102.29,102.29,100.23,100.46,2941343.0
2011-02-28,100.29,100.38,98.44,99.94,3909310.0
2011-03-01,99.96,100.64,99.45,99.92,2305941.0
2011-03-02,99.67,100.12,98.45,99.12,3209550.0
2011-03-03,99.15,99.94,97.74,97.88,3773509.0
2011-03-04,97.88,98.88,97.6,98.4,3335119.0
2011-03-07,98.35,99.3,98.35,99.21,3355369.0
2011-03-08,99.24,99.33,97.77,98.84,3186955.0
2011-03-09,99.27,99.67,98.47,99.55,2297146.0
2011-03-10,99.54,103.03,99.21,101.8,5449213.0
2011-03-11,101.57,102.58,100.62,100.7,2334545.0
2011-03-14,100.41,102.91,100.18,102.29,2237298.0
2011-03-15,101.59,102.48,99.02,100.27,3089855.0
2011-03-16,100.45,102.34,100.29,101.71,2417624.0
2011-03-17,101.18,106.01,100.78,105.73,8852277.0
2011-03-18,106.02,108.56,104.67,106.91,6148407.0
2011-03-21,106.16,106.82,103.22,104.67,4865124.0
2011-03-22,105.36,106.26,103.59,103.89,2788755.0
2011-03-23,104.04,104.42,102.63,104.34,4288185.0
2011-03-24,104.2,104.34,102.63,102.66,2135318.0
2011-03-25,102.36,103.8,102.36,102.6,2790552.0
2011-03-28,102.66,103.14,100.95,101.19,4029587.0
2011-03-29,101.24,101.4,99.84,100.09,2652330.0
2011-03-30,100.08,100.82,99.73,99.96,2060299.0
2011-03-31,99.96,102.24,99.84,100.59,1752586.0
2011-04-01,100.67,101.43,99.87,100.38,1822749.0
2011-04-06,100.34,100.62,98.84,98.99,2877481.0
2011-04-07,98.55,99.0,97.76,97.85,4683074.0
2011-04-08,97.86,98.72,97.77,98.25,2182315.0
2011-04-11,98.13,99.92,97.94,99.27,2617314.0
2011-04-12,99.28,100.31,98.83,99.23,3494568.0
2011-04-13,99.17,100.12,99.01,99.74,2938919.0
2011-04-14,99.73,99.84,98.15,98.29,3662196.0
2011-04-15,98.42,98.99,95.51,96.42,5332701.0
2011-04-18,96.3,96.98,95.76,96.8,1960899.0
2011-04-19,96.8,97.68,95.92,96.97,2288067.0
2011-04-20,96.97,97.98,96.76,97.77,2250928.0
2011-04-21,97.88,99.33,97.72,97.8,2868434.0
2011-04-22,98.16,98.66,97.62,98.52,1450023.0
2011-04-25,100.68,103.52,100.4,102.39,7022553.0
2011-04-26,102.36,102.63,101.17,101.33,3109542.0
2011-04-27,101.57,103.47,101.24,101.32,2774847.0
2011-04-28,101.85,102.12,99.45,99.79,2535717.0
2011-04-29,99.78,102.41,99.38,101.97,2208382.0
2011-05-03,102.36,104.48,101.8,103.95,4127082.0
2011-05-04,103.19,105.2,102.6,102.63,3252106.0
2011-05-05,102.64,104.87,102.36,103.45,2669349.0
2011-05-06,102.91,104.59,102.36,103.93,2396065.0
2011-05-09,104.36,104.87,102.86,103.0,1217595.0
2011-05-10,102.95,103.19,102.23,102.69,1591880.0
2011-05-11,102.37,104.2,102.37,103.62,1289667.0
2011-05-12,103.47,105.99,103.25,104.77,2502771.0
2011-05-13,104.79,105.71,103.75,104.96,1225320.0
2011-05-16,104.87,105.7,104.31,104.97,1150557.0
2011-05-17,104.6,106.44,104.03,104.94,2086644.0
2011-05-18,104.76,110.43,104.76,109.04,6216505.0
2011-05-19,109.63,112.79,109.63,111.8,8573805.0
2011-05-20,112.26,112.79,111.2,112.33,4004386.0
2011-05-23,111.86,113.4,110.19,110.2,3942088.0
2011-05-24,109.35,110.47,108.79,108.85,2399707.0
2011-05-26,108.96,113.42,108.96,111.13,3897036.0
2011-05-27,111.8,112.3,108.07,108.36,3172958.0
2011-05-30,107.49,113.31,107.26,113.28,4728600.0
2011-05-31,113.35,114.09,112.59,113.99,3385483.0
2011-06-01,114.16,117.45,113.55,117.4,3909376.0
2011-06-02,116.62,117.27,113.88,115.55,3958543.0
2011-06-03,115.23,118.97,115.23,118.36,2948396.0
2011-06-07,118.56,118.57,115.38,116.27,2687617.0
2011-06-08,116.09,117.29,113.87,116.75,2507047.0
2011-06-09,116.37,116.51,112.85,112.88,3617970.0
2011-06-10,112.7,114.37,111.75,113.3,3427917.0
2011-06-13,113.26,114.04,111.19,112.7,2800457.0
2011-06-14,112.69,114.65,112.14,114.36,3748788.0
2011-06-15,114.11,114.36,113.09,113.66,1640856.0
2011-06-16,113.09,114.82,111.99,113.55,1773147.0
2011-06-17,113.82,117.45,113.35,116.69,3341100.0
2011-06-20,116.39,116.49,112.42,113.8,2990915.0
2011-06-21,113.0,114.57,113.0,113.71,1273817.0
2011-06-22,113.65,116.05,113.65,115.18,1618853.0
2011-06-23,114.83,117.01,114.66,116.33,2028098.0
2011-06-24,116.25,117.54,114.86,115.47,3706850.0
2011-06-27,115.89,116.88,115.1,116.49,2319042.0
2011-06-28,116.9,118.5,115.9,117.71,2554048.0
2011-06-29,117.95,119.07,116.28,117.98,1959670.0
2011-06-30,117.47,119.3,117.47,118.93,3270121.0
2011-07-01,119.73,119.73,118.11,119.19,1581050.0
2011-07-04,118.93,120.25,118.67,120.05,4633841.0
2011-07-05,120.04,120.05,118.05,119.07,2705785.0
2011-07-06,118.79,119.42,118.24,118.84,1975377.0
2011-07-07,118.8,121.96,118.8,120.73,4095675.0
2011-07-08,120.88,121.58,120.01,120.71,1718381.0
2011-07-11,120.7,123.2,120.32,122.42,2561574.0
2011-07-12,122.11,122.42,120.44,120.5,2848826.0
2011-07-13,120.72,121.59,120.27,121.03,2210907.0
2011-07-14,121.03,121.16,119.92,120.2,2482217.0
2011-07-15,119.79,121.78,119.79,121.38,1776389.0
2011-07-18,121.41,124.67,121.41,123.75,2852341.0
2011-07-19,123.71,124.41,122.65,123.67,2027661.0
2011-07-20,124.39,124.69,123.46,124.33,1896708.0
2011-07-21,124.5,127.82,124.4,126.53,4767686.0
2011-07-22,126.36,129.92,126.36,128.3,4986088.0
2011-07-25,128.75,129.17,125.96,126.67,3526043.0
2011-07-26,126.57,126.88,125.64,126.61,2479175.0
2011-07-27,126.82,129.06,126.05,127.08,3067625.0
2011-07-28,126.82,129.31,125.64,129.22,2292323.0
2011-07-29,129.06,129.06,127.69,128.56,1910416.0
2011-08-01,128.95,128.95,126.14,126.5,1857289.0
2011-08-02,125.76,126.11,123.49,125.09,2784958.0
2011-08-03,123.9,126.14,123.77,125.51,1706132.0
2011-08-04,125.95,127.93,125.52,127.49,1777327.0
2011-08-05,124.45,127.88,124.45,126.34,2131985.0
2011-08-08,125.02,127.57,123.15,124.18,3688434.0
2011-08-09,122.18,126.26,120.04,125.08,3692433.0
2011-08-10,125.89,128.43,124.24,127.94,3843626.0
2011-08-11,126.88,134.1,126.88,133.54,6194915.0
2011-08-12,133.73,135.34,132.48,134.83,3946631.0
2011-08-15,135.09,136.08,131.81,132.67,2945063.0
2011-08-16,132.89,133.9,129.54,130.42,3749156.0
2011-08-17,130.62,131.54,129.82,130.52,1355328.0
2011-08-18,130.19,130.52,128.35,129.5,2934173.0
2011-08-19,128.69,130.71,128.47,130.55,3748808.0
2011-08-22,130.68,131.18,126.63,127.08,2816438.0
2011-08-23,126.88,128.25,126.51,127.46,2357921.0
2011-08-24,127.51,129.37,126.94,128.0,1795707.0
2011-08-25,129.06,129.68,127.51,129.01,3008305.0
2011-08-26,128.99,132.47,128.66,132.41,2274888.0
2011-08-29,131.86,134.33,130.3,133.89,2608244.0
2011-08-30,134.04,135.24,132.49,133.61,2881601.0
2011-08-31,136.09,136.52,133.41,133.58,5001461.0
2011-09-01,133.54,134.02,130.93,131.54,2568961.0
2011-09-02,131.15,131.98,130.55,131.77,1383257.0
2011-09-05,131.36,131.47,128.44,128.92,2734484.0
2011-09-06,128.13,129.56,125.81,126.27,3209469.0
2011-09-07,126.63,129.3,126.57,129.12,2008770.0
2011-09-08,129.37,129.99,127.89,128.05,1318267.0
2011-09-09,128.48,130.42,126.88,128.8,1422719.0
2011-09-13,127.25,128.13,125.07,125.41,1894913.0
2011-09-14,126.26,126.44,120.77,123.12,4762579.0
2011-09-15,123.15,124.52,123.01,123.46,1912200.0
2011-09-16,124.08,126.34,123.15,126.21,1802927.0
2011-09-19,126.7,127.19,125.59,126.09,1535204.0
2011-09-20,126.07,126.07,124.08,124.92,1278463.0
2011-09-21,124.91,127.52,124.71,127.11,2464016.0
2011-09-22,126.26,126.81,122.72,122.94,2433610.0
2011-09-23,120.73,121.91,118.11,120.69,7653720.0
2011-09-26,119.33,120.82,116.93,117.01,4221118.0
2011-09-27,118.16,119.2,116.73,117.84,2474981.0
2011-09-28,118.67,118.67,115.83,116.38,3238984.0
2011-09-29,115.0,118.8,115.0,116.37,3003061.0
2011-09-30,116.41,118.86,116.41,118.54,1826966.0
2011-10-10,118.72,119.3,116.7,116.93,1428391.0
2011-10-11,119.41,119.41,113.82,116.29,2058625.0
2011-10-12,116.0,119.79,114.71,119.44,2977855.0
2011-10-13,119.44,121.19,118.18,119.46,2396172.0
2011-10-14,118.83,119.9,118.05,119.07,1246836.0
2011-10-17,119.53,122.85,119.17,122.62,2600851.0
2011-10-18,121.5,124.0,121.29,122.17,2278575.0
2011-10-19,122.79,125.33,122.53,123.23,2265785.0
2011-10-20,122.53,123.5,118.55,118.86,2931263.0
2011-10-21,118.59,121.29,118.59,120.91,1711645.0
2011-10-24,121.78,125.09,120.91,124.74,3239068.0
2011-10-25,123.9,126.47,123.9,124.78,3204192.0
2011-10-26,124.32,125.69,123.59,125.55,2949276.0
2011-10-27,125.67,127.11,125.35,125.64,2010454.0
2011-10-28,126.58,128.62,126.58,127.51,2605660.0
2011-10-31,127.69,128.24,126.06,127.01,2812199.0
2011-11-01,126.37,129.06,125.96,128.87,2714739.0
2011-11-02,127.47,130.4,127.26,130.35,2664701.0
2011-11-03,131.28,131.55,128.86,128.92,3046590.0
2011-11-04,129.3,130.62,128.33,129.22,1854675.0
2011-11-07,129.5,129.81,128.48,128.62,1657390.0
2011-11-08,129.16,129.33,126.87,127.35,2554641.0
2011-11-09,127.44,128.54,125.95,126.96,2469607.0
2011-11-10,126.44,127.88,126.34,127.51,1461770.0
2011-11-11,127.51,127.6,126.28,126.86,1169264.0
2011-11-14,127.81,129.46,127.01,128.91,1798624.0
2011-11-15,129.12,129.34,126.26,126.84,1778226.0
2011-11-16,126.85,126.85,124.33,124.87,2954580.0
2011-11-17,124.92,126.63,124.59,125.54,1558904.0
2011-11-18,125.56,126.19,124.21,124.75,1990746.0
2011-11-21,124.83,126.51,124.46,124.94,1838975.0
2011-11-22,124.95,128.68,124.77,128.17,3565252.0
2011-11-23,127.89,130.18,127.89,130.06,3153785.0
2011-11-24,129.74,130.11,129.06,129.18,2655899.0
2011-11-25,129.22,132.69,128.75,130.6,4023570.0
2011-11-28,130.81,133.58,130.19,133.02,5337998.0
2011-11-29,132.98,134.4,131.73,132.21,4135500.0
2011-11-30,132.41,133.59,129.87,130.65,4026323.0
2011-12-01,132.61,133.84,130.78,132.38,3378549.0
2011-12-02,131.86,134.47,131.86,133.12,2726718.0
2011-12-05,133.38,133.38,128.38,128.58,3902560.0
2011-12-06,128.44,128.47,125.45,126.68,3715216.0
2011-12-07,126.7,128.44,126.7,127.94,2733376.0
2011-12-08,128.07,129.74,126.19,126.26,2466108.0
2011-12-09,126.17,126.79,124.21,124.28,3674573.0
2011-12-12,124.28,124.96,122.46,122.87,2952692.0
2011-12-13,122.48,123.14,121.9,122.06,2999583.0
2011-12-14,122.06,124.4,122.06,123.05,2081322.0
2011-12-15,122.45,123.7,121.32,122.52,2188003.0
2011-12-16,123.15,125.63,123.15,125.5,3064900.0
2011-12-19,125.0,125.26,123.96,125.02,2545636.0
2011-12-20,125.02,126.14,123.46,124.54,1710630.0
2011-12-21,125.13,125.32,122.52,122.67,2196281.0
2011-12-22,122.84,124.97,121.78,124.19,1744332.0
2011-12-23,124.33,125.27,123.77,124.87,1760956.0
2011-12-26,124.77,124.78,119.61,120.12,4699504.0
2011-12-27,120.04,120.04,117.13,117.57,3131498.0
2011-12-28,117.12,118.49,115.99,118.32,2773843.0
2011-12-29,117.62,119.97,117.62,119.55,2006213.0
2011-12-30,119.86,121.21,118.18,120.23,2946086.0
2012-01-04,119.11,119.9,115.07,115.23,3387828.0
2012-01-05,114.44,115.19,113.42,113.92,3012264.0
2012-01-06,113.88,116.96,112.98,116.09,2519062.0
2012-01-09,115.69,116.99,113.06,116.94,2616016.0
2012-01-10,116.31,121.07,115.76,120.96,3923560.0
2012-01-11,120.01,120.6,117.74,117.98,3989116.0
2012-01-12,117.29,119.15,117.29,118.39,2744036.0
2012-01-13,118.61,118.92,116.63,117.36,2054230.0
2012-01-16,116.55,116.55,109.26,110.35,5165579.0
2012-01-17,110.65,113.19,106.3,112.23,6122764.0
2012-01-18,112.84,115.18,109.88,110.33,4729465.0
2012-01-19,110.64,112.95,109.16,112.39,2432942.0
2012-01-20,113.2,115.81,113.2,115.67,2968320.0
2012-01-30,115.68,116.3,113.86,114.32,3055021.0
2012-01-31,114.71,116.06,114.66,115.94,1585470.0
2012-02-01,115.81,117.26,114.99,115.78,2482436.0
2012-02-02,115.78,116.31,114.62,115.96,2037511.0
2012-02-03,115.97,116.06,114.13,115.99,2651789.0
2012-02-06,116.07,117.4,115.56,117.27,2974767.0
2012-02-07,116.5,117.21,115.31,115.6,1794210.0
2012-02-08,115.6,117.55,115.12,117.11,2308220.0
2012-02-09,116.93,118.89,116.72,118.64,3138479.0
2012-02-10,117.88,119.67,117.62,118.49,2227637.0
2012-02-13,117.86,121.39,117.34,120.3,2163921.0
2012-02-14,119.85,121.07,119.3,120.55,1514248.0
2012-02-15,119.87,121.85,119.87,121.16,2471409.0
2012-02-16,120.37,121.16,118.55,119.25,2201602.0
2012-02-17,120.59,120.59,118.41,119.07,1228791.0
2012-02-20,120.02,120.46,118.67,118.71,1853002.0
2012-02-21,119.29,119.78,118.42,119.39,1378929.0
2012-02-22,119.89,120.35,118.79,119.89,2235227.0
2012-02-23,119.74,121.31,119.74,120.86,3343326.0
2012-02-24,120.78,123.28,120.76,123.2,2394408.0
2012-02-27,123.64,124.41,122.84,123.46,2656235.0
2012-02-28,124.04,124.99,123.5,124.86,2569800.0
2012-02-29,125.02,127.51,124.71,127.17,3943224.0
2012-03-01,126.58,127.8,125.88,126.0,1692079.0
2012-03-02,126.03,126.7,124.09,124.96,3521672.0
2012-03-05,124.92,124.94,123.52,124.3,3055381.0
2012-03-06,123.77,124.3,121.91,121.94,3147400.0
2012-03-07,121.11,121.65,120.03,120.12,2919886.0
2012-03-08,120.17,121.98,120.03,120.94,2357465.0
2012-03-09,121.09,124.47,120.79,124.35,2923934.0
2012-03-12,124.47,125.4,123.79,124.73,2568162.0
2012-03-13,124.46,126.45,124.46,125.43,1831624.0
2012-03-14,125.38,126.91,123.15,123.57,4069986.0
2012-03-15,123.8,125.89,123.52,123.73,2809496.0
2012-03-16,124.89,129.37,124.58,129.12,5158356.0
2012-03-19,129.25,131.59,127.86,129.15,4563576.0
2012-03-20,129.09,130.06,128.2,129.22,2340021.0
2012-03-21,129.25,129.99,126.8,127.57,2952771.0
2012-03-22,127.08,128.69,127.06,127.72,833187.0
2012-03-23,129.06,132.2,129.06,131.87,5487370.0
2012-03-26,131.31,134.28,131.3,133.85,3765379.0
2012-03-27,130.75,131.23,125.02,125.33,7910614.0
2012-03-28,123.77,127.51,123.34,125.27,5546101.0
2012-03-29,124.89,127.82,124.4,125.11,3698279.0
2012-03-30,125.12,126.26,121.29,122.5,3795990.0
2012-04-05,121.97,128.38,121.97,128.13,4096098.0
2012-04-06,127.89,129.42,127.84,129.35,2672989.0
2012-04-09,129.09,130.57,127.88,130.16,1447453.0
2012-04-10,130.17,130.48,127.57,129.44,1664063.0
2012-04-11,127.51,131.55,126.58,129.9,3146072.0
2012-04-12,129.9,132.18,128.55,132.12,2842297.0
2012-04-13,132.17,133.13,131.49,132.5,2052730.0
2012-04-16,132.17,133.97,131.6,132.38,2089329.0
2012-04-17,132.38,132.49,130.62,130.73,1787226.0
2012-04-18,130.87,133.6,130.62,133.02,2281545.0
2012-04-19,132.97,133.33,129.25,130.29,2182370.0
2012-04-20,129.56,132.7,129.56,132.17,1704631.0
2012-04-23,131.69,133.27,130.53,131.76,1328165.0
2012-04-24,131.98,132.49,130.58,131.56,2178206.0
2012-04-25,132.14,132.64,130.62,132.43,1552942.0
2012-04-26,133.26,134.97,132.79,134.78,3501976.0
2012-04-27,134.78,140.24,134.78,139.67,4272823.0
2012-05-02,140.57,140.92,138.08,140.55,3533975.0
2012-05-03,140.55,141.38,139.08,141.0,2565446.0
2012-05-04,140.88,146.09,140.88,145.54,3187943.0
2012-05-07,146.04,147.88,145.09,145.86,3424466.0
2012-05-08,145.82,146.07,142.67,145.61,3666491.0
2012-05-09,143.75,144.7,141.31,143.57,3290959.0
2012-05-10,143.68,143.68,141.16,141.62,3057404.0
2012-05-11,141.81,142.12,140.5,141.62,2326071.0
2012-05-14,141.81,141.81,137.21,138.19,3879704.0
2012-05-15,137.52,139.11,136.9,138.77,1616874.0
2012-05-16,138.67,138.95,135.59,136.85,2813954.0
2012-05-17,136.91,137.71,135.97,136.78,3417233.0
2012-05-18,136.01,136.82,134.28,135.54,2627778.0
2012-05-21,135.33,139.65,135.33,138.82,2884345.0
2012-05-22,139.95,143.99,139.95,142.61,4145847.0
2012-05-23,142.59,144.36,141.81,143.35,2472263.0
2012-05-24,142.93,144.78,135.52,136.98,5374347.0
2012-05-25,136.98,137.38,134.35,135.95,3056929.0
2012-05-28,135.6,140.5,135.47,140.25,2783372.0
2012-05-30,141.51,143.04,141.19,142.22,2570070.0
2012-05-31,141.94,147.91,141.81,147.21,3736705.0
2012-06-01,148.03,151.14,147.23,149.5,3850434.0
2012-06-04,148.03,151.13,147.08,147.12,2432761.0
2012-06-05,147.71,150.39,147.54,149.77,2456131.0
2012-06-06,149.9,150.52,147.04,147.15,1872894.0
2012-06-07,148.27,149.69,147.28,148.02,1967730.0
2012-06-08,148.65,149.39,146.79,148.64,1728624.0
2012-06-11,148.59,149.42,145.17,146.51,3306123.0
2012-06-12,145.67,147.09,144.38,145.45,1637252.0
2012-06-13,145.85,148.76,144.98,148.65,2046347.0
2012-06-14,148.03,152.88,147.55,152.13,2870473.0
2012-06-15,152.4,153.26,149.13,151.38,1985984.0
2012-06-18,151.4,154.44,151.4,153.29,1953835.0
2012-06-19,152.45,154.36,150.49,151.58,1729994.0
2012-06-20,151.66,152.01,150.52,151.49,1139346.0
2012-06-21,151.49,151.51,148.53,149.14,1703403.0
2012-06-25,148.09,150.49,147.72,147.78,1843405.0
2012-06-26,147.53,148.58,144.68,147.94,2612247.0
2012-06-27,148.03,150.71,148.03,150.46,2325714.0
2012-06-28,150.44,150.52,146.78,146.87,2221341.0
2012-06-29,146.39,149.9,146.39,148.75,2322419.0
2012-07-02,149.27,152.35,146.8,150.43,2573126.0
2012-07-03,150.08,158.6,149.9,158.57,5015863.0
2012-07-04,159.85,161.65,156.74,160.88,4503524.0
2012-07-05,158.95,160.46,157.4,158.98,2274937.0
2012-07-06,159.17,165.5,158.06,164.25,3915883.0
2012-07-09,164.18,166.15,160.86,160.92,2852711.0
2012-07-10,160.78,162.48,157.85,158.19,2698710.0
2012-07-11,158.52,163.2,156.91,163.0,3200994.0
2012-07-12,163.06,167.42,161.09,161.76,3727302.0
2012-07-13,161.52,166.78,161.28,165.96,2954811.0
2012-07-16,165.58,168.09,165.45,165.67,2953356.0
2012-07-17,164.25,164.88,160.03,160.31,3603098.0
2012-07-18,160.21,161.66,151.55,154.75,7404692.0
2012-07-19,154.14,157.02,153.54,155.54,2658099.0
2012-07-20,155.09,158.4,153.44,153.56,2605464.0
2012-07-23,151.54,153.8,150.99,153.25,1981140.0
2012-07-24,152.0,160.58,152.0,157.54,3437214.0
2012-07-25,157.93,161.6,157.63,161.44,2617022.0
2012-07-26,161.03,163.94,157.75,158.21,2341879.0
2012-07-27,158.49,159.2,155.91,157.59,1842165.0
2012-07-30,157.46,159.58,156.39,157.83,1749531.0
2012-07-31,157.62,160.46,155.44,155.69,1946572.0
2012-08-01,155.52,157.07,152.81,153.54,2671517.0
2012-08-02,153.58,155.09,152.34,152.98,1705477.0
2012-08-03,153.2,156.04,152.99,156.01,1647273.0
2012-08-06,155.81,157.68,154.9,157.2,1732099.0
2012-08-07,157.19,159.68,156.75,159.14,1811918.0
2012-08-08,159.49,160.46,157.3,159.7,1489341.0
2012-08-09,159.07,165.29,158.69,164.83,3067240.0
2012-08-10,158.57,160.9,154.16,156.8,9122580.0
2012-08-13,156.97,157.73,155.91,156.67,2303706.0
2012-08-14,156.67,157.93,154.78,156.36,1878686.0
2012-08-15,156.03,156.29,153.83,154.23,2272348.0
2012-08-16,154.31,155.09,151.03,151.16,3148258.0
2012-08-17,150.62,150.62,144.35,145.06,5907195.0
2012-08-20,145.05,146.99,142.76,146.97,2405208.0
2012-08-21,146.99,151.55,146.99,148.96,2632324.0
2012-08-22,149.67,149.67,145.3,146.68,2042310.0
2012-08-23,146.5,146.5,142.82,144.21,2795600.0
2012-08-24,143.54,147.14,143.44,146.49,2167620.0
2012-08-27,145.62,145.7,143.5,144.35,2089940.0
2012-08-28,144.67,145.67,142.15,142.48,2029476.0
2012-08-29,142.14,142.14,138.21,138.45,3042567.0
2012-08-30,137.08,138.47,134.88,137.64,4834871.0
2012-08-31,137.72,140.25,137.21,138.83,2248472.0
2012-09-04,149.72,150.35,145.93,147.47,11150873.0
2012-09-05,146.88,148.44,146.56,147.86,2749049.0
2012-09-06,147.99,148.14,144.73,146.41,2079419.0
2012-09-07,147.32,153.51,147.32,152.63,4281280.0
2012-09-10,152.7,155.41,151.16,152.68,2816965.0
2012-09-11,151.81,151.81,150.34,151.45,1613572.0
2012-09-12,152.57,155.72,150.92,151.78,2902325.0
2012-09-13,151.9,152.59,150.54,151.6,1429423.0
2012-09-14,152.25,154.87,151.06,154.62,2458683.0
2012-09-17,154.78,155.84,152.38,152.44,2001452.0
2012-09-18,152.12,153.58,151.3,151.83,1827708.0
2012-09-19,151.33,152.25,145.39,146.29,4099132.0
2012-09-20,145.87,147.06,144.6,144.69,2151753.0
2012-09-21,144.23,147.2,144.11,145.67,1567968.0
2012-09-24,144.67,147.18,144.09,146.79,1763483.0
2012-09-25,146.86,150.72,146.25,150.68,2623050.0
2012-09-26,150.35,151.97,147.64,149.01,2036267.0
2012-09-27,148.46,152.62,148.16,152.05,2714042.0
2012-09-28,151.0,155.38,150.99,155.28,3128344.0
2012-10-08,154.97,154.97,150.03,151.58,2360828.0
2012-10-09,152.24,154.81,151.64,154.24,2341089.0
2012-10-10,153.51,154.67,152.09,154.03,1345670.0
2012-10-11,153.1,153.99,152.33,152.84,1062599.0
2012-10-12,153.27,154.64,152.71,153.83,1174212.0
2012-10-15,154.63,156.19,154.63,155.22,1888333.0
2012-10-16,154.85,158.62,154.85,157.81,2773791.0
2012-10-17,157.81,158.25,156.61,157.16,1598080.0
2012-10-18,157.46,160.78,157.3,158.71,2227806.0
2012-10-19,158.72,161.07,158.72,159.83,1862954.0
2012-10-22,159.63,160.16,156.55,158.28,1911744.0
2012-10-23,158.44,158.44,154.52,154.59,1870276.0
2012-10-24,154.52,156.12,154.21,155.58,1097208.0
2012-10-25,156.04,156.67,154.33,155.45,915980.0
2012-10-26,157.13,157.29,151.66,152.31,2455909.0
2012-10-29,152.62,153.89,151.02,152.77,1449080.0
2012-10-30,152.75,155.09,152.38,154.51,1561011.0
2012-10-31,154.47,156.63,153.92,156.25,1584535.0
2012-11-01,156.8,158.47,155.63,157.56,1819126.0
2012-11-02,157.43,158.25,155.58,156.9,1697481.0
2012-11-05,156.03,156.03,152.38,153.46,2266559.0
2012-11-06,153.14,153.14,148.77,149.05,4171323.0
2012-11-07,148.46,150.37,148.46,150.02,1621759.0
2012-11-08,149.08,149.69,147.73,147.89,1626181.0
2012-11-09,147.88,148.96,147.61,148.34,1167006.0
2012-11-12,148.46,148.95,144.6,146.22,2046433.0
2012-11-13,145.93,145.93,142.58,144.07,2044777.0
2012-11-14,144.28,145.93,143.09,145.71,1223848.0
2012-11-15,144.67,144.67,142.98,143.56,1140061.0
2012-11-16,143.28,143.37,140.56,141.76,1967713.0
2012-11-19,141.76,141.76,131.97,135.22,7048401.0
2012-11-20,134.47,137.93,134.24,136.43,3807816.0
2012-11-21,136.36,138.86,133.8,138.13,3333464.0
2012-11-22,131.09,137.38,130.64,137.27,5152080.0
2012-11-23,135.84,140.88,135.83,140.39,2984464.0
2012-11-26,139.87,140.12,136.14,137.12,2195475.0
2012-11-27,137.12,139.67,136.57,138.83,2045885.0
2012-11-28,138.51,138.51,137.09,137.97,1501708.0
2012-11-29,137.97,139.06,137.81,138.53,1567574.0
2012-11-30,138.48,138.48,134.69,136.46,2137137.0
2012-12-03,134.56,134.56,125.75,126.47,7937236.0
2012-12-04,123.2,126.34,120.54,124.42,7870541.0
2012-12-05,122.75,126.68,119.17,124.23,11170381.0
2012-12-06,123.95,124.45,116.24,122.69,11756199.0
2012-12-07,124.45,128.05,124.19,125.58,9950141.0
2012-12-11,125.4,131.4,125.4,127.81,9223260.0
2012-12-12,129.51,133.92,127.93,133.84,6432531.0
2012-12-13,132.6,135.81,129.57,129.95,6199646.0
2012-12-14,128.24,132.35,125.4,131.35,7892633.0
2012-12-17,130.14,134.98,127.61,133.35,7136126.0
2012-12-18,133.43,136.95,133.4,135.53,4694545.0
2012-12-19,134.64,139.61,134.57,138.64,4756978.0
2012-12-20,138.04,139.24,136.2,137.97,3443414.0
2012-12-21,137.52,138.35,136.35,136.83,2509281.0
2012-12-24,133.94,133.94,126.35,129.24,10005074.0
2012-12-25,128.18,130.69,127.12,129.33,5953352.0
2012-12-26,128.74,130.64,128.06,129.66,4486624.0
2012-12-27,129.7,132.35,128.71,131.14,6092624.0
2012-12-28,131.15,136.19,131.15,134.12,5658924.0
2012-12-31,134.76,135.7,130.36,132.05,5191483.0
2013-01-04,133.93,133.93,129.51,130.73,5837034.0
2013-01-07,130.06,130.06,127.93,129.06,4127139.0
2013-01-08,128.36,133.2,128.36,133.2,6528698.0
2013-01-09,133.61,137.5,133.61,136.74,5374932.0
2013-01-10,136.19,137.09,134.56,135.51,3052786.0
2013-01-11,135.02,135.92,132.59,133.46,3700999.0
2013-01-14,131.72,132.85,128.12,132.3,6818358.0
2013-01-15,131.9,133.99,130.66,133.2,5263508.0
2013-01-16,129.51,130.64,128.67,130.14,6950165.0
2013-01-17,129.5,131.2,129.2,129.59,3620185.0
2013-01-18,130.23,130.44,126.42,128.72,5531807.0
2013-01-21,128.12,128.12,124.01,124.65,7477928.0
2013-01-22,123.7,126.18,119.4,125.61,7381541.0
2013-01-23,123.82,126.04,122.43,125.7,5101393.0
2013-01-24,125.02,126.41,123.06,123.8,5947438.0
2013-01-25,119.4,121.17,117.57,119.43,8000786.0
2013-01-28,117.5,118.64,112.45,112.77,15829058.0
2013-01-29,111.19,113.71,108.66,112.55,11544787.0
2013-01-30,111.85,115.29,111.62,113.79,7137678.0
2013-01-31,114.47,114.85,112.3,113.02,3781623.0
2013-02-01,113.01,114.83,112.47,113.07,4526564.0
2013-02-04,113.71,114.31,109.92,110.64,6496402.0
2013-02-05,110.52,116.56,109.8,116.51,8782540.0
2013-02-06,116.86,116.92,114.98,116.2,4619517.0
2013-02-07,115.61,117.85,114.55,116.98,4856791.0
2013-02-08,116.97,119.02,116.43,118.68,4157253.0
2013-02-18,118.96,118.96,113.08,113.52,5656978.0
2013-02-19,113.07,114.09,111.69,112.4,3773753.0
2013-02-20,111.82,113.7,110.57,112.39,3658226.0
2013-02-21,110.7,117.0,110.59,113.73,5383287.0
2013-02-22,114.34,117.88,114.34,117.24,6286418.0
2013-02-25,116.24,117.09,113.88,114.4,3454909.0
2013-02-26,114.16,116.24,112.03,112.05,4375479.0
2013-02-27,111.57,112.89,110.91,111.67,3415815.0
2013-02-28,112.32,112.32,108.66,110.55,5678643.0
2013-03-01,110.11,111.16,109.28,109.81,3800345.0
2013-03-04,109.75,111.58,109.75,110.38,5207295.0
2013-03-05,110.82,111.48,109.83,110.55,3697471.0
2013-03-06,111.19,112.01,109.7,111.96,4922726.0
2013-03-07,113.32,119.15,113.28,116.15,8519062.0
2013-03-08,117.51,118.45,116.03,116.32,3595978.0
2013-03-11,116.11,117.19,114.86,117.0,3496528.0
2013-03-12,117.5,117.57,113.71,115.09,2539365.0
2013-03-13,115.23,117.52,115.23,116.13,3076990.0
2013-03-14,115.29,116.73,112.87,113.04,3512400.0
2013-03-15,112.15,114.16,110.62,111.8,3596112.0
2013-03-18,111.75,111.75,106.25,107.05,7823153.0
2013-03-19,106.26,107.28,103.93,104.35,6341403.0
2013-03-20,104.4,107.77,103.67,107.34,7189498.0
2013-03-21,107.08,107.08,104.74,105.36,6539272.0
2013-03-22,105.17,107.33,104.69,106.8,4557863.0
2013-03-25,106.76,107.88,106.2,106.78,3196646.0
2013-03-26,106.83,108.16,106.39,107.32,3248009.0
2013-03-27,107.4,107.65,104.49,105.37,4766221.0
2013-03-28,104.92,106.25,102.54,105.39,4149090.0
2013-03-29,105.66,107.12,104.88,106.68,4771709.0
2013-04-01,106.19,106.42,103.97,104.21,2912880.0
2013-04-02,104.3,104.85,103.14,103.42,3252490.0
2013-04-03,103.4,104.24,103.09,103.51,2199050.0
2013-04-08,102.43,104.24,101.36,103.81,3773276.0
2013-04-09,103.54,104.17,102.78,103.35,2419465.0
2013-04-10,103.61,108.1,102.78,107.37,7085838.0
2013-04-11,107.4,108.03,106.32,106.71,2972952.0
2013-04-12,106.71,110.18,106.45,108.8,5980006.0
2013-04-15,108.83,109.71,107.41,109.13,2833673.0
2013-04-16,107.4,110.68,107.14,109.39,3913792.0
2013-04-17,109.67,112.94,109.64,112.76,4297408.0
2013-04-18,111.94,113.71,111.19,113.18,4195684.0
2013-04-19,113.33,113.64,111.75,113.23,3923838.0
2013-04-22,113.02,113.02,109.61,109.74,4274596.0
2013-04-23,109.61,110.54,108.47,108.54,3095262.0
2013-04-24,108.8,110.55,107.59,110.47,3040261.0
2013-04-25,109.94,112.17,109.43,111.63,2535969.0
2013-04-26,112.08,112.45,109.3,109.92,1630764.0
2013-05-02,109.29,109.32,106.78,108.1,2858679.0
2013-05-03,108.53,109.94,107.77,108.94,2146052.0
2013-05-06,109.29,112.44,108.65,112.32,3019639.0
2013-05-07,113.09,118.98,113.09,118.57,7102055.0
2013-05-08,118.64,120.03,117.59,119.33,4241606.0
2013-05-09,119.56,124.58,119.56,124.57,7013468.0
2013-05-10,124.46,126.93,123.83,124.52,4877659.0
2013-05-13,124.52,127.36,122.41,124.88,3257904.0
2013-05-14,123.88,124.52,120.04,120.78,3643160.0
2013-05-15,120.59,124.24,120.49,122.97,2326440.0
2013-05-16,122.56,126.67,121.29,123.09,4546227.0
2013-05-17,122.61,124.11,121.93,123.76,3355672.0
2013-05-20,124.33,125.39,122.84,123.19,3094406.0
2013-05-21,123.11,123.67,122.25,123.2,2310234.0
2013-05-22,123.6,126.73,123.25,126.01,4614964.0
2013-05-23,126.1,130.45,126.1,127.89,6224745.0
2013-05-24,128.87,130.88,126.35,126.94,4507312.0
2013-05-27,127.59,127.67,125.08,127.38,2677812.0
2013-05-28,127.54,128.44,126.06,127.7,2367636.0
2013-05-29,128.24,130.69,127.2,127.29,3234002.0
2013-05-30,126.85,128.13,125.72,126.51,2501942.0
2013-05-31,126.96,127.23,124.45,124.52,2459056.0
2013-06-03,125.15,127.96,124.57,127.66,4025675.0
2013-06-04,127.8,129.7,127.39,127.42,4235692.0
2013-06-05,127.61,127.93,126.08,127.09,2372442.0
2013-06-06,127.11,129.38,127.11,127.4,3387735.0
2013-06-07,127.31,130.5,126.27,128.06,2547838.0
2013-06-13,127.32,129.51,125.29,127.05,4499864.0
2013-06-14,126.82,127.24,123.7,126.6,3251867.0
2013-06-17,126.76,127.23,123.46,123.64,2968927.0
2013-06-18,123.43,125.15,121.71,125.05,2737772.0
2013-06-19,124.55,127.57,122.8,127.13,2890918.0
2013-06-20,126.89,127.55,124.37,125.11,2558681.0
2013-06-21,124.0,127.81,122.35,124.74,3965419.0
2013-06-24,125.03,125.28,120.83,121.12,4080720.0
2013-06-25,121.08,124.17,114.86,123.87,5135249.0
2013-06-26,122.99,123.86,120.57,123.14,3290348.0
2013-06-27,123.14,125.51,122.73,123.7,3413576.0
2013-06-28,123.23,126.23,123.23,125.52,2807002.0
2013-07-01,125.3,127.22,124.64,126.78,2582852.0
2013-07-02,126.76,129.84,125.69,129.16,3345317.0
2013-07-03,129.78,130.37,127.98,129.18,3542464.0
2013-07-04,128.59,130.41,128.27,128.3,2421452.0
2013-07-05,128.48,130.09,128.48,128.62,1777954.0
2013-07-08,128.47,129.13,125.93,127.34,2411390.0
2013-07-09,128.09,128.09,124.44,125.31,2023361.0
2013-07-10,124.77,126.65,123.25,126.48,3324496.0
2013-07-11,126.95,128.22,125.3,127.87,4605661.0
2013-07-12,127.31,128.39,123.13,123.2,4299164.0
2013-07-15,123.57,124.04,120.67,122.64,3660735.0
2013-07-16,122.78,124.81,121.04,124.6,3701140.0
2013-07-17,124.3,124.49,121.9,121.97,2738846.0
2013-07-18,122.02,122.31,119.87,120.76,2569977.0
2013-07-19,120.72,120.72,113.88,114.85,7331922.0
2013-07-22,114.62,115.55,112.92,114.11,2706232.0
2013-07-23,114.8,117.64,114.18,117.18,2875611.0
2013-07-24,117.06,117.06,112.95,113.94,4406723.0
2013-07-25,114.45,117.32,113.73,116.63,3954054.0
2013-07-26,115.49,116.02,114.12,114.17,1904567.0
2013-07-29,113.72,113.72,111.58,111.79,2688331.0
2013-07-30,111.12,111.76,108.05,109.9,4211397.0
2013-07-31,110.72,111.71,109.43,109.95,1459004.0
2013-08-01,110.91,112.56,110.31,112.16,2485259.0
2013-08-02,112.75,116.25,112.68,114.86,2924078.0
2013-08-05,114.86,115.34,113.47,114.52,1806507.0
2013-08-06,113.49,114.52,112.69,114.34,2656226.0
2013-08-07,114.06,116.58,113.36,115.09,2837775.0
2013-08-08,115.12,115.73,113.8,114.29,1607673.0
2013-08-09,114.48,114.9,111.54,112.77,2288924.0
2013-08-12,112.75,116.43,112.56,116.35,3939034.0
2013-08-13,116.15,117.78,115.17,117.42,2543583.0
2013-08-14,117.38,118.98,116.41,116.6,2172190.0
2013-08-15,116.71,118.23,115.75,115.79,1536566.0
2013-08-16,115.84,118.1,113.57,113.8,3497393.0
2013-08-19,114.45,114.78,112.88,114.3,1935761.0
2013-08-20,113.63,114.19,112.69,113.28,3125074.0
2013-08-21,114.2,114.29,112.49,113.99,2310320.0
2013-08-22,113.93,115.29,113.55,114.24,1550152.0
2013-08-23,114.82,114.83,111.91,112.88,1952964.0
2013-08-26,112.96,114.19,112.23,113.5,1688531.0
2013-08-27,113.39,113.39,112.23,112.98,2443655.0
2013-08-28,112.34,112.34,110.65,110.86,3060304.0
2013-08-29,110.93,111.15,109.69,109.93,2180402.0
2013-08-30,109.93,110.27,109.33,110.13,2586142.0
2013-09-02,104.92,104.92,99.12,99.13,22497074.0
2013-09-03,98.53,99.7,97.22,98.96,12321105.0
2013-09-04,99.18,100.19,98.92,99.25,7678998.0
2013-09-05,99.09,99.7,97.42,98.05,7128326.0
2013-09-06,97.94,98.46,97.73,98.06,3778366.0
2013-09-09,98.53,98.87,97.8,98.5,6927092.0
2013-09-10,98.4,99.1,97.93,98.93,5409309.0
2013-09-11,99.02,99.69,97.88,99.55,6901293.0
2013-09-12,99.59,99.96,98.67,99.01,4772311.0
2013-09-13,98.98,100.8,98.95,99.19,6825487.0
2013-09-16,99.59,99.59,97.61,97.65,5887712.0
2013-09-17,97.22,97.35,91.68,92.2,10905797.0
2013-09-18,92.0,92.9,91.03,92.59,6731766.0
2013-09-23,92.65,92.66,91.38,91.88,6540962.0
2013-09-24,92.0,92.83,89.2,89.26,9881915.0
2013-09-25,89.1,89.72,86.8,88.19,6978901.0
2013-09-26,87.44,88.88,87.44,88.36,4722783.0
2013-09-27,88.41,88.85,87.3,87.48,3463925.0
2013-09-30,87.39,88.94,87.12,88.7,5046064.0
2013-10-08,88.58,89.65,87.56,89.18,5686725.0
2013-10-09,89.13,89.65,88.61,89.39,4081504.0
2013-10-10,89.39,89.64,88.9,89.42,2904552.0
2013-10-11,88.28,89.94,88.28,89.73,3645556.0
2013-10-14,90.01,91.18,89.6,91.12,5527479.0
2013-10-15,91.18,94.48,90.75,94.12,6927751.0
2013-10-16,95.46,96.38,92.72,94.12,9481320.0
2013-10-17,94.35,95.14,93.64,94.09,4862119.0
2013-10-18,94.28,94.56,92.66,93.3,3557495.0
2013-10-21,93.64,94.81,92.79,94.67,4702298.0
2013-10-22,94.48,94.48,93.15,93.58,2458139.0
2013-10-23,93.48,94.41,92.79,93.76,2621511.0
2013-10-24,93.5,93.94,93.11,93.77,2625533.0
2013-10-25,93.32,93.32,88.48,89.22,5858415.0
2013-10-28,88.6,89.24,86.95,87.42,3214102.0
2013-10-29,87.53,87.87,85.81,86.65,3518294.0
2013-10-30,86.77,86.98,86.11,86.52,2534346.0
2013-10-31,86.56,89.07,86.46,88.16,3489343.0
2013-11-01,87.65,88.64,87.31,88.21,2215447.0
2013-11-04,88.38,89.37,88.26,88.96,1943628.0
2013-11-05,88.61,90.3,87.89,90.12,2784307.0
2013-11-06,90.23,92.01,89.72,91.12,4444925.0
2013-11-07,90.93,91.27,89.2,90.68,2135888.0
2013-11-08,90.44,91.34,88.75,88.83,2153743.0
2013-11-11,90.05,92.45,88.86,91.06,5232877.0
2013-11-12,90.97,94.84,90.73,94.51,6947801.0
2013-11-13,94.02,95.56,93.37,94.43,3188146.0
2013-11-14,94.61,94.61,92.45,94.01,2404202.0
2013-11-15,93.79,94.37,92.72,93.6,3359785.0
2013-11-18,93.96,94.52,93.18,93.63,4157171.0
2013-11-19,93.64,94.09,92.2,93.19,4116683.0
2013-11-20,93.14,93.26,92.26,92.7,2551780.0
2013-11-21,92.45,92.85,90.41,90.48,3299198.0
2013-11-22,90.48,90.93,90.03,90.35,2811090.0
2013-11-25,89.9,92.57,89.73,91.96,2618102.0
2013-11-26,92.0,92.55,91.21,91.34,1640604.0
2013-11-27,91.34,92.13,90.44,91.32,1567952.0
2013-11-28,91.34,93.08,91.34,92.55,2224051.0
2013-11-29,92.0,92.43,91.3,92.29,2042378.0
2013-12-02,91.36,91.53,89.07,89.25,4289240.0
2013-12-03,89.1,89.99,88.31,89.77,3288230.0
2013-12-04,89.69,90.71,89.11,90.36,3351042.0
2013-12-05,90.33,90.33,89.36,89.39,1932631.0
2013-12-06,89.24,90.76,88.74,90.54,2915072.0
2013-12-09,90.44,90.5,88.74,90.01,2537190.0
2013-12-10,89.73,89.98,88.87,89.36,2539266.0
2013-12-11,89.3,89.79,88.85,89.0,1986816.0
2013-12-12,88.96,89.62,88.87,89.0,1830695.0
2013-12-13,88.89,89.65,88.88,89.0,1926726.0
2013-12-16,88.75,89.02,86.7,86.76,3286944.0
2013-12-17,86.75,87.91,86.39,86.92,1564120.0
2013-12-18,86.78,87.11,86.33,86.45,2010517.0
2013-12-19,86.97,87.04,85.54,85.58,1781345.0
2013-12-20,85.64,85.97,82.22,82.64,3855601.0
2013-12-23,82.5,83.29,82.29,82.55,1922251.0
2013-12-24,82.87,83.33,82.46,82.61,2789714.0
2013-12-25,82.87,83.11,82.14,82.39,1843945.0
2013-12-26,82.22,82.37,81.0,81.39,3415622.0
2013-12-27,81.69,83.02,81.39,82.35,2545548.0
2013-12-30,82.51,82.86,80.9,81.21,3216672.0
2013-12-31,80.91,84.38,79.93,83.77,5754649.0
2014-01-02,83.51,83.51,81.96,82.2,2197666.0
2014-01-03,81.73,82.09,80.41,80.9,2334165.0
2014-01-06,80.18,81.5,78.76,78.78,3022921.0
2014-01-07,78.37,79.18,77.78,78.67,1803946.0
2014-01-08,78.62,79.07,77.0,77.91,3198959.0
2014-01-09,77.65,79.48,77.39,77.87,4788671.0
2014-01-10,77.66,78.58,77.03,77.82,2112663.0
2014-01-13,77.84,79.81,77.7,78.23,3764646.0
2014-01-14,78.43,79.47,77.58,79.16,2347499.0
2014-01-15,78.63,79.05,77.03,77.49,1972069.0
2014-01-16,77.55,79.9,77.48,79.6,3911963.0
2014-01-17,79.48,80.03,78.38,78.5,3236373.0
2014-01-20,79.54,83.06,78.97,82.73,6009063.0
2014-01-21,82.22,83.98,81.79,82.86,3540462.0
2014-01-22,82.86,87.96,82.41,87.55,7366781.0
2014-01-23,87.55,88.35,85.97,87.5,4025848.0
2014-01-24,87.11,88.54,86.46,88.42,3578070.0
2014-01-27,88.02,93.82,87.87,91.84,8351084.0
2014-01-28,91.68,92.66,89.72,90.84,3640115.0
2014-01-29,91.21,92.04,89.06,89.4,3152040.0
2014-01-30,89.07,89.36,85.48,86.26,3722344.0
2014-02-07,86.17,87.84,85.52,87.36,2386561.0
2014-02-10,87.44,87.7,85.39,86.69,3625174.0
2014-02-11,86.65,88.47,86.2,87.46,4300694.0
2014-02-12,87.57,88.07,86.99,87.53,1928348.0
2014-02-13,87.46,90.3,87.44,88.53,3856747.0
2014-02-14,88.34,93.31,88.34,93.24,6741037.0
2014-02-17,94.03,98.52,94.03,97.86,8746517.0
2014-02-18,97.51,97.51,95.34,95.93,3364035.0
2014-02-19,95.95,99.17,95.95,97.57,3148266.0
2014-02-20,97.55,98.91,96.57,97.22,2318897.0
2014-02-21,96.57,97.97,96.43,97.28,3412540.0
2014-02-24,97.29,98.58,95.01,96.32,3117865.0
2014-02-25,96.57,96.83,92.0,92.9,4627993.0
2014-02-26,91.72,94.6,90.73,92.68,2651394.0
2014-02-27,92.75,95.13,91.36,94.58,2564611.0
2014-02-28,94.61,98.4,94.58,97.89,4192617.0
2014-03-03,97.88,101.13,96.79,101.09,4881665.0
2014-03-04,99.26,103.94,99.18,100.09,5086676.0
2014-03-05,100.51,104.4,99.18,104.3,4721154.0
2014-03-06,104.54,105.9,102.44,105.71,4274121.0
2014-03-07,105.71,109.1,104.43,107.98,5811048.0
2014-03-10,107.53,108.19,100.51,102.4,4998548.0
2014-03-11,101.79,106.75,101.2,105.82,3856141.0
2014-03-12,105.11,106.75,101.65,103.44,3676392.0
2014-03-13,102.84,107.73,102.52,107.58,4263778.0
2014-03-14,107.05,108.32,105.58,106.93,2493355.0
2014-03-17,107.66,108.75,105.71,108.62,3219888.0
2014-03-18,109.82,114.97,109.82,111.79,5947371.0
2014-03-19,110.86,114.19,110.27,113.78,3536579.0
2014-03-20,113.73,113.86,110.27,110.39,3389521.0
2014-03-21,109.91,112.22,107.99,111.84,4031881.0
2014-03-24,111.58,114.67,110.86,111.77,2632092.0
2014-03-25,109.88,109.88,101.52,108.85,6240383.0
2014-03-26,107.73,108.39,103.33,103.42,5737639.0
2014-03-27,102.87,104.92,102.05,102.87,3804459.0
2014-03-28,102.98,103.74,98.54,99.6,4827296.0
2014-03-31,99.19,102.69,99.18,100.94,3058360.0
2014-04-01,100.95,106.07,100.75,106.03,3404689.0
2014-04-02,106.19,110.7,105.07,108.08,4669833.0
2014-04-03,109.33,109.42,106.69,107.87,2691848.0
2014-04-04,107.44,107.86,105.05,107.05,2320651.0
2014-04-08,106.96,107.94,105.06,107.36,2592749.0
2014-04-09,107.68,108.73,105.79,106.59,2161889.0
2014-04-10,106.54,111.59,104.08,110.61,5417787.0
2014-04-11,112.23,117.19,112.23,114.89,9022579.0
2014-04-14,113.99,115.7,112.88,113.77,2682436.0
2014-04-15,113.01,114.76,113.01,113.86,2588021.0
2014-04-16,113.34,113.9,111.05,111.59,2204062.0
2014-04-17,111.45,114.84,111.06,114.32,2974441.0
2014-04-18,114.19,116.0,113.08,114.39,1960146.0
2014-04-21,113.54,114.83,112.23,112.26,1833379.0
2014-04-22,112.23,114.27,111.92,112.32,2234496.0
2014-04-23,112.28,115.16,112.25,114.88,3375573.0
2014-04-24,114.94,115.3,113.34,114.69,1258135.0
2014-04-25,109.61,109.62,105.57,107.46,9587743.0
2014-04-28,105.76,107.38,104.28,106.22,3302860.0
2014-04-29,106.23,107.98,106.01,106.74,2799649.0
2014-04-30,106.98,107.2,106.05,106.93,1922066.0
2014-05-05,106.69,106.69,102.5,104.56,3674347.0
2014-05-06,104.4,106.16,104.4,104.92,1362295.0
2014-05-07,105.45,105.45,104.14,104.83,1196073.0
2014-05-08,104.92,106.03,104.68,104.84,1469786.0
2014-05-09,104.83,105.9,104.6,104.81,1672145.0
2014-05-12,105.9,105.9,104.08,105.0,2619478.0
2014-05-13,104.9,105.45,104.11,104.88,1593936.0
2014-05-14,104.4,105.01,100.49,101.32,3401655.0
2014-05-15,101.13,102.5,100.81,101.89,1698338.0
2014-05-16,101.89,102.51,100.92,101.24,1846730.0
2014-05-19,99.51,99.83,96.53,96.56,5625009.0
2014-05-20,96.64,97.51,93.7,94.6,4688591.0
2014-05-21,94.03,98.96,93.93,98.53,3873787.0
2014-05-22,98.46,100.23,97.65,97.91,1867894.0
2014-05-23,97.88,99.69,97.86,99.38,1400963.0
2014-05-26,101.07,101.07,99.74,100.21,891056.0
2014-05-27,99.83,101.63,99.74,99.96,1303507.0
2014-05-28,99.76,101.14,99.7,100.45,1250197.0
2014-05-29,100.31,101.75,100.13,100.68,1010682.0
2014-05-30,100.65,101.32,99.85,99.98,921765.0
2014-06-03,99.83,100.81,99.34,99.68,1304848.0
2014-06-04,99.83,100.08,97.89,98.63,1049431.0
2014-06-05,98.61,101.14,97.44,100.99,2067863.0
2014-06-06,100.93,101.56,99.37,100.22,947745.0
2014-06-09,99.38,100.75,99.38,99.98,1003481.0
2014-06-10,100.0,101.33,100.0,101.01,1930551.0
2014-06-11,100.98,101.39,99.97,100.45,1078145.0
2014-06-12,100.53,100.53,99.26,99.59,1149960.0
2014-06-13,99.63,100.38,98.63,99.71,1697046.0
2014-06-16,99.77,101.0,99.44,100.76,1623790.0
2014-06-17,100.68,100.68,99.31,99.96,1636486.0
2014-06-18,100.36,100.78,100.09,100.21,1402456.0
2014-06-19,100.2,100.62,99.51,99.66,1155144.0
2014-06-20,99.64,100.23,99.39,99.95,1201940.0
2014-06-23,100.16,102.04,100.07,101.99,2898385.0
2014-06-24,102.2,106.88,102.15,106.73,3853263.0
2014-06-25,107.18,107.18,104.35,104.89,3817111.0
2014-06-26,104.89,105.45,104.29,104.46,3634851.0
2014-06-27,104.29,104.29,102.67,103.53,2647792.0
2014-06-30,104.12,105.38,103.54,104.71,2439950.0
2014-07-01,105.16,105.16,103.84,104.55,1194668.0
2014-07-02,104.74,104.98,103.98,104.78,1206848.0
2014-07-03,104.88,105.75,104.28,105.65,1933167.0
2014-07-04,105.75,106.33,105.25,105.7,1540280.0
2014-07-07,105.31,106.4,104.88,106.32,2287987.0
2014-07-08,106.27,106.32,104.0,104.86,2109160.0
2014-07-09,104.72,105.36,104.0,104.16,1432860.0
2014-07-10,104.07,104.6,103.69,104.01,1215988.0
2014-07-11,104.33,105.53,104.07,104.63,1843286.0
2014-07-14,104.63,111.28,104.35,110.45,4653481.0
2014-07-15,109.97,116.52,109.97,113.43,5878798.0
2014-07-16,113.46,115.62,113.46,113.99,2445933.0
2014-07-17,113.64,114.72,112.1,113.39,2019117.0
2014-07-18,113.27,121.68,112.61,118.72,7489691.0
2014-07-21,118.28,120.12,116.96,118.72,3014322.0
2014-07-22,117.7,120.95,117.7,120.36,2982062.0
2014-07-23,119.47,121.68,119.18,120.87,2783633.0
2014-07-24,120.77,124.71,119.69,120.6,3568240.0
2014-07-25,120.95,122.46,118.78,120.86,2783358.0
2014-07-28,121.12,123.89,120.15,121.13,4296899.0
2014-07-29,121.17,121.17,118.19,118.78,3601700.0
2014-07-30,118.54,118.54,115.42,116.9,5487629.0
2014-07-31,116.74,118.28,115.76,118.2,2520631.0
2014-08-01,118.12,121.17,117.72,120.19,4325999.0
2014-08-04,120.21,122.14,119.69,121.24,3884820.0
2014-08-05,120.95,122.91,119.23,122.61,3835797.0
2014-08-06,121.54,122.26,119.47,120.45,2031723.0
2014-08-07,120.28,121.23,118.37,118.44,2539649.0
2014-08-08,119.44,120.45,117.85,119.58,2381942.0
2014-08-11,119.83,120.36,119.11,120.26,2007072.0
2014-08-12,119.33,120.03,118.11,119.5,1960436.0
2014-08-13,119.5,121.52,118.59,119.83,3445403.0
2014-08-14,119.49,120.53,118.94,119.07,2295894.0
2014-08-15,119.62,119.83,118.83,119.13,2180268.0
2014-08-18,119.47,119.69,117.33,117.81,4169827.0
2014-08-19,117.81,117.81,116.85,117.02,3209577.0
2014-08-20,117.07,119.52,116.89,119.47,3708495.0
2014-08-21,119.47,119.71,117.26,117.97,1887273.0
2014-08-22,118.0,118.28,117.08,117.46,1863671.0
2014-08-25,117.46,118.11,116.74,117.08,1537672.0
2014-08-26,116.89,117.57,115.76,116.32,1658960.0
2014-08-27,116.32,116.36,115.18,115.32,1382867.0
2014-08-28,115.05,116.79,115.05,115.06,1761803.0
2014-08-29,115.05,116.96,114.31,116.69,2383883.0
2014-09-01,116.67,117.63,116.31,116.85,1645024.0
2014-09-02,117.12,119.94,116.54,119.88,4124613.0
2014-09-03,119.9,123.47,119.88,121.55,4204225.0
2014-09-04,121.46,122.38,120.71,121.73,2397587.0
2014-09-05,122.2,124.01,121.84,123.54,3473195.0
2014-09-09,123.64,123.87,120.95,121.01,2056281.0
2014-09-10,120.73,121.68,120.22,120.88,1786772.0
2014-09-11,120.85,121.55,119.09,119.46,3187554.0
2014-09-12,119.1,119.95,118.23,119.8,1735601.0
2014-09-15,119.4,119.41,117.11,117.56,3254386.0
2014-09-16,118.37,118.44,115.8,116.12,3482315.0
2014-09-17,116.87,117.66,116.04,116.69,2584128.0
2014-09-18,116.54,117.54,115.84,117.44,2648204.0
2014-09-19,117.44,118.72,116.89,118.62,2266599.0
2014-09-22,118.52,118.52,115.67,115.74,3719154.0
2014-09-23,115.56,116.15,115.31,116.14,3454611.0
2014-09-24,115.41,118.37,114.75,118.14,4344896.0
2014-09-25,118.68,120.93,118.66,119.61,5685144.0
2014-09-26,119.1,120.3,117.41,119.7,2271665.0
2014-09-29,119.72,120.36,119.02,119.82,2348859.0
2014-09-30,120.02,120.2,118.88,119.57,2157419.0
2014-10-08,118.73,118.81,116.37,118.54,4565282.0
2014-10-09,117.9,118.18,116.95,118.0,3624491.0
2014-10-10,117.27,117.85,116.3,117.27,4314771.0
2014-10-13,116.38,116.43,113.34,115.12,5317638.0
2014-10-14,114.31,115.78,113.9,114.24,2889594.0
2014-10-15,114.13,116.21,114.1,116.02,2223805.0
2014-10-16,115.12,116.66,115.12,116.02,2394969.0
2014-10-17,116.52,117.3,115.71,116.8,3097659.0
2014-10-20,116.8,116.89,115.34,115.73,3291008.0
2014-10-21,115.78,117.51,115.49,116.86,3991128.0
2014-10-22,116.85,117.6,116.15,117.32,2283641.0
2014-10-23,116.94,118.2,116.44,117.3,3191734.0
2014-10-24,117.22,117.92,116.29,117.17,1998007.0
2014-10-27,115.76,117.33,114.23,116.15,2797069.0
2014-10-28,116.02,117.33,115.92,117.07,2054841.0
2014-10-29,117.11,117.67,116.14,116.74,2142344.0
2014-10-30,116.52,116.52,114.38,114.62,4908702.0
2014-10-31,114.66,115.71,113.83,115.55,3642170.0
2014-11-03,115.6,115.7,114.64,114.74,2467006.0
2014-11-04,114.67,114.67,111.36,111.65,5594390.0
2014-11-05,111.4,111.4,107.3,107.78,7671979.0
2014-11-06,107.78,108.77,107.68,108.52,3636297.0
2014-11-07,108.54,109.37,108.49,109.18,4150731.0
2014-11-10,110.62,113.41,109.88,113.4,6232521.0
2014-11-11,113.79,114.46,112.1,113.09,4770689.0
2014-11-12,112.82,113.27,110.77,112.75,3082375.0
2014-11-13,112.63,112.64,110.39,111.79,4915556.0
2014-11-14,111.77,116.25,111.29,116.0,7522508.0
2014-11-17,123.9,123.9,118.0,118.03,15041623.0
2014-11-18,118.73,119.34,114.31,114.79,6349780.0
2014-11-19,114.73,114.79,112.55,112.89,4629074.0
2014-11-20,112.75,112.78,110.98,111.12,4625841.0
2014-11-21,111.04,112.98,110.77,112.93,4199078.0
2014-11-24,113.48,114.31,112.1,113.54,5387899.0
2014-11-25,113.14,114.2,112.69,114.04,5323130.0
2014-11-26,114.01,115.31,113.49,115.01,6385897.0
2014-11-27,114.31,115.95,113.57,115.55,9655151.0
2014-11-28,115.47,115.47,112.96,114.93,8828818.0
2014-12-01,115.47,118.73,115.05,118.04,12174001.0
2014-12-02,117.3,118.88,116.71,118.84,9926819.0
2014-12-03,119.8,124.12,119.74,121.56,11732264.0
2014-12-04,122.79,128.69,122.79,128.42,11778143.0
2014-12-05,131.26,131.98,124.34,126.05,11290144.0
2014-12-08,124.52,130.16,123.31,127.56,10089431.0
2014-12-09,126.85,137.63,126.48,127.48,15189028.0
2014-12-10,129.06,135.33,129.06,132.69,10665611.0
2014-12-11,132.75,134.18,129.27,129.72,5488215.0
2014-12-12,130.37,133.48,129.8,130.23,5105516.0
2014-12-15,130.24,135.77,129.38,135.73,7096432.0
2014-12-16,135.48,135.48,131.35,133.21,5112944.0
2014-12-17,132.74,133.82,131.12,132.06,6002047.0
2014-12-18,132.52,134.37,132.01,132.26,3856750.0
2014-12-19,132.05,134.21,131.27,133.35,4963106.0
2014-12-22,132.49,135.91,129.71,135.77,7362381.0
2014-12-23,135.53,142.7,134.23,139.28,8565082.0
2014-12-24,138.65,141.45,133.25,135.0,6355459.0
2014-12-25,135.07,137.17,133.49,137.05,4407168.0
2014-12-26,136.5,139.38,134.96,138.33,4267749.0
2014-12-29,138.72,140.12,134.22,135.31,8983865.0
2014-12-30,134.96,138.63,134.58,137.79,5617110.0
2014-12-31,136.88,140.12,136.43,139.84,4626936.0
2015-01-05,139.84,150.62,139.16,149.35,9451517.0
2015-01-06,147.5,149.38,144.56,145.9,5502001.0
2015-01-07,144.58,147.13,140.11,142.29,5479784.0
2015-01-08,143.07,143.45,140.22,141.42,4052530.0
2015-01-09,140.42,144.38,140.2,140.35,5398220.0
2015-01-12,140.12,142.03,136.04,137.49,4991459.0
2015-01-13,137.91,139.04,136.14,136.35,3670808.0
2015-01-14,136.43,137.54,133.4,135.09,5240344.0
2015-01-15,135.62,137.47,134.58,137.22,4858552.0
2015-01-16,137.32,138.65,137.16,137.25,3997806.0
2015-01-19,133.48,135.11,126.46,129.41,6467937.0
2015-01-20,129.81,133.12,127.58,131.33,6102274.0
2015-01-21,131.47,134.89,130.68,134.49,5267474.0
2015-01-22,134.49,135.96,132.75,133.65,3825481.0
2015-01-23,132.84,135.17,132.83,133.5,3308455.0
2015-01-26,134.0,135.33,133.52,134.81,3564906.0
2015-01-27,134.83,134.83,131.27,132.83,4188362.0
2015-01-28,132.01,133.04,130.76,130.88,3068066.0
2015-01-29,129.94,131.27,129.06,129.91,3249254.0
2015-01-30,130.53,133.48,130.17,130.67,4750834.0
2015-02-02,129.44,130.09,127.95,128.93,3398336.0
2015-02-03,130.89,131.75,129.94,131.54,2779280.0
2015-02-04,132.12,134.28,130.53,130.72,3529371.0
2015-02-05,131.99,133.41,128.32,128.36,4123962.0
2015-02-06,128.79,130.17,128.03,128.76,3710238.0
2015-02-09,129.63,136.51,129.06,135.92,8729358.0
2015-02-10,136.29,136.58,133.82,134.87,5363887.0
2015-02-11,134.52,135.88,134.28,135.07,2289479.0
2015-02-12,135.69,136.06,134.23,135.38,2505098.0
2015-02-13,135.78,136.07,133.78,134.58,4012705.0
2015-02-16,134.62,135.42,133.65,135.19,3952108.0
2015-02-17,135.36,135.62,134.16,134.38,3417255.0
2015-02-25,134.96,136.95,133.57,135.67,5993512.0
2015-02-26,135.55,138.93,135.36,137.64,6229772.0
2015-02-27,137.84,143.44,137.76,140.9,6337094.0
2015-03-02,140.71,142.92,139.38,140.66,3109870.0
2015-03-03,139.61,141.6,136.55,137.13,4299960.0
2015-03-04,137.9,138.65,136.14,138.05,4066223.0
2015-03-05,136.44,137.93,135.73,136.82,3620624.0
2015-03-06,136.69,137.53,135.16,135.42,2547066.0
2015-03-09,137.02,142.33,135.55,141.27,4348603.0
2015-03-10,140.81,141.23,138.12,138.52,2963706.0
2015-03-11,138.52,142.33,138.5,141.58,4058339.0
2015-03-12,142.33,144.54,141.15,142.15,3849640.0
2015-03-13,142.11,143.0,139.07,140.06,2547927.0
2015-03-16,140.17,143.44,137.92,142.89,3116097.0
2015-03-17,143.8,146.53,143.73,145.11,4590408.0
2015-03-18,145.14,147.49,144.19,147.09,3930446.0
2015-03-19,146.42,146.75,143.12,144.02,3353977.0
2015-03-20,143.22,143.8,140.77,142.44,5137371.0
2015-03-23,143.57,145.1,142.48,143.87,4097901.0
2015-03-24,144.03,145.61,141.67,144.32,6007944.0
2015-03-25,142.33,143.88,141.64,142.17,4224030.0
2015-03-26,142.74,147.42,141.6,146.43,6710525.0
2015-03-27,146.02,146.43,142.3,143.48,4014459.0
2015-03-30,143.57,146.72,142.41,145.11,6345139.0
2015-03-31,145.05,148.06,143.09,144.52,8813097.0
2015-04-01,144.57,145.7,143.43,144.06,7687523.0
2015-04-02,144.52,145.73,142.25,143.5,6298161.0
2015-04-03,143.07,145.29,142.17,145.14,5121088.0
2015-04-07,145.17,148.29,144.4,147.99,5982433.0
2015-04-08,149.34,155.37,148.67,150.81,13585716.0
2015-04-09,150.8,151.83,146.8,147.5,6239973.0
2015-04-10,147.49,149.7,147.21,147.66,10201946.0
2015-04-13,148.64,150.81,146.71,150.37,9135609.0
2015-04-14,150.45,154.34,150.42,151.92,8190313.0
2015-04-15,154.21,154.71,150.56,151.7,5500520.0
2015-04-16,153.8,166.87,153.27,166.87,8601417.0
2015-04-17,176.18,183.41,168.35,171.51,19209492.0
2015-04-20,169.62,181.2,168.88,172.59,13058871.0
2015-04-21,177.0,189.85,177.0,189.85,12240188.0
2015-04-22,198.23,198.38,189.61,194.61,13463506.0
2015-04-23,194.7,194.82,186.57,188.82,8603012.0
2015-04-24,185.76,191.51,180.69,190.63,10053123.0
2015-04-27,189.96,197.5,186.58,188.64,7897335.0
2015-04-28,187.32,190.71,182.19,182.81,8729177.0
2015-04-29,181.49,186.58,181.49,184.21,5930057.0
2015-04-30,185.22,187.98,182.71,186.01,6406407.0
2015-05-04,186.33,191.01,184.39,188.04,5473902.0
2015-05-05,185.85,185.85,176.91,177.7,7370003.0
2015-05-06,179.93,182.15,177.0,178.97,6032432.0
2015-05-07,180.68,185.76,178.88,180.63,6810290.0
2015-05-08,181.51,187.97,181.35,187.45,5780559.0
2015-05-11,185.48,190.26,184.37,189.86,6134570.0
2015-05-12,189.68,189.68,185.85,187.63,4703129.0
2015-05-13,187.17,193.94,186.21,189.09,5891341.0
2015-05-14,188.98,191.38,185.27,185.41,4185329.0
2015-05-15,185.41,186.94,178.18,180.81,5418507.0
2015-05-18,180.68,180.68,177.07,177.84,3536324.0
2015-05-19,177.77,184.53,177.14,184.4,4763777.0
2015-05-20,185.85,191.75,183.85,187.28,6377150.0
2015-05-21,188.8,192.7,187.33,190.71,4766913.0
2015-05-22,191.51,204.13,191.44,203.44,6664906.0
2015-05-25,199.12,212.76,198.38,211.53,6747362.0
2015-05-26,211.36,213.87,209.42,210.58,6091468.0
2015-05-27,210.57,213.37,201.33,204.21,4693479.0
2015-05-28,202.99,207.23,191.82,192.56,6088499.0
2015-05-29,191.75,198.38,191.66,194.57,5778309.0
2015-06-01,194.65,201.32,191.6,200.2,6581670.0
2015-06-02,199.49,199.49,192.23,196.63,6463560.0
2015-06-03,195.57,196.63,191.75,193.8,4642403.0
2015-06-04,193.94,195.43,177.0,190.43,9236273.0
2015-06-05,190.35,193.29,181.42,187.2,8573823.0
2015-06-08,185.48,197.31,184.22,195.17,9600797.0
2015-06-09,195.43,198.97,189.16,191.03,7785186.0
2015-06-10,188.53,196.82,187.17,192.52,8046208.0
2015-06-11,191.75,195.06,190.1,191.79,5295454.0
2015-06-12,193.31,201.33,192.48,196.17,9090952.0
2015-06-15,196.89,200.59,191.8,192.4,10001422.0
2015-06-16,191.01,196.02,186.21,187.28,6930384.0
2015-06-17,187.29,190.09,183.63,188.12,5838881.0
2015-06-18,186.6,187.91,177.44,179.92,6150650.0
2015-06-19,181.32,183.26,172.59,173.54,6760866.0
2015-06-23,176.85,188.68,172.67,186.03,8124734.0
2015-06-24,184.37,195.58,182.64,192.64,9570694.0
2015-06-25,192.85,193.24,184.53,185.69,6652166.0
2015-06-26,184.39,188.61,173.53,178.8,9933201.0
2015-06-29,183.17,189.16,168.0,181.89,16507167.0
2015-06-30,181.89,191.61,181.42,190.01,12629819.0
2015-07-01,188.06,198.01,185.09,189.89,10332654.0
2015-07-02,188.28,208.41,180.69,191.97,11845972.0
2015-07-03,188.06,192.11,178.62,184.23,10960531.0
2015-07-06,197.61,197.64,176.63,187.35,27279966.0
2015-07-07,184.37,189.22,176.63,180.08,16756224.0
2015-07-08,168.88,180.68,162.07,174.68,28914054.0
2015-07-09,174.68,192.05,171.83,190.23,13820334.0
2015-07-10,189.53,208.71,185.82,195.87,25614930.0
2015-07-13,190.27,195.86,185.11,190.09,14892616.0
2015-07-14,188.06,188.19,182.31,183.67,9676830.0
2015-07-15,182.53,186.36,179.41,185.3,10407746.0
2015-07-16,185.3,187.45,183.09,185.54,7281433.0
2015-07-17,189.06,189.88,185.54,188.47,5641853.0
2015-07-20,187.53,188.15,183.69,185.85,6793355.0
2015-07-21,183.07,185.1,181.63,183.0,5178996.0
2015-07-22,181.63,183.28,178.8,179.26,7085510.0
2015-07-23,179.97,182.12,178.14,181.25,6474810.0
2015-07-24,182.04,184.67,180.6,180.98,5739009.0
2015-07-27,179.15,182.7,165.94,166.37,7694415.0
2015-07-28,165.0,172.91,163.04,169.93,8670357.0
2015-07-29,171.54,173.37,166.88,171.51,6650743.0
2015-07-30,172.41,172.41,169.33,170.04,4113400.0
2015-07-31,170.65,170.84,167.59,170.76,4073664.0
2015-08-03,169.24,173.36,167.59,173.01,5455303.0
2015-08-04,172.76,176.66,172.76,175.0,5953396.0
2015-08-05,175.79,176.55,170.85,171.05,4314385.0
2015-08-06,170.26,171.31,167.59,169.21,3924980.0
2015-08-07,171.3,172.22,169.74,170.84,3952134.0
2015-08-10,170.9,175.85,169.35,175.27,5649643.0
2015-08-11,175.27,175.36,173.38,173.99,5089705.0
2015-08-12,173.36,176.91,172.34,172.93,4582434.0
2015-08-13,174.61,174.61,170.07,172.97,3518025.0
2015-08-14,173.79,174.53,172.75,173.36,3066690.0
2015-08-17,171.74,172.4,168.42,170.25,5385832.0
2015-08-18,170.88,171.31,165.41,165.99,5128552.0
2015-08-19,164.91,166.9,163.61,166.45,5026180.0
2015-08-20,165.8,165.94,160.91,161.05,3964503.0
2015-08-21,158.12,160.87,153.66,153.83,7562061.0
2015-08-24,149.43,149.84,138.86,140.05,8981284.0
2015-08-25,138.25,150.68,137.21,145.79,12308058.0
2015-08-26,145.93,155.62,144.48,151.81,9157253.0
2015-08-27,156.86,165.03,152.64,162.7,8705201.0
2015-08-28,160.99,161.23,154.49,159.05,8992583.0
2015-08-31,156.32,161.4,152.88,161.29,6273019.0
2015-09-01,158.36,160.99,155.21,160.47,8743269.0
2015-09-02,156.95,160.99,156.2,160.67,10694546.0
2015-09-07,159.01,160.16,155.75,155.8,3221642.0
2015-09-08,155.59,157.25,152.73,156.3,3309858.0
2015-09-09,156.98,160.06,156.98,158.4,3521516.0
2015-09-10,157.17,159.59,156.15,159.51,2685248.0
2015-09-11,158.41,160.25,157.73,159.26,1693214.0
2015-09-14,158.87,167.43,155.13,167.21,8617555.0
2015-09-15,163.47,166.78,161.09,166.77,5188434.0
2015-09-16,165.12,172.99,163.24,168.87,3719802.0
2015-09-17,167.26,169.9,163.14,163.47,2642300.0
2015-09-18,163.96,165.85,163.47,164.65,1564276.0
2015-09-21,163.47,165.69,163.47,164.54,1652767.0
2015-09-22,165.75,166.09,164.27,164.51,1645740.0
2015-09-23,162.76,164.28,160.25,160.76,2234432.0
2015-09-24,161.65,162.05,159.17,160.16,1388674.0
2015-09-25,160.15,160.91,156.45,159.72,2445597.0
2015-09-28,158.08,158.76,156.22,158.0,1234110.0
2015-09-29,156.49,157.99,155.46,157.0,1840982.0
2015-09-30,157.05,158.08,157.0,157.12,1163463.0
2015-10-08,164.11,166.42,162.64,163.07,3439179.0
2015-10-09,164.11,164.21,162.23,162.6,1572174.0
2015-10-12,164.29,168.82,163.34,163.54,4903000.0
2015-10-13,163.54,165.19,163.54,164.08,1575113.0
2015-10-14,164.27,164.7,162.65,163.33,1521339.0
2015-10-15,163.6,165.42,163.1,165.11,1655013.0
2015-10-16,166.12,167.1,164.63,165.73,1923843.0
2015-10-19,169.19,169.19,166.69,167.36,2612145.0
2015-10-20,166.78,167.49,166.09,166.74,1478429.0
2015-10-21,166.83,167.22,162.65,165.37,2234914.0
2015-10-22,165.31,167.37,164.65,167.21,2372030.0
2015-10-23,169.9,179.65,169.7,174.18,5627734.0
2015-10-26,175.02,180.22,171.72,179.75,4334626.0
2015-10-27,179.23,179.71,175.5,177.71,2257279.0
2015-10-28,177.49,177.49,174.94,175.39,1655922.0
2015-10-29,175.02,177.33,175.02,175.85,1345435.0
2015-10-30,175.81,178.16,175.12,176.56,1225791.0
2015-11-02,177.17,178.21,175.44,175.49,1529820.0
2015-11-03,175.78,178.13,172.05,173.13,2317329.0
2015-11-04,173.85,178.33,173.46,177.48,3080972.0
2015-11-05,177.17,184.34,176.26,178.79,4998258.0
2015-11-06,179.44,180.47,177.96,180.32,2169571.0
2015-11-09,183.28,185.48,180.8,182.31,4052729.0
2015-11-10,181.63,185.03,180.93,183.59,2872976.0
2015-11-11,183.29,184.1,180.47,181.75,2381550.0
2015-11-12,181.82,184.1,181.12,181.64,1618085.0
2015-11-13,180.06,181.22,177.36,177.59,2839718.0
2015-11-16,175.44,178.74,175.02,176.49,2391670.0
2015-11-17,177.27,179.56,175.96,176.97,2198635.0
2015-11-18,176.34,178.33,176.34,177.22,1972554.0
2015-11-19,176.67,178.33,176.59,177.53,1526276.0
2015-11-20,177.62,178.14,175.93,176.44,2227423.0
2015-11-23,175.85,176.54,175.44,175.54,2099473.0
2015-11-24,175.35,176.08,173.37,174.77,2046902.0
2015-11-25,174.78,175.85,173.7,175.83,2424981.0
2015-11-26,176.25,176.5,174.88,175.72,1880453.0
2015-11-27,175.43,175.47,170.59,171.51,1622072.0
2015-11-30,171.75,177.32,171.55,176.93,3344003.0
2015-12-01,175.85,176.63,174.2,176.51,1887754.0
2015-12-02,177.07,187.41,175.02,182.93,4789145.0
2015-12-03,180.8,182.78,178.9,182.03,2238683.0
2015-12-04,181.6,181.6,177.51,177.76,2084871.0
2015-12-07,177.5,179.13,176.01,177.1,1925509.0
2015-12-08,177.13,177.13,174.58,174.97,1739368.0
2015-12-09,174.68,177.54,174.61,177.06,1411977.0
2015-12-10,177.5,178.49,175.02,175.82,1378671.0
2015-12-11,175.44,175.44,173.79,174.54,1303548.0
2015-12-14,173.53,177.4,172.55,176.76,2070134.0
2015-12-15,176.51,177.16,175.09,177.1,1508839.0
2015-12-16,177.01,177.2,175.51,176.6,2014480.0
2015-12-17,177.0,179.05,176.67,178.21,2425321.0
2015-12-18,177.91,180.93,177.59,179.05,2846020.0
2015-12-21,179.98,189.21,179.98,187.43,5939189.0
2015-12-22,187.24,187.24,184.34,185.78,2840245.0
2015-12-23,186.13,187.15,183.86,184.1,2237497.0
2015-12-24,184.91,186.32,184.27,185.57,1557788.0
2015-12-25,185.76,186.3,184.01,185.34,1154295.0
2015-12-28,186.15,186.58,180.8,180.9,2559452.0
2015-12-29,180.49,181.99,180.4,181.49,1577433.0
2015-12-30,181.78,182.17,179.58,180.69,2014766.0
2015-12-31,180.16,181.22,179.83,180.13,1967387.0
2016-01-04,179.98,179.98,173.36,173.39,1734969.0
2016-01-05,173.37,176.65,171.32,175.7,3190891.0
2016-01-06,175.67,176.39,172.79,175.17,2376090.0
2016-01-07,172.54,172.54,165.14,166.96,814868.0
2016-01-08,168.56,171.72,165.12,168.94,4451009.0
2016-01-11,167.73,168.25,164.62,165.0,2970258.0
2016-01-12,166.02,166.85,161.81,162.47,4028723.0
2016-01-13,164.37,170.07,163.96,164.93,2920198.0
2016-01-14,162.73,170.05,161.41,169.1,3477606.0
2016-01-15,169.04,170.22,163.47,164.29,2668119.0
2016-01-18,163.47,167.1,162.8,164.65,2737123.0
2016-01-19,165.94,173.64,165.12,173.57,5911022.0
2016-01-20,170.9,173.5,165.95,167.03,4096866.0
2016-01-21,166.16,168.91,165.03,165.33,2183229.0
2016-01-22,167.68,167.92,164.13,167.38,2273348.0
2016-01-25,167.59,168.0,166.35,167.4,1375045.0
2016-01-26,165.93,168.81,163.88,164.3,2228092.0
2016-01-27,165.1,165.85,161.57,165.06,2984041.0
2016-01-28,164.91,164.91,161.5,162.34,1790300.0
2016-01-29,163.04,167.18,162.64,165.65,2309024.0
2016-02-01,166.85,167.43,165.03,166.18,1917802.0
2016-02-02,166.77,169.08,165.64,168.87,1784208.0
2016-02-03,167.25,168.88,166.35,168.14,1515699.0
2016-02-04,169.08,169.97,168.04,169.24,1662475.0
2016-02-05,169.24,169.39,167.21,168.31,1422767.0
2016-02-15,165.12,167.59,164.79,165.46,1947018.0
2016-02-16,165.58,171.72,165.58,168.35,1922316.0
2016-02-17,168.2,169.18,165.54,167.02,2034911.0
2016-02-18,167.76,168.09,166.02,166.53,1889256.0
2016-02-19,166.45,167.74,166.05,167.68,1423846.0
2016-02-22,170.07,171.99,170.07,171.56,2775986.0
2016-02-23,171.53,177.48,170.91,175.36,3746089.0
2016-02-24,175.19,180.0,174.21,179.76,3312902.0
2016-02-25,180.64,182.02,175.13,175.36,3948065.0
2016-02-26,175.93,181.01,174.41,179.02,2833271.0
2016-02-29,180.79,182.35,170.73,177.43,4771246.0
2016-03-01,178.29,181.88,173.7,180.32,3400459.0
2016-03-02,180.8,186.17,180.53,185.11,4794266.0
2016-03-03,185.76,191.52,183.0,188.08,4019328.0
2016-03-04,187.31,198.27,185.76,197.13,8583869.0
2016-03-07,196.58,198.14,190.75,192.89,3934555.0
2016-03-08,192.61,192.61,187.41,189.23,2614722.0
2016-03-09,187.41,192.07,186.66,187.77,1640260.0
2016-03-10,189.05,192.94,188.23,188.28,2572746.0
2016-03-11,187.03,191.44,186.17,188.27,1632008.0
2016-03-14,190.51,192.77,183.44,185.4,4527783.0
2016-03-15,185.59,193.51,185.21,191.47,3635633.0
2016-03-16,190.07,191.95,185.76,188.74,2425097.0
2016-03-17,189.88,193.27,188.48,189.52,2882095.0
2016-03-18,191.54,191.75,186.4,186.58,7056894.0
2016-03-21,187.13,191.55,187.12,191.52,3854745.0
2016-03-22,191.75,196.64,191.12,193.59,4176661.0
2016-03-23,194.18,195.66,192.1,193.99,2141206.0
2016-03-24,194.01,202.6,190.96,200.34,6206802.0
2016-03-25,200.2,206.22,198.98,202.25,4475616.0
2016-03-28,202.25,209.19,202.25,206.05,4833765.0
2016-03-29,206.07,207.22,201.81,204.84,3668805.0
2016-03-30,205.57,206.73,202.66,205.29,2778260.0
2016-03-31,206.26,206.64,203.91,204.45,1945734.0
2016-04-01,205.53,206.8,201.89,202.34,2514607.0
2016-04-05,200.62,204.33,200.62,202.7,2504785.0
2016-04-06,202.93,212.67,202.93,212.35,4842492.0
2016-04-07,212.08,212.57,208.56,209.79,2553639.0
2016-04-08,208.05,211.26,204.91,206.28,2315602.0
2016-04-11,206.81,210.67,201.03,201.21,11928468.0
2016-04-12,201.19,202.27,199.87,202.2,2333909.0
2016-04-13,202.6,205.26,199.54,199.99,5427425.0
2016-04-14,200.1,202.13,198.97,200.42,2866437.0
2016-04-15,200.32,202.25,199.13,202.19,1902926.0
2016-04-18,200.45,203.09,200.2,201.18,1859304.0
2016-04-19,201.93,202.42,199.34,200.77,1423668.0
2016-04-20,200.77,201.77,194.67,196.85,3370850.0
2016-04-21,198.55,200.04,196.74,198.45,2967222.0
2016-04-22,198.97,204.65,198.45,204.25,3545938.0
2016-04-25,204.02,204.83,200.86,201.87,2499028.0
2016-04-26,202.23,203.82,200.62,201.33,1515668.0
2016-04-27,201.85,202.66,201.02,202.17,1391510.0
2016-04-28,202.95,203.7,201.44,203.46,1715655.0
2016-04-29,204.24,208.4,204.24,207.39,4607949.0
2016-05-03,206.85,216.53,206.85,214.65,5647486.0
2016-05-04,214.65,216.62,211.34,211.52,2863626.0
2016-05-05,211.76,213.12,210.94,212.81,1351789.0
2016-05-06,212.43,213.43,207.32,208.23,2717369.0
2016-05-09,206.5,208.71,205.58,207.07,2779918.0
2016-05-10,205.98,209.7,205.66,208.11,3350589.0
2016-05-11,208.34,215.05,208.34,212.07,4927713.0
2016-05-12,209.71,211.81,208.05,211.32,1889411.0
2016-05-13,211.33,213.74,206.81,207.19,2814561.0
2016-05-16,207.11,207.88,204.17,207.74,2220273.0
2016-05-17,207.23,208.38,206.26,206.42,1178569.0
2016-05-18,205.64,207.92,200.7,201.81,2838034.0
2016-05-19,202.4,205.16,201.85,202.9,2088943.0
2016-05-20,203.79,208.2,201.71,207.44,2550157.0
2016-05-23,206.16,210.52,206.16,209.86,1870618.0
2016-05-24,210.04,210.7,206.48,208.0,1167440.0
2016-05-25,210.09,210.47,207.23,207.93,1778534.0
2016-05-26,208.04,209.53,205.74,208.63,1812026.0
2016-05-27,208.64,210.27,207.53,208.41,1323044.0
2016-05-30,207.63,211.76,206.4,211.46,2980692.0
2016-05-31,211.35,220.12,210.69,218.34,5394965.0
2016-06-01,219.11,219.19,217.13,217.78,2187669.0
2016-06-02,217.14,221.82,217.14,221.04,2476076.0
2016-06-03,220.43,236.73,219.94,234.37,6479813.0
2016-06-06,232.81,233.64,227.04,227.9,3726166.0
2016-06-07,228.27,229.92,227.04,229.39,1875353.0
2016-06-08,228.19,229.4,225.8,226.44,2388209.0
2016-06-13,225.67,228.41,219.81,220.48,3777506.0
2016-06-14,221.02,226.04,221.02,225.18,2558729.0
2016-06-15,223.49,229.35,223.08,228.27,2732201.0
2016-06-16,226.92,229.35,226.03,226.23,1964357.0
2016-06-17,225.88,233.22,225.88,229.73,2470518.0
2016-06-20,230.97,231.05,226.21,227.95,1901926.0
2016-06-21,228.72,229.46,225.38,226.05,1674933.0
2016-06-22,226.02,230.63,225.19,229.88,2088448.0
2016-06-23,231.14,231.14,226.94,228.22,1398451.0
2016-06-24,227.27,228.69,220.6,226.02,2012951.0
2016-06-27,227.04,241.32,227.04,237.5,6364269.0
2016-06-28,236.96,239.14,236.38,237.94,2428223.0
2016-06-29,237.4,238.96,234.63,237.92,2814760.0
2016-06-30,239.44,246.19,239.44,241.0,3802240.0
2016-07-01,242.23,246.18,239.53,241.36,2601495.0
2016-07-04,242.06,249.14,241.22,247.88,2948864.0
2016-07-05,248.83,255.64,248.83,253.51,4170773.0
2016-07-06,252.85,268.2,252.19,267.52,4734770.0
2016-07-07,266.35,275.63,263.21,267.29,5072520.0
2016-07-08,264.43,266.1,258.22,261.38,4554563.0
2016-07-11,260.64,273.27,260.64,265.79,5748167.0
2016-07-12,266.32,275.46,265.67,273.88,5311945.0
2016-07-13,272.45,273.88,265.72,267.52,5344828.0
2016-07-14,266.59,270.57,265.84,267.44,2923085.0
2016-07-15,267.46,268.23,265.73,267.8,2681101.0
2016-07-18,267.78,269.47,266.23,266.7,2335289.0
2016-07-19,266.1,266.77,257.7,259.86,4143166.0
2016-07-20,260.29,262.19,259.35,260.24,1773384.0
2016-07-21,261.58,267.87,260.61,265.15,3300949.0
2016-07-22,263.9,265.84,259.25,259.7,2887145.0
2016-07-25,259.43,264.99,258.93,262.52,2362353.0
2016-07-26,260.62,269.47,260.19,269.08,3555567.0
2016-07-27,269.77,270.4,260.02,264.84,3922806.0
2016-07-28,263.14,269.3,262.72,266.56,3964399.0
2016-07-29,265.74,268.95,263.99,264.11,2900737.0
2016-08-01,263.99,264.79,257.24,258.89,3170185.0
2016-08-02,259.14,261.88,255.43,258.26,2654142.0
2016-08-03,258.93,259.69,256.52,258.78,2403907.0
2016-08-04,258.8,260.05,256.58,258.34,2179364.0
2016-08-05,258.5,260.08,257.27,258.02,2030848.0
2016-08-08,258.21,260.02,255.6,259.86,2200740.0
2016-08-09,259.91,267.93,258.44,266.31,3928967.0
2016-08-10,265.72,266.94,264.27,264.67,2094471.0
2016-08-11,265.15,271.22,264.84,267.17,3193972.0
2016-08-12,267.7,267.7,264.84,267.34,2335283.0
2016-08-15,266.35,271.32,264.96,268.86,3411013.0
2016-08-16,271.58,271.98,259.77,261.05,8837869.0
2016-08-17,261.12,262.28,258.51,259.91,4375406.0
2016-08-18,259.73,261.16,257.35,258.45,3100599.0
2016-08-19,257.92,259.31,257.07,258.49,1914091.0
2016-08-22,258.19,261.1,258.08,259.2,2081270.0
2016-08-23,259.21,260.65,257.92,258.83,1991426.0
2016-08-24,258.94,259.34,256.25,257.48,2277942.0
2016-08-25,257.41,257.56,253.08,255.56,2536258.0
2016-08-26,255.67,256.86,253.36,254.25,2143645.0
2016-08-29,259.77,260.45,257.41,259.37,3805557.0
2016-08-30,258.93,260.19,256.96,257.97,2117052.0
2016-08-31,258.67,262.1,257.7,261.62,4040144.0
2016-09-01,261.2,263.14,259.98,260.37,1718597.0
2016-09-02,259.77,260.99,257.14,257.9,1857224.0
2016-09-05,258.25,260.61,257.92,260.19,1913870.0
2016-09-06,260.19,261.76,260.07,261.41,2062583.0
2016-09-07,261.19,261.19,257.66,258.59,2964515.0
2016-09-08,257.42,258.51,256.74,257.93,1670578.0
2016-09-09,258.63,258.81,256.4,256.93,1622251.0
2016-09-12,254.71,256.4,251.14,251.39,3823881.0
2016-09-13,252.98,253.84,252.43,253.39,1625588.0
2016-09-14,253.11,254.88,251.35,252.66,1852765.0
2016-09-19,253.07,254.35,252.92,253.13,1285210.0
2016-09-20,253.68,253.7,247.96,248.77,3489260.0
2016-09-21,248.86,249.14,243.84,248.01,3903723.0
2016-09-22,248.22,253.01,247.97,250.48,2960617.0
2016-09-23,250.51,252.14,249.14,251.07,1267190.0
2016-09-26,250.49,250.5,243.37,243.52,3717608.0
2016-09-27,243.64,246.26,243.54,245.58,1791582.0
2016-09-28,246.1,246.1,242.53,243.25,2236001.0
2016-09-29,242.78,247.12,242.78,245.42,2370569.0
2016-09-30,244.59,252.71,244.59,251.26,2960350.0
2016-10-10,251.77,256.28,251.77,255.52,2110362.0
2016-10-11,256.4,260.61,255.55,260.55,4173675.0
2016-10-12,260.19,260.19,257.16,257.93,1928602.0
2016-10-13,258.76,258.88,255.98,256.3,1614398.0
2016-10-14,255.95,258.08,255.72,257.75,1269092.0
2016-10-17,257.62,257.66,254.29,255.09,1895703.0
2016-10-18,255.13,260.19,254.71,259.06,3038931.0
2016-10-19,260.19,260.4,257.32,258.46,1412328.0
2016-10-20,259.26,259.26,257.07,257.65,1407992.0
2016-10-21,257.31,257.65,255.21,256.56,1148332.0
2016-10-24,255.22,258.93,255.22,258.87,2624652.0
2016-10-25,259.26,263.99,259.26,263.94,4376239.0
2016-10-26,263.99,268.47,262.85,264.56,4681307.0
2016-10-27,263.98,268.39,262.31,267.25,3295162.0
2016-10-28,267.78,268.57,264.83,267.4,2013733.0
2016-10-31,269.05,272.25,267.19,268.16,4359610.0
2016-11-01,268.16,269.05,266.14,267.09,1951239.0
2016-11-02,266.59,267.5,264.56,265.83,2063642.0
2016-11-03,265.67,266.91,264.96,266.4,1869081.0
2016-11-04,266.51,268.42,264.81,265.52,2061927.0
2016-11-07,265.67,267.36,264.16,265.95,1604780.0
2016-11-08,266.94,271.73,266.25,269.89,3419383.0
2016-11-09,269.89,271.55,264.66,267.2,3000449.0
2016-11-10,269.13,270.74,267.98,269.16,1780496.0
2016-11-11,268.2,268.46,265.51,265.74,3590265.0
2016-11-14,266.14,266.41,261.45,262.29,3992049.0
2016-11-15,261.48,266.22,261.48,264.84,2447055.0
2016-11-16,264.67,266.01,263.14,264.11,1339981.0
2016-11-17,263.21,263.99,261.9,262.33,1833776.0
2016-11-18,262.44,262.98,261.36,261.46,1937769.0
2016-11-21,262.32,262.86,260.08,261.04,2608384.0
2016-11-22,261.71,261.84,260.08,260.5,2642427.0
2016-11-23,262.3,263.99,260.71,263.95,3401504.0
2016-11-24,264.16,267.36,262.66,267.3,3907870.0
2016-11-25,267.4,268.2,264.34,267.27,2236967.0
2016-11-28,267.83,270.04,267.02,269.47,4925301.0
2016-11-29,270.48,278.71,269.39,273.23,5883062.0
2016-11-30,270.92,272.68,268.58,269.12,2675237.0
2016-12-01,269.89,273.76,268.78,270.75,2794182.0
2016-12-02,270.74,272.59,269.05,271.38,3062833.0
2016-12-05,269.22,273.72,266.37,266.46,4206081.0
2016-12-06,266.71,275.44,266.71,275.31,3892309.0
2016-12-07,275.9,277.06,273.24,276.18,2527174.0
2016-12-08,276.65,286.76,275.8,284.83,5447578.0
2016-12-09,284.4,286.27,281.72,284.87,3449559.0
2016-12-12,284.82,286.76,274.7,275.68,5033244.0
2016-12-13,275.66,282.54,274.53,280.86,4178000.0
2016-12-14,280.86,281.76,277.06,280.24,3202902.0
2016-12-15,280.4,280.85,274.6,276.68,3920275.0
2016-12-16,275.8,278.22,272.91,276.28,2505126.0
2016-12-19,274.95,282.01,274.62,274.92,3047187.0
2016-12-20,274.99,275.8,271.42,275.36,3083159.0
2016-12-21,275.71,277.73,272.89,277.2,2471124.0
2016-12-22,276.64,277.03,274.01,274.28,1467813.0
2016-12-23,272.89,273.69,269.16,269.92,3109555.0
2016-12-26,269.07,274.1,266.69,273.67,2600143.0
2016-12-27,273.7,277.31,272.84,275.09,2006229.0
2016-12-28,275.79,276.64,272.7,273.03,1787811.0
2016-12-29,273.27,276.53,272.42,276.06,2122512.0
2016-12-30,275.47,282.79,275.47,281.83,3468767.0
2017-01-03,281.94,284.23,280.7,282.17,2076389.0
2017-01-04,282.22,297.02,282.21,296.81,6525738.0
2017-01-05,295.19,296.42,291.35,292.44,4170448.0
2017-01-06,292.36,303.44,291.9,295.84,6809562.0
2017-01-09,293.34,297.62,292.28,293.94,3540500.0
2017-01-10,293.89,296.88,292.33,294.35,3172764.0
2017-01-11,293.51,293.51,289.71,291.36,2359851.0
2017-01-12,292.28,293.0,290.56,292.71,1777940.0
2017-01-13,292.65,292.99,290.03,290.87,1828248.0
2017-01-16,290.24,290.81,285.75,288.0,3685545.0
2017-01-17,288.95,296.46,288.45,294.46,3518838.0
2017-01-18,294.25,300.9,292.84,299.48,4600570.0
2017-01-19,299.41,302.35,296.63,299.18,2852392.0
2017-01-20,299.33,301.44,297.75,299.4,2134417.0
2017-01-23,301.0,303.46,294.74,296.22,3258118.0
2017-01-24,296.27,297.56,292.45,295.46,2691458.0
2017-01-25,295.18,295.18,291.99,293.2,2299036.0
2017-01-26,293.63,294.18,287.86,290.49,3782617.0
2017-02-03,291.82,294.5,290.98,292.54,2093643.0
2017-02-06,293.92,294.26,290.94,292.54,1568079.0
2017-02-07,292.53,293.0,289.41,289.78,2051983.0
2017-02-08,289.93,291.4,289.01,290.31,1908854.0
2017-02-09,290.98,294.17,290.65,293.18,2332438.0
2017-02-10,294.03,295.04,290.98,291.04,2405659.0
2017-02-13,290.13,296.8,288.38,294.98,5358790.0
2017-02-14,294.81,297.39,294.44,295.37,2655868.0
2017-02-15,296.46,297.25,292.83,293.95,2625696.0
2017-02-16,293.93,294.03,291.41,293.58,1764230.0
2017-02-17,294.27,298.94,293.09,295.67,2910234.0
2017-02-20,295.54,305.58,295.2,304.72,6185340.0
2017-02-21,305.21,305.68,301.25,302.57,2770577.0
2017-02-22,304.14,309.13,303.63,305.22,3713031.0
2017-02-23,304.45,308.25,303.43,305.06,2332806.0
2017-02-24,305.32,306.07,303.67,305.84,1769278.0
2017-02-27,305.73,306.03,300.93,301.6,2540046.0
2017-02-28,301.1,302.95,298.21,299.12,2747351.0
2017-03-01,299.5,302.11,299.41,300.77,2194420.0
2017-03-02,300.85,301.1,299.01,300.95,2210362.0
2017-03-03,299.41,302.13,299.41,300.71,1415355.0
2017-03-06,301.65,303.24,300.72,302.75,2281884.0
2017-03-07,301.97,311.12,301.97,309.7,4628698.0
2017-03-08,309.68,310.79,308.27,309.74,1603770.0
2017-03-09,309.53,312.05,308.32,311.98,2340606.0
2017-03-10,311.99,317.97,310.68,311.94,4095105.0
2017-03-13,312.1,315.71,309.98,313.37,2767432.0
2017-03-14,313.37,315.31,310.66,311.64,2041649.0
2017-03-15,311.64,316.41,311.23,316.01,2515526.0
2017-03-16,317.6,319.06,314.42,316.09,2502260.0
2017-03-17,314.68,324.25,314.68,319.21,3470026.0
2017-03-20,320.92,326.16,319.55,325.9,3154594.0
2017-03-21,326.02,334.41,325.98,332.31,4846096.0
2017-03-22,329.38,332.81,324.71,332.71,4553271.0
2017-03-23,330.64,332.3,326.06,328.75,3450481.0
2017-03-24,330.89,331.65,324.71,326.25,3328772.0
2017-03-27,325.58,328.31,319.14,319.5,5369028.0
2017-03-28,320.45,321.47,317.68,320.72,4118717.0
2017-03-29,321.35,325.39,320.41,323.57,3729967.0
2017-03-30,323.03,326.31,322.69,325.68,3161299.0
2017-03-31,325.73,327.24,324.02,325.86,2447422.0
2017-04-05,325.27,333.14,324.71,328.64,4078998.0
2017-04-06,328.1,331.46,326.09,330.54,2885720.0
2017-04-07,331.45,332.3,328.59,331.35,2409723.0
2017-04-10,332.3,332.3,327.24,328.26,2886948.0
2017-04-11,327.29,329.52,321.0,324.96,4353072.0
2017-04-12,324.96,329.77,324.54,329.12,2700291.0
2017-04-13,329.59,336.18,329.36,336.01,4564835.0
2017-04-14,336.88,337.26,333.15,333.53,2364656.0
2017-04-17,329.77,335.91,327.71,333.81,2879371.0
2017-04-18,332.81,342.89,332.81,341.29,4958100.0
2017-04-19,339.89,345.04,339.78,342.21,3755011.0
2017-04-20,342.5,354.6,342.5,350.28,5045768.0
2017-04-21,350.02,350.52,337.36,337.81,4933292.0
2017-04-24,337.89,341.58,328.09,336.14,5003797.0
2017-04-25,341.41,354.38,341.41,353.3,7619271.0
2017-04-26,353.26,361.55,348.34,352.51,5662412.0
2017-04-27,350.46,355.89,346.16,355.45,2824071.0
2017-04-28,355.91,356.76,345.71,348.73,4950587.0
2017-05-02,347.15,350.02,345.11,347.55,2329168.0
2017-05-03,346.64,352.26,346.64,352.22,2026791.0
2017-05-04,349.7,352.95,349.7,350.86,2670915.0
2017-05-05,351.03,356.58,350.1,351.02,3743711.0
2017-05-08,351.01,351.7,341.35,341.99,4072165.0
2017-05-09,341.11,345.7,335.68,344.75,5280192.0
2017-05-10,344.45,349.54,343.29,345.87,2603938.0
2017-05-11,344.45,349.76,342.86,347.62,3046764.0
2017-05-12,348.83,350.27,345.81,348.73,2233742.0
2017-05-15,348.43,354.53,348.43,353.85,3344735.0
2017-05-16,353.9,363.7,352.77,362.77,5016490.0
2017-05-17,361.82,362.83,358.35,359.8,2751521.0
2017-05-18,358.49,363.26,358.46,362.28,2430080.0
2017-05-19,362.3,372.62,362.3,371.79,3831083.0
2017-05-22,370.29,376.17,367.9,372.6,3532149.0
2017-05-23,373.0,383.31,373.0,383.08,4845439.0
2017-05-24,381.98,385.0,376.16,379.81,4022618.0
2017-05-25,378.45,382.03,377.43,380.04,2889842.0
2017-05-26,380.23,384.26,377.85,381.15,2738664.0
2017-05-31,379.54,379.96,371.19,373.58,4431225.0
2017-06-01,373.21,379.49,371.95,378.93,4060478.0
2017-06-02,379.54,380.34,375.82,377.27,2178526.0
2017-06-05,377.88,378.69,373.08,374.82,1924120.0
2017-06-06,375.29,378.69,374.64,378.54,2040244.0
2017-06-07,378.79,387.97,378.79,387.44,3883430.0
2017-06-08,389.08,391.68,386.7,391.6,2895111.0
2017-06-09,391.55,397.08,390.5,392.81,3143076.0
2017-06-12,393.87,400.99,392.19,398.83,3510916.0
2017-06-13,398.98,400.2,393.87,398.97,2423798.0
2017-06-14,398.76,402.73,396.81,400.11,3376863.0
2017-06-15,400.62,401.03,391.34,391.6,5020280.0
2017-06-16,389.23,394.29,389.03,390.19,3333180.0
2017-06-19,389.62,396.73,389.62,396.55,3853668.0
2017-06-20,398.93,400.52,392.74,393.28,3450539.0
2017-06-21,396.02,398.93,393.06,398.69,4203854.0
2017-06-22,398.95,403.09,397.42,398.72,3824234.0
2017-06-23,398.82,400.52,395.0,398.71,3130362.0
2017-06-26,398.94,409.05,398.09,408.78,5293257.0
2017-06-27,407.22,409.05,405.55,408.3,2798078.0
2017-06-28,408.29,408.29,398.93,400.87,3772874.0
2017-06-29,401.72,402.6,396.4,398.94,3509272.0
2017-06-30,397.68,399.91,394.55,397.96,2242717.0
2017-07-03,399.95,399.95,386.2,388.28,4962853.0
2017-07-04,387.09,387.97,378.69,381.15,5648895.0
2017-07-05,382.07,388.25,382.07,388.08,3754032.0
2017-07-06,386.38,388.14,380.04,384.58,4204439.0
2017-07-07,386.17,386.21,377.74,381.82,3779647.0
2017-07-10,382.6,389.46,379.25,389.1,3662409.0
2017-07-11,389.12,397.75,388.69,396.51,4460182.0
2017-07-12,398.8,398.96,389.55,391.67,2895072.0
2017-07-13,389.85,395.47,388.42,390.54,2595135.0
2017-07-14,390.62,392.77,387.88,390.76,1772657.0
2017-07-17,391.3,392.15,382.08,385.33,3526368.0
2017-07-18,386.97,388.69,383.56,387.45,3068449.0
2017-07-19,388.69,396.93,387.67,391.14,5625994.0
2017-07-20,390.29,399.73,390.29,399.37,4663487.0
2017-07-21,399.79,406.68,396.96,405.13,4679241.0
2017-07-24,406.57,415.53,406.57,409.07,4271643.0
2017-07-25,412.84,413.35,407.62,409.21,2192999.0
2017-07-26,409.28,412.35,399.45,403.79,3147018.0
2017-07-27,403.79,407.4,403.33,405.71,1959503.0
2017-07-28,403.25,414.44,400.43,414.31,4661877.0
2017-07-31,414.38,417.77,411.81,412.0,3841218.0
2017-08-01,411.81,413.52,408.73,411.16,2750154.0
2017-08-02,410.99,415.13,409.68,413.39,2677422.0
2017-08-03,414.11,416.82,407.21,408.57,3176839.0
2017-08-04,408.39,410.08,404.62,405.51,1868114.0
2017-08-07,404.53,413.01,403.36,412.29,2309937.0
2017-08-08,412.67,414.57,410.53,413.16,1605158.0
2017-08-09,415.1,422.07,412.69,420.28,4179447.0
2017-08-10,420.45,427.74,418.66,420.91,3536438.0
2017-08-11,418.66,425.12,413.93,414.43,3657257.0
2017-08-14,415.42,428.16,415.42,427.93,3933147.0
2017-08-15,428.17,429.02,423.81,424.63,2716322.0
2017-08-16,426.37,427.05,422.08,425.07,1858722.0
2017-08-17,426.02,426.02,419.34,421.82,2584673.0
2017-08-18,421.91,423.32,417.8,419.22,2385775.0
2017-08-21,417.8,423.28,416.9,419.28,2354662.0
2017-08-22,417.29,419.07,407.53,417.14,4245703.0
2017-08-23,415.62,423.48,414.65,422.95,2721499.0
2017-08-24,422.93,425.0,421.25,421.92,1815678.0
2017-08-25,422.47,423.15,418.93,422.08,1729788.0
2017-08-28,422.08,425.76,420.4,421.26,2902107.0
2017-08-29,422.1,423.69,417.81,419.04,2517662.0
2017-08-30,419.26,422.73,418.8,422.06,1850364.0
2017-08-31,422.97,423.69,419.34,420.5,1873686.0
2017-09-01,419.69,424.89,419.54,423.95,3145100.0
2017-09-04,423.95,425.22,420.6,421.59,1893162.0
2017-09-05,421.98,422.93,419.09,419.51,2262215.0
2017-09-06,419.52,421.89,415.1,415.22,3300650.0
2017-09-07,415.5,416.86,411.01,412.04,3332016.0
2017-09-08,409.46,411.38,405.82,406.13,4117327.0
2017-09-11,403.33,412.86,402.38,409.52,4537440.0
2017-09-12,410.53,416.09,409.58,415.16,3434163.0
2017-09-13,415.24,421.4,412.14,420.91,3307570.0
2017-09-14,422.08,422.97,418.65,420.12,1939949.0
2017-09-15,421.66,421.66,417.8,419.38,1603946.0
2017-09-18,419.64,428.51,419.64,427.2,4220681.0
2017-09-19,428.33,430.22,424.66,425.47,2305481.0
2017-09-20,425.42,428.09,424.65,424.82,1731816.0
2017-09-21,424.6,428.57,421.98,427.02,1940268.0
2017-09-22,425.42,428.23,424.48,428.02,1634353.0
2017-09-25,428.34,435.1,428.33,434.28,3269756.0
2017-09-26,433.81,436.64,431.16,436.03,2547049.0
2017-09-27,435.71,437.52,433.27,435.11,1667111.0
2017-09-28,434.24,445.37,434.2,443.88,2596985.0
2017-09-29,441.78,450.23,441.35,443.18,2243622.0
2017-10-09,449.09,458.51,445.29,451.85,3489129.0
2017-10-10,451.24,462.74,451.2,462.38,3100644.0
2017-10-11,460.7,471.96,460.7,467.07,3340643.0
2017-10-12,466.6,468.74,462.48,465.83,1964622.0
2017-10-13,466.6,476.54,464.04,476.15,2785842.0
2017-10-16,479.44,485.15,475.91,480.04,2990901.0
2017-10-17,480.28,480.28,474.31,476.65,2097712.0
2017-10-18,474.48,481.66,474.48,480.06,1917865.0
2017-10-19,480.3,500.98,480.06,498.8,4065882.0
2017-10-20,497.43,497.43,489.52,491.72,3153433.0
2017-10-23,492.22,497.0,486.3,490.93,2377182.0
2017-10-24,489.72,491.26,482.54,485.72,3127428.0
2017-10-25,487.79,489.45,481.21,484.3,2507600.0
2017-10-26,517.97,524.82,506.77,518.05,11543497.0
2017-10-27,515.5,560.78,513.72,556.18,8438379.0
2017-10-30,550.55,551.36,531.67,532.6,8100786.0
2017-10-31,532.54,537.32,523.86,529.13,5187568.0
2017-11-01,531.57,540.7,530.15,533.39,4343525.0
2017-11-02,536.77,539.19,531.67,536.74,3424973.0
2017-11-03,538.22,550.88,538.22,547.23,4818897.0
2017-11-06,549.22,563.02,548.11,559.12,4851398.0
2017-11-07,557.0,562.62,546.38,549.71,5556485.0
2017-11-08,549.93,560.35,549.93,556.83,4395194.0
2017-11-09,554.79,560.05,551.89,556.56,3364113.0
2017-11-10,556.87,585.1,556.87,580.43,7407860.0
2017-11-13,582.19,593.13,578.59,588.93,4986984.0
2017-11-14,588.3,588.37,579.92,581.12,4636671.0
2017-11-15,581.12,590.74,577.05,589.1,4503633.0
2017-11-16,587.33,616.4,587.33,615.67,6071632.0
2017-11-17,595.88,607.01,580.28,590.96,12386124.0
2017-11-20,579.45,586.98,565.06,581.46,8830582.0
2017-11-21,572.77,589.72,566.79,579.83,9601651.0
2017-11-22,579.62,589.03,556.5,556.95,12849826.0
2017-11-23,549.65,553.08,539.57,542.57,10959913.0
2017-11-24,544.43,550.08,532.73,539.41,7654194.0
2017-11-27,542.8,544.8,524.83,531.92,6354846.0
2017-11-28,535.15,555.54,534.24,554.99,7029183.0
2017-11-29,556.45,558.19,542.81,546.33,4676372.0
2017-11-30,544.1,555.2,535.95,540.23,3801962.0
2017-12-01,546.24,547.07,530.93,532.83,4719274.0
2017-12-04,534.2,551.45,528.01,546.05,5426771.0
2017-12-05,542.8,554.27,539.49,541.91,4746576.0
2017-12-06,540.66,551.45,530.82,535.11,5817409.0
2017-12-07,535.05,535.09,526.76,527.98,5103262.0
2017-12-08,526.9,538.39,526.9,537.05,4550339.0
2017-12-11,540.23,558.17,540.23,557.35,7284917.0
2017-12-12,563.95,564.01,557.37,557.63,4788931.0
2017-12-13,560.77,573.62,557.12,572.09,4850248.0
2017-12-14,573.61,574.74,565.49,568.96,3196794.0
2017-12-15,568.49,571.87,557.17,559.75,3225595.0
2017-12-18,565.06,573.45,563.85,570.0,3916228.0
2017-12-19,567.63,575.71,565.92,571.13,4407221.0
2017-12-20,573.54,588.06,568.51,586.39,6360131.0
2017-12-21,584.75,588.54,578.33,583.68,4668038.0
2017-12-22,582.19,587.24,579.63,584.69,2831701.0
2017-12-25,587.32,596.14,585.37,589.14,3621428.0
2017-12-26,589.19,593.31,579.19,582.88,3186766.0
2017-12-27,586.35,586.35,567.2,568.64,3772205.0
2017-12-28,588.18,616.35,574.75,615.31,12414107.0
2017-12-29,614.72,622.0,592.12,597.16,7603887.0
2018-01-02,599.31,608.01,590.65,602.6,4961248.0
2018-01-03,600.59,617.63,599.09,612.89,5201941.0
2018-01-04,617.63,636.55,615.86,631.05,7220508.0
2018-01-05,634.41,638.72,623.47,632.15,3998907.0
2018-01-08,629.29,647.68,629.29,643.94,5220456.0
2018-01-09,644.01,670.37,644.01,669.96,6459195.0
2018-01-10,672.08,675.4,662.22,672.69,4771424.0
2018-01-11,673.79,674.65,660.95,663.36,5065607.0
2018-01-12,662.47,675.34,656.69,675.01,4598824.0
2018-01-15,679.32,684.12,666.96,672.4,5247313.0
2018-01-16,668.21,675.17,657.53,661.76,6542833.0
2018-01-17,659.24,662.66,632.28,640.34,9070954.0
2018-01-18,640.34,654.96,637.06,642.75,5897851.0
2018-01-19,644.6,649.74,632.72,642.27,5092556.0
2018-01-22,643.67,662.66,643.67,662.36,6712675.0
2018-01-23,665.93,667.8,658.04,662.48,4954918.0
2018-01-24,664.75,664.77,649.48,654.5,4329881.0
2018-01-25,651.53,664.38,642.97,658.52,5004072.0
2018-01-26,656.88,665.58,654.1,665.42,4397833.0
2018-01-29,666.74,667.52,629.27,630.4,7453551.0
2018-01-30,630.13,641.06,625.01,635.34,5191103.0
2018-01-31,632.7,660.7,632.7,654.56,6040241.0
2018-02-01,656.67,656.93,644.62,648.73,5058261.0
2018-02-02,644.02,644.88,620.71,633.9,7542082.0
2018-02-05,622.61,624.96,604.1,614.92,9899585.0
2018-02-06,601.88,618.66,601.88,606.89,8816871.0
2018-02-07,616.43,619.75,583.91,585.12,8828998.0
2018-02-08,584.07,614.72,584.07,600.16,8340943.0
2018-02-09,582.19,590.65,563.35,585.12,10557826.0
2018-02-12,591.6,604.02,586.64,597.15,6417955.0
2018-02-13,603.61,612.0,603.16,609.57,5338918.0
2018-02-14,616.43,616.43,609.77,615.1,3065260.0
2018-02-22,622.68,636.98,619.21,635.65,5076469.0
2018-02-23,639.55,647.73,630.99,635.68,3815877.0
2018-02-26,639.45,643.87,627.58,636.56,4365824.0
2018-02-27,641.26,647.25,631.17,631.83,4260154.0
2018-02-28,626.71,635.52,615.58,621.24,4833067.0
2018-03-01,623.28,639.42,619.66,635.24,4479465.0
2018-03-02,631.84,636.6,624.99,630.48,2599190.0
2018-03-05,632.0,635.27,613.89,616.53,3723470.0
2018-03-06,620.71,622.94,596.85,614.94,6457036.0
2018-03-07,612.15,619.86,607.01,607.9,3459594.0
2018-03-08,611.29,619.86,606.16,618.79,3534930.0
2018-03-09,622.9,627.19,619.43,623.45,3017100.0
2018-03-12,624.61,628.35,618.8,619.81,3988841.0
2018-03-13,619.0,622.08,607.87,608.17,3857709.0
2018-03-14,607.59,623.35,605.49,622.32,3735576.0
2018-03-15,623.3,639.55,623.3,639.09,5614879.0
2018-03-16,640.06,645.52,632.6,633.43,3585552.0
2018-03-19,636.95,645.53,632.7,645.1,3866658.0
2018-03-20,642.12,643.83,633.55,640.17,2887720.0
2018-03-21,642.21,644.78,633.55,635.27,2674271.0
2018-03-22,636.98,640.4,619.86,621.64,3748697.0
2018-03-23,600.16,619.42,599.38,608.78,5254677.0
2018-03-26,606.16,612.2,600.92,610.86,4625611.0
2018-03-27,619.0,621.47,602.73,611.93,4754844.0
2018-03-28,599.28,601.88,572.77,583.94,11353972.0
2018-03-29,584.07,597.47,563.7,589.98,7908196.0
2018-03-30,587.32,593.74,582.08,585.28,3654028.0
2018-04-02,582.19,591.6,577.14,582.24,3203908.0
2018-04-03,580.47,588.18,578.24,580.4,4023558.0
2018-04-04,583.9,599.68,582.51,594.18,5689131.0
2018-04-09,596.83,603.96,590.88,597.85,3083305.0
2018-04-10,603.42,606.59,597.99,606.17,3204325.0
2018-04-11,607.87,611.96,601.89,603.9,2572318.0
2018-04-12,602.73,605.2,592.65,594.34,3071361.0
2018-04-13,598.02,600.16,586.53,588.06,2754952.0
2018-04-16,582.68,588.05,579.62,583.37,3293967.0
2018-04-17,586.47,586.79,569.86,570.37,3517276.0
2018-04-18,574.48,574.48,552.22,561.33,6261660.0
2018-04-19,564.93,582.19,562.2,582.15,4420757.0
2018-04-20,583.04,594.17,572.11,573.85,4151168.0
2018-04-23,570.21,582.47,570.21,577.06,3265920.0
2018-04-24,578.76,593.74,577.9,590.64,4728256.0
2018-04-25,589.89,592.46,584.77,591.58,2525222.0
2018-04-26,592.46,592.7,576.19,580.67,3504790.0
2018-04-27,586.68,589.34,560.78,567.23,5791521.0
2018-05-02,565.06,572.76,552.27,571.77,7025911.0
2018-05-03,570.2,576.77,563.35,574.38,3632653.0
2018-05-04,574.46,577.76,565.55,567.52,3737584.0
2018-05-07,565.02,600.92,563.15,597.74,8559143.0
2018-05-08,597.62,609.69,597.62,606.87,6249783.0
2018-05-09,607.08,609.84,596.84,600.98,3233106.0
2018-05-10,602.31,613.01,602.31,611.46,3929380.0
2018-05-11,615.31,625.42,612.75,614.74,3914165.0
2018-05-14,619.86,636.12,619.86,635.62,5101471.0
2018-05-15,638.69,639.07,628.42,636.17,3805580.0
2018-05-16,633.55,638.4,627.8,628.86,3079520.0
2018-05-17,629.38,631.41,619.86,622.75,2851793.0
2018-05-18,619.85,634.41,617.45,632.97,2925517.0
2018-05-21,636.98,639.8,627.12,629.12,2905958.0
2018-05-22,629.46,633.42,625.01,633.19,1699896.0
2018-05-23,633.55,633.55,619.5,619.67,2826871.0
2018-05-24,616.43,623.85,610.44,612.49,3041634.0
2018-05-25,609.58,622.42,609.58,613.74,2651146.0
2018-05-28,614.72,634.12,612.25,633.9,4280523.0
2018-05-29,632.53,642.12,626.09,626.22,4082027.0
2018-05-30,622.61,631.24,616.47,621.46,3714710.0
2018-05-31,625.21,643.5,625.2,643.08,7185287.0
2018-06-01,643.08,646.38,632.49,637.93,3617763.0
2018-06-04,644.13,670.28,638.59,669.49,7380597.0
2018-06-05,673.37,680.39,665.43,674.69,5262967.0
2018-06-06,674.65,685.74,669.77,672.72,4896948.0
2018-06-07,676.35,681.11,666.86,668.63,3916778.0
2018-06-08,667.8,672.85,659.24,666.05,3495846.0
2018-06-11,664.42,672.94,657.81,664.15,3654755.0
2018-06-12,666.09,687.92,664.8,684.23,5528708.0
2018-06-13,684.92,687.17,675.4,676.65,3524437.0
2018-06-14,676.36,679.62,663.67,673.05,3615961.0
2018-06-15,671.37,676.04,667.81,671.49,3170773.0
2018-06-19,667.73,667.73,639.94,640.81,6019587.0
2018-06-20,643.41,664.25,643.41,663.03,4583802.0
2018-06-21,664.44,676.31,658.84,659.32,3918255.0
2018-06-22,654.7,665.99,651.23,665.58,2885481.0
2018-06-25,665.12,676.38,664.17,664.74,3293416.0
2018-06-26,664.52,668.49,648.62,655.4,4657798.0
2018-06-27,652.96,657.31,626.05,627.3,5729801.0
2018-06-28,619.97,624.31,605.21,617.3,5083394.0
2018-06-29,618.49,635.86,612.15,635.13,3292927.0
2018-07-02,637.79,641.96,610.42,617.84,3755811.0
2018-07-03,616.29,621.51,588.91,603.4,8283710.0
2018-07-04,600.87,607.81,597.39,599.92,3799075.0
2018-07-05,607.81,621.88,607.81,609.89,4712380.0
2018-07-06,613.89,625.99,607.17,620.07,4415661.0
2018-07-09,625.2,633.74,624.94,631.47,4057266.0
2018-07-10,632.99,635.16,619.39,630.18,2901047.0
2018-07-11,616.5,628.65,609.74,624.81,2427845.0
2018-07-12,623.44,643.56,623.44,640.41,4017004.0
2018-07-13,644.54,649.58,638.31,648.61,2890704.0
2018-07-16,653.23,663.48,652.12,655.29,3247487.0
2018-07-17,657.31,657.31,639.09,644.65,2780603.0
2018-07-18,644.65,650.96,638.2,640.32,2452171.0
2018-07-19,641.68,645.97,638.22,643.37,1807850.0
2018-07-20,643.85,645.26,632.13,643.53,3054850.0
2018-07-23,639.07,643.54,625.19,635.66,3596989.0
2018-07-24,636.19,648.88,627.78,647.23,4180860.0
2018-07-25,648.58,651.12,642.55,645.85,2174388.0
2018-07-26,650.27,650.27,637.53,638.74,2306726.0
2018-07-27,639.07,646.28,633.86,641.29,2091360.0
2018-07-30,641.59,643.12,620.84,624.49,4217166.0
2018-07-31,625.44,632.02,624.49,630.77,2068346.0
2018-08-01,635.08,635.86,620.06,620.79,2523788.0
2018-08-02,621.68,621.68,597.29,604.2,5500143.0
2018-08-03,603.47,603.47,587.15,589.57,4733699.0
2018-08-06,587.84,593.92,575.03,581.49,4524812.0
2018-08-07,583.76,597.25,574.83,595.9,3908559.0
2018-08-08,596.54,598.26,583.39,587.16,2968544.0
2018-08-09,582.63,603.04,581.87,600.76,3448575.0
2018-08-10,600.76,603.27,594.09,596.68,2381767.0
2018-08-13,593.05,593.05,578.88,589.77,3457041.0
2018-08-14,589.77,594.35,584.81,590.56,2169683.0
2018-08-15,590.27,590.45,573.95,575.51,3499709.0
2018-08-16,566.13,580.46,555.71,563.04,5993985.0
2018-08-17,570.91,570.91,547.04,551.25,4657457.0
2018-08-20,549.16,560.53,535.62,559.87,4885234.0
2018-08-21,561.79,583.76,561.79,583.06,5224902.0
2018-08-22,582.63,584.54,575.69,579.77,2067551.0
2018-08-23,583.24,589.14,577.58,581.95,2735727.0
2018-08-24,580.9,580.9,570.01,573.34,2609026.0
2018-08-27,574.82,596.79,574.82,596.79,4801692.0
2018-08-28,601.73,602.41,589.19,591.31,3248890.0
2018-08-29,592.18,598.16,589.67,595.53,2740403.0
2018-08-30,597.58,601.39,589.59,590.79,3378833.0
2018-08-31,587.19,587.84,570.04,572.38,5898093.0
2018-09-03,566.13,579.74,565.09,578.47,3017984.0
2018-09-04,578.99,586.97,574.47,586.14,2154048.0
2018-09-05,586.11,587.83,570.48,571.16,2898342.0
2018-09-06,566.13,572.44,555.71,559.19,4237058.0
2018-09-07,560.49,571.37,560.18,565.24,2924006.0
2018-09-10,566.31,567.71,556.32,559.88,2120220.0
2018-09-11,560.55,565.24,556.26,560.92,1949687.0
2018-09-12,558.32,559.94,545.3,547.03,4115737.0
2018-09-13,553.98,557.45,538.35,548.75,4771316.0
2018-09-14,550.49,564.21,545.76,558.23,4090019.0
2018-09-17,560.06,566.97,556.63,560.76,2911295.0
2018-09-18,558.32,580.03,557.64,578.9,3785868.0
2018-09-19,578.79,595.66,578.29,591.68,4822184.0
2018-09-20,594.96,596.44,588.15,589.19,2751948.0
2018-09-21,592.18,607.82,590.46,607.82,4261720.0
2018-09-25,603.47,612.82,601.96,605.23,3063991.0
2018-09-26,609.64,636.19,609.54,629.46,7228777.0
2018-09-27,631.69,632.13,621.18,628.65,4050853.0
2018-09-28,631.0,636.64,624.21,633.86,3508980.0
2018-10-08,621.19,624.31,595.79,595.79,8274502.0
2018-10-09,596.44,606.69,595.57,603.47,4022283.0
2018-10-10,605.43,606.08,581.49,582.56,6309820.0
2018-10-11,551.38,580.84,551.38,560.05,9158196.0
2018-10-12,565.27,584.09,564.9,580.03,5447256.0
2018-10-15,581.32,583.46,573.11,579.07,3560730.0
2018-10-16,578.27,590.04,574.83,579.28,2639360.0
2018-10-17,586.11,588.1,564.31,578.05,4307707.0
2018-10-18,573.08,573.08,560.03,560.87,5215607.0
2018-10-19,553.98,586.11,551.44,581.76,7619938.0
2018-10-22,586.11,609.57,586.11,601.73,7310857.0
2018-10-23,598.26,598.26,551.37,557.23,12311273.0
2018-10-24,545.39,564.4,538.35,553.1,7611282.0
2018-10-25,538.35,540.52,528.43,537.48,7556838.0
2018-10-26,537.48,542.69,527.91,529.75,5532738.0
2018-10-29,476.78,476.78,476.78,476.78,4907600.0
2018-10-30,442.83,471.49,441.98,454.99,20439667.0
2018-10-31,457.6,481.91,453.25,476.61,9688482.0
2018-11-01,481.91,508.39,478.65,488.86,9810672.0
2018-11-02,507.96,520.98,496.88,520.9,8915696.0
2018-11-05,514.9,514.9,496.47,499.97,7551708.0
2018-11-06,498.41,498.55,484.52,491.46,4556614.0
2018-11-07,494.06,499.23,488.0,491.81,3810778.0
2018-11-08,498.41,501.01,493.2,495.23,3376374.0
2018-11-09,492.52,494.06,487.99,487.99,2433682.0
2018-11-12,480.17,481.21,466.11,479.3,6782422.0
2018-11-13,474.2,494.93,471.49,494.93,6642905.0
2018-11-14,494.9,494.9,479.78,482.0,4176683.0
2018-11-15,485.21,490.42,482.34,485.99,3083340.0
2018-11-16,487.12,491.46,484.54,486.25,2893879.0
2018-11-19,486.51,496.67,485.48,494.08,3617925.0
2018-11-20,490.59,493.2,486.25,487.64,2694326.0
2018-11-21,481.04,493.98,480.76,490.33,2710730.0
2018-11-22,490.72,492.61,484.51,490.16,2121333.0
2018-11-23,489.72,492.59,483.56,483.56,2012621.0
2018-11-26,484.51,486.42,479.3,479.4,1912019.0
2018-11-27,479.3,481.9,474.53,475.92,2023382.0
2018-11-28,478.31,485.55,473.66,483.65,2773793.0
2018-11-29,491.49,494.76,476.71,478.96,4506945.0
2018-11-30,483.65,493.97,480.17,490.59,4901046.0
2018-12-03,511.43,525.32,507.76,522.02,8341468.0
2018-12-04,523.58,524.68,516.64,522.92,3147388.0
2018-12-05,518.81,535.31,516.64,529.75,4158819.0
2018-12-06,520.98,526.17,512.61,513.86,3775807.0
2018-12-07,517.16,519.99,507.7,509.69,2684167.0
2018-12-10,500.14,510.13,498.56,501.21,2464068.0
2018-12-11,501.01,509.3,501.01,506.21,1631660.0
2018-12-12,511.25,511.6,506.05,511.43,1992154.0
2018-12-13,512.3,526.96,511.95,522.5,4039941.0
2018-12-14,519.25,520.81,514.04,514.87,2455448.0
2018-12-17,514.53,517.48,507.97,512.75,2489585.0
2018-12-18,508.72,513.64,507.96,513.12,1922218.0
2018-12-19,511.43,513.16,500.17,501.71,2571596.0
2018-12-20,500.33,504.92,493.97,498.84,2694098.0
2018-12-21,495.8,497.93,488.17,492.68,3064043.0
2018-12-24,489.29,495.72,484.51,493.2,1910986.0
2018-12-25,488.18,492.76,480.7,491.28,2659286.0
2018-12-26,489.56,493.54,484.51,486.32,1786620.0
2018-12-27,494.93,496.54,488.18,488.86,2949357.0
2018-12-28,489.12,517.86,486.25,512.31,6367837.0
2019-01-02,529.65,531.4,516.65,520.1,6228649.0
2019-01-03,520.96,522.42,508.65,512.3,3097735.0
2019-01-04,509.94,527.64,505.37,522.72,3768347.0
2019-01-07,527.93,531.4,522.91,525.75,3475013.0
2019-01-08,525.76,531.4,521.23,525.14,2883813.0
2019-01-09,529.66,543.7,528.83,534.98,4989227.0
2019-01-10,535.86,542.59,529.88,537.28,2904390.0
2019-01-11,542.69,553.11,537.26,552.14,3888421.0
2019-01-14,549.64,552.15,539.69,542.34,2564890.0
2019-01-15,545.17,574.38,542.69,573.06,5576485.0
2019-01-16,571.34,577.99,567.52,574.04,4208364.0
2019-01-17,575.69,581.5,569.43,572.43,3028476.0
2019-01-18,577.42,599.3,574.38,593.58,6860918.0
2019-01-21,599.13,606.84,592.08,596.51,4705193.0
2019-01-22,595.66,595.66,577.61,582.63,4212221.0
2019-01-23,579.35,585.67,575.8,578.0,3362481.0
2019-01-24,582.02,588.56,577.14,583.93,2915527.0
2019-01-25,586.87,594.7,581.7,590.19,2898635.0
2019-01-28,593.92,602.59,587.0,587.84,3610287.0
2019-01-29,588.28,597.39,580.03,594.79,3034259.0
2019-01-30,594.78,595.85,586.97,586.97,2269996.0
2019-01-31,590.45,598.78,588.33,598.78,3669657.0
2019-02-01,605.24,606.94,598.79,601.45,3052062.0
2019-02-11,603.47,633.43,597.55,629.78,5814075.0
2019-02-12,627.78,629.95,621.01,623.37,3509143.0
2019-02-13,627.78,639.21,622.76,638.42,3567706.0
2019-02-14,634.9,645.72,633.98,640.08,3225813.0
2019-02-15,638.1,638.1,627.8,629.33,2323798.0
2019-02-18,634.73,646.84,634.73,642.54,3774589.0
2019-02-19,643.38,644.72,630.96,634.52,2950150.0
2019-02-20,638.2,638.2,621.76,626.92,3788237.0
2019-02-21,625.18,634.28,622.57,625.4,2985040.0
2019-02-22,622.57,632.55,620.06,630.4,2590877.0
2019-02-25,634.51,646.4,623.43,644.57,8262259.0
2019-02-26,649.32,650.52,630.39,631.56,5796466.0
2019-02-27,636.47,658.19,634.73,643.15,6594227.0
2019-02-28,640.72,662.88,639.9,655.58,5698625.0
2019-03-01,661.21,685.96,660.78,685.35,6384023.0
2019-03-04,690.3,693.19,674.86,678.89,8458596.0
2019-03-05,681.62,685.57,673.7,677.09,4483056.0
2019-03-06,672.94,676.84,665.02,666.86,4673137.0
2019-03-07,661.84,661.84,647.37,650.01,6018053.0
2019-03-08,640.72,648.48,637.03,640.37,5227525.0
2019-03-11,642.58,665.95,642.58,658.64,5305724.0
2019-03-12,663.23,663.24,641.68,646.9,5251001.0
2019-03-13,647.32,660.56,647.32,654.7,4056136.0
2019-03-14,657.31,681.62,654.7,675.54,6217256.0
2019-03-15,673.8,683.79,664.12,674.93,5240071.0
2019-03-18,676.24,707.26,674.67,703.4,8131880.0
2019-03-19,697.25,701.52,687.96,688.23,4063493.0
2019-03-20,685.96,696.64,681.62,688.39,3111752.0
2019-03-21,684.22,688.39,678.58,682.27,3257328.0
2019-03-22,684.41,694.63,681.62,689.43,3051750.0
2019-03-25,682.49,684.22,671.46,673.46,3727046.0
2019-03-26,677.28,682.43,663.47,671.2,3759569.0
2019-03-27,678.15,689.33,672.94,684.66,4280739.0
2019-03-28,688.94,707.22,682.21,700.55,5756676.0
2019-03-29,725.03,752.54,720.84,741.52,9093396.0
2019-04-01,746.74,754.51,738.93,745.87,6093461.0
2019-04-02,746.73,746.73,725.95,738.06,5322705.0
2019-04-03,729.48,739.57,724.35,733.28,4305680.0
2019-04-04,729.38,751.78,726.08,751.08,5577236.0
2019-04-08,781.47,788.42,772.89,781.65,6625193.0
2019-04-09,784.08,788.59,774.97,785.82,4798980.0
2019-04-10,784.08,826.54,781.47,823.14,6781438.0
2019-04-11,823.15,824.89,786.29,803.35,6110254.0
2019-04-12,789.29,798.83,781.48,793.63,4861217.0
2019-04-15,808.39,815.34,787.55,787.55,4552264.0
2019-04-16,785.73,816.12,782.53,816.12,4642344.0
2019-04-17,814.47,829.67,803.18,826.63,4076102.0
2019-04-18,820.9,828.95,812.92,820.98,1959852.0
2019-04-19,819.64,834.4,808.66,827.11,3237978.0
2019-04-22,833.14,849.97,816.74,824.19,4062796.0
2019-04-23,825.76,852.0,824.19,846.55,4885205.0
2019-04-24,850.83,859.62,825.95,842.25,4522700.0
2019-04-25,841.2,845.72,825.95,826.95,3980134.0
2019-04-26,821.68,833.47,820.55,820.55,4327768.0
2019-04-29,820.55,858.75,811.86,843.97,5257230.0
2019-04-30,840.52,855.24,836.27,845.73,3594318.0
2019-05-06,803.62,811.86,775.4,786.68,13509968.0
2019-05-07,775.64,793.58,755.62,772.79,10083726.0
2019-05-08,746.74,783.04,746.74,767.93,8188298.0
2019-05-09,759.77,763.99,731.55,745.71,9154515.0
2019-05-10,760.34,790.83,753.85,787.66,7990738.0
2019-05-13,780.48,791.01,767.58,774.53,4663718.0
2019-05-14,768.45,786.68,758.03,769.81,5998312.0
2019-05-15,773.0,810.13,773.0,804.92,6312425.0
2019-05-16,797.97,809.26,785.82,807.44,4454012.0
2019-05-17,804.94,809.52,781.56,787.37,4984161.0
2019-05-20,781.47,781.47,756.29,768.41,4440799.0
2019-05-21,768.45,790.16,757.18,777.13,4238565.0
2019-05-22,777.11,784.95,764.11,771.05,3204158.0
2019-05-23,764.98,767.56,743.46,747.61,5805863.0
2019-05-24,751.08,768.45,750.6,762.8,4403409.0
2019-05-27,763.33,766.7,746.78,763.24,3916191.0
2019-05-28,762.36,787.98,759.78,771.05,7477277.0
2019-05-29,771.06,803.14,771.06,791.81,6564696.0
2019-05-30,790.16,798.83,773.85,786.08,4024720.0
2019-05-31,781.93,787.54,772.79,772.79,3579380.0
2019-06-03,774.53,782.65,769.56,774.53,3447924.0
2019-06-04,777.13,777.51,756.29,760.03,3968948.0
2019-06-05,767.58,769.54,755.42,756.81,3406736.0
2019-06-06,760.3,760.43,745.0,748.59,3478685.0
2019-06-10,744.99,763.2,729.38,756.36,5550246.0
2019-06-11,760.63,795.03,759.77,790.93,8010644.0
2019-06-12,786.87,791.02,776.26,787.29,3774740.0
2019-06-13,790.16,792.15,778.87,790.16,3291742.0
2019-06-14,791.02,809.52,790.17,792.76,4245504.0
2019-06-17,787.55,804.87,786.7,791.55,3276903.0
2019-06-18,796.23,798.84,783.73,796.23,2944138.0
2019-06-19,816.21,822.02,809.27,809.27,5372640.0
2019-06-20,809.69,847.03,809.43,846.6,6727197.0
2019-06-21,842.23,854.84,837.48,847.73,4592675.0
2019-06-24,849.46,868.03,846.6,857.1,4577920.0
2019-06-25,861.36,867.44,839.65,853.53,5129595.0
2019-06-26,855.28,855.28,843.31,850.82,2958818.0
2019-06-27,855.28,869.17,851.91,865.13,4797845.0
2019-06-28,868.82,871.36,855.9,867.06,3108840.0
2019-07-01,885.14,912.53,881.36,909.24,5233723.0
2019-07-02,903.19,907.16,895.26,903.19,3906109.0
2019-07-03,898.79,901.43,864.86,870.5,6713932.0
2019-07-04,868.65,873.06,855.8,864.6,4621668.0
2019-07-05,868.83,886.45,860.28,881.0,5003271.0
2019-07-08,876.8,879.31,859.13,867.82,3361352.0
2019-07-09,862.92,871.47,853.27,860.07,3172332.0
2019-07-10,864.36,872.86,860.9,865.76,2816670.0
2019-07-11,872.32,879.73,860.01,864.86,3051419.0
2019-07-12,864.68,873.67,863.55,868.91,2817385.0
2019-07-15,852.79,863.63,838.1,859.95,5987040.0
2019-07-16,859.53,865.57,850.32,852.96,3324524.0
2019-07-17,852.96,857.36,847.79,849.0,2546887.0
2019-07-18,847.24,848.56,834.62,834.9,3925295.0
2019-07-19,841.51,846.62,835.34,842.28,2801481.0
2019-07-22,845.92,849.44,837.32,843.29,2812549.0
2019-07-23,847.94,848.2,831.69,840.61,3248395.0
2019-07-24,844.43,845.83,832.42,833.9,4677120.0
2019-07-25,833.55,848.88,826.66,848.56,3825570.0
2019-07-26,847.65,855.61,844.64,850.35,2646759.0
2019-07-29,847.7,863.1,845.92,860.38,2698133.0
2019-07-30,860.45,866.18,855.61,862.6,1953797.0
2019-07-31,859.13,865.1,851.72,857.02,2252620.0
2019-08-01,860.46,860.9,839.77,845.3,3508952.0
2019-08-02,831.82,844.14,830.94,841.03,3971940.0
2019-08-05,832.7,840.63,828.29,830.43,3677431.0
2019-08-06,820.36,835.34,814.02,833.84,4399116.0
2019-08-07,836.66,841.98,832.7,832.7,2686998.0
2019-08-08,840.19,858.25,838.87,856.21,3880813.0
2019-08-09,862.22,864.38,845.03,847.7,2846170.0
2019-08-12,890.25,898.87,876.77,897.58,8149895.0
2019-08-13,895.4,904.07,890.57,896.98,3032970.0
2019-08-14,907.61,926.89,907.61,919.34,4141095.0
2019-08-15,905.83,922.12,905.83,920.73,2723739.0
2019-08-16,925.08,947.76,917.29,929.27,3608673.0
2019-08-19,934.91,942.83,924.38,930.4,3286758.0
2019-08-20,929.63,946.09,925.22,942.84,2860213.0
2019-08-21,942.93,948.99,935.49,939.32,2506662.0
2019-08-22,945.48,972.8,942.84,972.8,3759078.0
2019-08-23,973.68,998.85,965.42,995.8,4019230.0
2019-08-26,980.73,993.95,966.35,971.88,4849789.0
2019-08-27,984.26,996.87,977.21,977.21,5216421.0
2019-08-28,977.21,989.71,954.31,969.38,4700967.0
2019-08-29,973.68,985.3,962.67,980.82,2933042.0
2019-08-30,991.31,1009.81,989.54,1006.29,4489077.0
2019-09-02,1004.52,1008.91,994.83,1003.43,2823433.0
2019-09-03,1004.52,1014.24,994.44,1004.52,2948509.0
2019-09-04,1005.23,1007.09,987.0,991.32,3360022.0
2019-09-05,994.83,1008.84,993.95,1008.05,3293084.0
2019-09-06,1008.49,1009.94,996.59,1006.72,2617659.0
2019-09-09,1008.93,1011.57,1000.12,1001.46,2937934.0
2019-09-10,999.5,1000.12,986.91,990.29,2622707.0
2019-09-11,986.21,986.88,941.08,942.42,8171654.0
2019-09-12,939.32,978.07,939.32,968.4,4121133.0
2019-09-16,954.3,972.76,954.3,968.4,3137180.0
2019-09-17,963.99,975.15,957.82,964.0,2519693.0
2019-09-18,976.77,1013.34,976.49,1012.37,6931447.0
2019-09-19,1011.57,1013.34,1001.97,1008.93,2447980.0
2019-09-20,1014.22,1022.15,1011.21,1019.87,3762666.0
2019-09-23,1019.5,1019.5,996.59,1012.46,3002633.0
2019-09-24,1017.74,1044.09,1015.1,1043.3,3626913.0
2019-09-25,1039.77,1047.59,1031.4,1034.48,2402458.0
2019-09-26,1035.31,1042.72,1021.1,1028.32,2608194.0
2019-09-27,1025.67,1042.41,1015.98,1035.15,2282661.0
2019-09-30,1024.79,1030.46,1013.34,1013.34,3082514.0
2019-10-08,1015.98,1039.77,1015.11,1028.4,3104527.0
2019-10-09,1027.61,1027.61,1000.16,1010.53,3578857.0
2019-10-10,993.07,1021.21,977.23,1017.74,4117370.0
2019-10-11,1019.5,1035.37,1015.28,1035.01,2868925.0
2019-10-14,1045.06,1046.52,1030.96,1039.77,2718751.0
2019-10-15,1039.77,1071.21,1037.15,1067.09,4003473.0
2019-10-16,1029.2,1046.38,1022.15,1030.96,5915059.0
2019-10-17,1036.25,1045.64,1024.35,1042.71,3050870.0
2019-10-18,1038.89,1048.57,1032.45,1036.06,2829161.0
2019-10-21,1032.6,1038.8,1025.06,1029.64,2527467.0
2019-10-22,1038.01,1041.09,1025.58,1031.66,1930943.0
2019-10-23,1029.2,1038.01,1018.72,1021.19,2308021.0
2019-10-24,1026.51,1027.43,1010.83,1013.57,2617844.0
2019-10-25,1016.24,1033.16,1007.19,1032.15,2599845.0
2019-10-28,1027.44,1040.66,1026.55,1038.26,2248599.0
2019-10-29,1040.75,1057.36,1037.81,1051.23,2780371.0
2019-10-30,1048.58,1050.96,1036.25,1043.12,2125475.0
2019-10-31,1053.87,1055.63,1036.38,1039.78,2590927.0
2019-11-01,1040.65,1050.3,1033.16,1044.18,2281196.0
2019-11-04,1048.58,1066.2,1047.7,1057.03,2673798.0
2019-11-05,1056.95,1061.8,1050.35,1056.51,2225472.0
2019-11-06,1054.75,1060.92,1047.6,1051.23,1973751.0
2019-11-07,1054.32,1059.05,1047.7,1058.6,1616788.0
2019-11-08,1061.8,1071.18,1058.72,1061.8,2451211.0
2019-11-11,1058.72,1062.86,1051.68,1056.51,1734246.0
2019-11-12,1060.92,1065.85,1055.82,1058.8,1915055.0
2019-11-13,1063.56,1081.89,1057.39,1078.54,3197704.0
2019-11-14,1081.19,1092.64,1076.78,1083.83,2352112.0
2019-11-15,1083.83,1086.39,1076.34,1079.34,1634072.0
2019-11-18,1079.53,1083.34,1073.26,1081.43,1803766.0
2019-11-19,1082.07,1094.06,1079.44,1085.87,2062375.0
2019-11-20,1083.83,1092.21,1082.12,1087.13,1528053.0
2019-11-21,1084.71,1088.68,1075.95,1084.97,1918739.0
2019-11-22,1077.66,1082.95,1044.18,1052.11,4705428.0
2019-11-25,1046.86,1052.11,1032.77,1041.59,3828175.0
2019-11-26,1045.66,1056.16,1042.41,1044.18,4023961.0
2019-11-27,1051.05,1054.42,1043.75,1048.54,1984881.0
2019-11-28,1052.96,1055.2,1030.1,1036.07,2884499.0
2019-11-29,1026.99,1026.99,980.64,994.83,8239732.0
2019-12-02,985.32,1004.54,985.32,998.36,3078441.0
2019-12-03,998.36,998.36,984.91,985.14,2734093.0
2019-12-04,1004.52,1008.63,985.14,988.95,3528308.0
2019-12-05,991.31,997.48,985.14,995.54,2133879.0
2019-12-06,1000.97,1030.96,995.8,1030.96,3950626.0
2019-12-09,1035.37,1036.25,1018.71,1021.0,2182412.0
2019-12-10,1021.8,1026.55,1014.22,1026.03,1508658.0
2019-12-11,1029.2,1031.62,1018.23,1021.25,1456799.0
2019-12-12,1018.62,1022.1,995.78,1001.88,2940916.0
2019-12-13,1009.81,1026.55,1009.81,1024.79,3000059.0
2019-12-16,1024.79,1024.79,1002.71,1011.5,3093642.0
2019-12-17,1013.07,1034.13,1007.19,1030.94,4261696.0
2019-12-18,1034.48,1035.54,1025.67,1029.2,1964009.0
2019-12-19,1024.79,1024.79,1015.1,1019.86,1955230.0
2019-12-20,1024.07,1024.07,1005.85,1010.08,2356384.0
2019-12-23,1003.64,1024.35,1001.0,1012.72,2591918.0
2019-12-24,1015.98,1017.74,1008.93,1011.57,1182310.0
2019-12-25,1007.17,1007.17,995.72,998.97,2430597.0
2019-12-26,997.48,1006.27,986.89,1000.21,2287727.0
2019-12-27,1013.34,1032.72,1013.34,1024.79,4706628.0
2019-12-30,1031.14,1053.43,1031.14,1044.88,4076066.0
2019-12-31,1042.41,1046.82,1036.7,1042.41,2258881.0
2020-01-02,993.95,1008.98,983.38,995.71,14809916.0
2020-01-03,984.26,984.26,948.92,950.39,13031878.0
2020-01-06,943.6,963.02,940.46,949.88,6341478.0
2020-01-07,949.45,968.4,948.48,964.46,4785359.0
2020-01-08,956.1,965.31,953.93,958.83,2500825.0
2020-01-09,963.99,974.03,960.47,971.66,3740587.0
2020-01-10,977.21,983.37,971.48,980.29,3597587.0
2020-01-13,980.29,995.01,979.85,990.66,3851575.0
2020-01-14,990.6,991.21,971.92,975.8,3514465.0
2020-01-15,977.22,988.31,973.68,979.97,2602911.0
2020-01-16,985.91,985.91,971.55,975.45,2319165.0
2020-01-17,978.09,980.54,970.17,975.89,2347275.0
2020-01-20,979.73,979.73,953.42,961.35,3539130.0
2020-01-21,952.54,957.82,944.87,947.51,3287405.0
2020-01-22,942.84,955.18,929.96,947.7,3620004.0
2020-01-23,948.13,948.13,913.77,927.69,5346843.0
2020-02-03,867.94,890.57,863.54,884.62,12344288.0
2020-02-04,894.38,931.39,890.86,914.66,6262418.0
2020-02-05,925.22,928.74,910.27,925.21,4741824.0
2020-02-06,933.53,947.25,927.0,943.72,4717121.0
2020-02-07,942.85,949.01,934.93,948.13,3127871.0
2020-02-10,935.79,946.9,931.56,939.75,3053342.0
2020-02-11,936.68,969.0,936.5,967.52,4791793.0
2020-02-12,959.59,968.21,956.84,966.87,2812543.0
2020-02-13,967.52,981.52,958.71,961.35,3035736.0
2020-02-14,960.86,963.56,954.4,958.7,2328760.0
2020-02-17,953.86,965.92,953.77,963.83,2702822.0
2020-02-18,960.48,966.53,954.3,955.18,2666496.0
2020-02-19,956.06,970.6,949.89,966.19,3705147.0
2020-02-20,966.37,990.43,965.23,985.14,4680262.0
2020-02-21,979.38,990.02,978.1,980.63,2894008.0
2020-02-24,974.12,978.09,956.5,957.98,3865036.0
2020-02-25,949.89,953.5,940.98,947.08,3838562.0
2020-02-26,935.79,955.18,929.63,946.1,4356097.0
2020-02-27,948.13,964.86,948.13,958.17,3449829.0
2020-02-28,943.11,953.42,925.19,931.39,4994657.0
2020-03-02,925.32,966.24,925.23,956.95,4766304.0
2020-03-03,967.52,985.91,967.52,980.73,5025015.0
2020-03-04,991.31,1003.64,983.59,994.76,5379299.0
2020-03-05,1001.27,1035.36,996.21,1031.84,6242645.0
2020-03-06,1024.79,1036.25,1015.08,1018.18,3064100.0
2020-03-09,1000.12,1000.12,979.24,981.62,4340409.0
2020-03-10,980.73,1029.2,980.73,1018.62,5806293.0
2020-03-11,1018.18,1030.59,1005.41,1020.84,3554757.0
2020-03-12,1005.6,1015.98,991.4,1003.2,3663063.0
2020-03-13,960.47,994.81,951.65,979.88,7588531.0
2020-03-16,972.79,976.28,935.79,940.2,5123254.0
2020-03-17,929.63,949.89,890.96,920.9,7935912.0
2020-03-18,916.41,934.03,888.2,888.2,7345988.0
2020-03-19,875.87,894.38,846.0,877.64,10226507.0
2020-03-20,890.85,919.05,890.85,912.25,6013919.0
2020-03-23,881.16,912.25,873.69,897.9,4847210.0
2020-03-24,919.05,933.04,912.0,930.51,4665096.0
2020-03-25,958.69,961.66,946.54,951.74,3704866.0
2020-03-26,945.78,961.52,935.79,938.37,3004856.0
2020-03-27,956.06,962.23,947.26,947.69,3626112.0
2020-03-30,934.25,949.01,931.39,944.61,3068741.0
2020-03-31,953.42,982.5,953.24,978.97,4798437.0
2020-04-01,984.26,994.83,971.92,971.92,3320535.0
2020-04-02,972.8,1008.93,972.7,1008.93,4520561.0
2020-04-03,1003.67,1011.54,997.46,1004.34,2761761.0
2020-04-07,1023.87,1027.88,1012.36,1022.1,4348800.0
2020-04-08,1015.1,1027.71,1015.1,1021.94,2422442.0
2020-04-09,1027.43,1030.08,1011.54,1020.83,2281697.0
2020-04-10,1020.28,1041.09,1016.42,1026.55,2780434.0
2020-04-13,1026.55,1030.94,1012.01,1024.17,1598147.0
2020-04-14,1036.25,1049.95,1027.43,1044.27,3679955.0
2020-04-15,1050.35,1060.91,1046.03,1048.23,2933229.0
2020-04-16,1051.2,1054.84,1043.38,1054.84,2172774.0
2020-04-17,1066.21,1087.85,1061.81,1080.3,3824569.0
2020-04-20,1075.9,1085.15,1072.2,1081.45,2423864.0
2020-04-21,1075.92,1078.53,1051.23,1057.39,2922422.0
2020-04-22,1062.68,1101.01,1059.35,1096.61,4403473.0
2020-04-23,1101.45,1115.27,1099.49,1103.44,2689851.0
2020-04-24,1099.69,1110.17,1088.39,1101.95,1912240.0
2020-04-27,1107.62,1126.27,1102.3,1124.36,2590391.0
2020-04-28,1132.57,1145.46,1120.73,1127.12,3466190.0
2020-04-29,1125.95,1135.02,1108.5,1123.39,2344406.0
2020-04-30,1119.96,1132.3,1109.28,1115.29,2466087.0
2020-05-06,1102.33,1145.51,1101.45,1145.51,3583481.0
2020-05-07,1144.98,1158.72,1139.34,1156.08,2793474.0
2020-05-08,1160.49,1178.99,1153.01,1158.38,2907868.0
2020-05-11,1163.13,1176.35,1157.56,1165.79,2367119.0
2020-05-12,1161.37,1176.34,1159.61,1174.59,1972181.0
2020-05-13,1174.59,1178.99,1165.67,1177.19,2201431.0
2020-05-14,1171.95,1176.25,1167.64,1168.94,1857492.0
2020-05-15,1171.06,1175.03,1147.17,1156.97,2639808.0
2020-05-18,1150.8,1190.89,1150.03,1186.23,3436211.0
2020-05-19,1201.91,1201.91,1178.99,1186.14,2478746.0
2020-05-20,1186.14,1197.66,1177.95,1190.45,2118340.0
2020-05-21,1193.97,1208.92,1192.09,1203.76,2305158.0
2020-05-22,1203.67,1203.76,1165.67,1170.36,3442746.0
2020-05-25,1171.95,1204.18,1164.02,1200.94,3156100.0
2020-05-26,1207.09,1207.15,1193.97,1196.62,2247019.0
2020-05-27,1197.5,1198.38,1174.59,1178.99,2677741.0
2020-05-28,1178.97,1186.87,1164.13,1184.28,2648591.0
2020-05-29,1173.8,1207.17,1173.8,1204.2,3044435.0
2020-06-01,1216.88,1251.34,1216.88,1250.81,3547976.0
2020-06-02,1247.73,1258.21,1239.5,1243.06,2596010.0
2020-06-03,1246.84,1249.05,1229.9,1233.01,2355736.0
2020-06-04,1230.1,1243.32,1230.1,1240.67,1803741.0
2020-06-05,1238.25,1259.07,1234.58,1255.66,1834706.0
2020-06-08,1255.66,1264.47,1235.4,1239.0,2930045.0
2020-06-09,1240.68,1255.66,1234.23,1248.21,2261191.0
2020-06-10,1255.66,1263.0,1248.61,1254.48,2270074.0
2020-06-11,1243.33,1249.48,1230.97,1234.03,3071171.0
2020-06-12,1222.32,1248.05,1218.92,1248.05,2842742.0
2020-06-15,1235.39,1243.85,1216.88,1218.65,3461541.0
2020-06-16,1232.31,1245.96,1227.57,1237.05,2920664.0
2020-06-17,1244.08,1244.11,1229.24,1238.03,1945307.0
2020-06-18,1237.94,1245.26,1233.71,1245.08,2101041.0
2020-06-19,1251.25,1273.46,1246.93,1268.73,3895833.0
2020-06-22,1264.56,1272.3,1262.88,1267.99,2324700.0
2020-06-23,1264.47,1305.88,1263.16,1299.27,3393426.0
2020-06-24,1304.73,1306.61,1288.15,1301.53,2513899.0
2020-06-29,1290.83,1306.87,1281.03,1304.35,2808061.0
2020-06-30,1304.31,1309.53,1297.17,1304.09,2244614.0
2020-07-01,1308.66,1342.62,1305.11,1332.07,3868249.0
2020-07-02,1336.29,1382.56,1332.73,1376.41,4588372.0
2020-07-03,1381.76,1383.98,1352.23,1374.44,3512581.0
2020-07-06,1371.06,1440.59,1365.54,1426.33,5182196.0
2020-07-07,1429.08,1555.43,1427.22,1504.78,6666393.0
2020-07-08,1497.64,1532.41,1479.82,1498.84,5316998.0
2020-07-09,1507.45,1526.17,1499.43,1520.82,3503324.0
2020-07-10,1505.67,1548.1,1505.61,1527.82,3710044.0
2020-07-13,1528.56,1593.03,1528.56,1588.56,6072716.0
2020-07-14,1588.56,1588.6,1558.62,1570.74,4609351.0
2020-07-15,1555.48,1589.11,1555.33,1562.3,4071294.0
2020-07-16,1542.14,1542.14,1426.33,1438.81,10224219.0
2020-07-17,1444.16,1491.04,1444.16,1469.16,6590206.0
2020-07-20,1473.13,1483.37,1416.42,1459.28,4528033.0
2020-07-21,1467.91,1517.97,1453.95,1486.95,4196950.0
2020-07-22,1478.03,1524.39,1478.03,1495.93,3920121.0
2020-07-23,1490.51,1507.45,1470.9,1494.08,3432052.0
2020-07-24,1475.22,1485.16,1412.96,1422.14,7875201.0
2020-07-27,1440.6,1452.89,1426.33,1446.43,3878817.0
2020-07-28,1453.07,1497.64,1453.07,1488.73,5491152.0
2020-07-29,1506.56,1506.56,1455.75,1490.51,5074843.0
2020-07-30,1489.8,1516.0,1489.18,1497.64,3837304.0
2020-07-31,1502.1,1519.93,1467.33,1496.02,4068474.0
2020-08-03,1503.78,1512.42,1479.82,1486.95,3466114.0
2020-08-04,1493.19,1500.31,1479.82,1488.72,3194051.0
2020-08-05,1481.68,1491.48,1464.94,1486.95,2552169.0
2020-08-06,1488.73,1492.32,1453.07,1460.17,3264878.0
2020-08-07,1466.24,1470.61,1424.99,1453.96,3424205.0
2020-08-10,1451.26,1466.41,1433.56,1456.63,2362354.0
2020-08-11,1461.99,1485.55,1461.99,1464.22,3581818.0
2020-08-12,1455.75,1462.88,1431.01,1450.35,2793392.0
2020-08-13,1453.07,1460.99,1434.35,1457.53,2054134.0
2020-08-14,1461.9,1484.9,1453.96,1480.71,3765318.0
2020-08-17,1492.3,1519.35,1488.73,1506.56,4357201.0
2020-08-18,1513.14,1533.3,1507.45,1519.93,3042281.0
2020-08-19,1515.47,1530.63,1500.31,1503.88,2691498.0
2020-08-20,1492.3,1496.75,1476.25,1483.38,2238233.0
2020-08-21,1491.4,1513.69,1489.62,1494.08,2508241.0
2020-08-24,1515.47,1522.61,1507.46,1512.22,3093344.0
2020-08-25,1519.75,1557.18,1514.25,1539.54,4187249.0
2020-08-26,1545.78,1555.59,1528.86,1539.54,2621573.0
2020-08-27,1543.99,1545.77,1519.93,1543.11,2263553.0
2020-08-28,1543.11,1572.53,1534.64,1566.29,4229962.0
2020-08-31,1578.39,1618.88,1578.39,1592.58,4781036.0
2020-09-01,1597.49,1606.4,1582.34,1606.38,3163992.0
2020-09-02,1626.91,1629.58,1577.88,1600.16,3200929.0
2020-09-03,1600.16,1615.32,1586.52,1598.38,3043735.0
2020-09-04,1574.31,1584.11,1556.48,1577.88,3085796.0
2020-09-07,1568.96,1585.0,1519.01,1536.42,3111202.0
2020-09-08,1544.0,1549.17,1495.03,1525.64,3447238.0
2020-09-09,1515.18,1525.28,1497.68,1504.78,2596355.0
2020-09-10,1518.81,1533.3,1515.47,1520.64,2477833.0
2020-09-11,1504.78,1547.57,1504.78,1544.89,3108800.0
2020-09-14,1555.59,1576.98,1542.73,1574.31,3105601.0
2020-09-15,1577.87,1577.87,1558.04,1568.96,2082087.0
2020-09-16,1568.96,1573.25,1532.41,1537.85,2251598.0
2020-09-17,1515.47,1515.47,1478.03,1489.19,6367985.0
2020-09-18,1484.27,1511.02,1457.54,1511.02,4720140.0
2020-09-21,1509.02,1509.02,1485.75,1485.88,2244407.0
2020-09-22,1470.9,1503.87,1470.9,1484.89,2326547.0
2020-09-23,1457.53,1485.17,1445.07,1470.88,3572552.0
2020-09-24,1458.39,1478.82,1450.22,1452.47,3005078.0
2020-09-25,1453.07,1470.9,1448.61,1457.63,2258296.0
2020-09-28,1457.7,1487.39,1457.7,1480.71,2423222.0
2020-09-29,1488.13,1488.2,1472.95,1472.95,1743078.0
2020-09-30,1479.82,1508.25,1479.82,1487.39,2708781.0
2020-10-09,1508.34,1521.2,1504.78,1511.91,3423988.0
2020-10-12,1515.47,1560.59,1515.47,1560.59,4372904.0
2020-10-13,1560.6,1560.6,1546.67,1550.24,2294389.0
2020-10-14,1551.13,1557.35,1538.65,1541.33,2048139.0
2020-10-15,1534.31,1546.67,1534.19,1537.76,1620436.0
2020-10-16,1537.76,1546.3,1518.15,1526.17,1737738.0
2020-10-19,1537.76,1545.77,1508.25,1514.58,1922632.0
2020-10-20,1515.46,1546.65,1511.02,1545.78,2773493.0
2020-10-21,1545.87,1553.05,1535.98,1545.19,1890137.0
2020-10-22,1542.22,1555.59,1529.3,1553.36,2248087.0
2020-10-23,1551.83,1557.9,1527.95,1529.14,1929169.0
2020-10-26,1443.27,1482.42,1426.33,1464.66,6601529.0
2020-10-27,1464.66,1465.55,1440.7,1448.61,4394440.0
2020-10-28,1449.51,1494.97,1448.69,1484.1,3463653.0
2020-10-29,1475.22,1522.61,1468.23,1494.08,3937376.0
2020-10-30,1495.86,1511.91,1484.27,1488.75,2605545.0
2020-11-02,1493.19,1511.02,1490.51,1492.3,2106643.0
2020-11-03,1502.09,1520.73,1493.63,1511.02,2349749.0
2020-11-04,1515.47,1519.04,1502.1,1515.1,1644371.0
2020-11-05,1530.63,1544.43,1526.26,1535.0,2352414.0
2020-11-06,1542.71,1543.63,1506.56,1516.03,2305153.0
2020-11-09,1516.7,1560.65,1516.03,1553.42,4146970.0
2020-11-10,1562.65,1572.95,1547.57,1555.59,3018944.0
2020-11-11,1555.59,1584.56,1543.11,1543.42,3485073.0
2020-11-12,1542.23,1560.05,1535.33,1546.49,2347309.0
2020-11-13,1536.87,1541.22,1507.45,1519.93,2815548.0
2020-11-16,1525.28,1542.26,1513.03,1542.26,3061349.0
2020-11-17,1551.13,1553.23,1516.43,1529.56,2522403.0
2020-11-18,1528.85,1533.78,1500.46,1509.81,3517895.0
2020-11-19,1501.66,1537.76,1498.18,1533.47,2781576.0
2020-11-20,1533.3,1547.57,1526.75,1533.27,2187466.0
2020-11-23,1578.78,1613.44,1578.78,1595.89,6663724.0
2020-11-24,1577.87,1589.02,1561.36,1572.08,3246536.0
2020-11-25,1570.3,1576.88,1536.87,1539.44,2822632.0
2020-11-26,1538.65,1551.12,1537.92,1546.13,2322830.0
2020-11-27,1544.59,1551.16,1531.52,1549.26,2156861.0
2020-11-30,1546.67,1550.15,1527.87,1527.87,3194007.0
2020-12-01,1538.65,1550.23,1533.31,1548.46,2819620.0
2020-12-02,1556.48,1559.15,1543.11,1549.36,2357169.0
2020-12-03,1549.36,1565.09,1544.09,1559.15,2950578.0
2020-12-04,1561.83,1604.71,1561.83,1598.48,6249119.0
2020-12-07,1607.03,1640.62,1605.11,1615.67,5833133.0
2020-12-08,1617.99,1671.48,1616.21,1649.19,6145400.0
2020-12-09,1663.41,1663.46,1639.39,1640.28,3115212.0
2020-12-10,1640.28,1648.99,1629.58,1633.95,3265354.0
2020-12-11,1635.62,1637.89,1608.91,1622.45,3077579.0
2020-12-14,1629.37,1631.34,1617.99,1630.47,3305200.0
2020-12-15,1634.48,1637.8,1609.08,1618.89,2960497.0
2020-12-16,1631.81,1645.33,1622.64,1640.28,3215016.0
2020-12-17,1645.18,1665.24,1640.28,1663.02,3603064.0
2020-12-18,1650.81,1666.14,1641.24,1644.73,2707698.0
2020-12-21,1640.28,1650.29,1638.14,1642.51,3069672.0
2020-12-22,1649.17,1692.86,1642.51,1676.83,4065060.0
2020-12-23,1691.97,1699.29,1623.36,1641.75,4770609.0
2020-12-24,1620.67,1657.11,1600.18,1631.67,3785714.0
2020-12-25,1607.28,1646.52,1604.62,1631.36,2308805.0
2020-12-28,1628.33,1683.78,1627.84,1669.7,3008037.0
2020-12-29,1669.7,1682.0,1653.65,1664.35,2286759.0
2020-12-30,1667.02,1723.18,1667.01,1723.18,3445210.0
2020-12-31,1730.31,1782.0,1728.53,1781.13,3886007.0
2021-01-04,1782.89,1787.36,1768.48,1780.24,4351400.0
2021-01-05,1774.0,1835.91,1767.27,1835.91,5211605.0
2021-01-06,1840.68,1894.34,1815.03,1872.06,4741020.0
2021-01-07,1869.38,1907.71,1849.77,1907.71,3793139.0
2021-01-08,1909.5,1917.41,1839.09,1863.14,5386164.0
2021-01-11,1863.14,1917.07,1835.15,1871.81,5107990.0
2021-01-12,1861.36,1926.35,1858.68,1926.35,4105859.0
2021-01-13,1929.11,1937.43,1903.26,1929.11,3438993.0
2021-01-14,1921.98,1928.22,1886.42,1902.37,3615220.0
2021-01-15,1885.43,1902.68,1808.76,1856.01,5950939.0
2021-01-18,1837.34,1864.46,1818.81,1839.07,3914404.0
2021-01-19,1848.08,1868.76,1789.02,1791.3,4634519.0
2021-01-20,1790.04,1832.38,1767.31,1819.13,4508242.0
2021-01-21,1825.7,1863.16,1819.46,1845.31,3831017.0
2021-01-22,1844.42,1872.06,1836.49,1854.18,2924761.0
2021-01-25,1856.9,1942.93,1856.9,1938.91,5595716.0
2021-01-26,1947.83,1949.61,1894.44,1909.4,3174746.0
2021-01-27,1909.4,1909.4,1858.68,1862.25,3712017.0
2021-01-28,1854.23,1880.67,1836.42,1861.36,3512864.0
2021-01-29,1873.12,1916.16,1863.34,1886.48,3370133.0
2021-02-01,1898.8,1925.54,1867.6,1880.36,2934059.0
2021-02-02,1882.95,1916.62,1873.93,1912.17,3458225.0
2021-02-03,1916.63,1959.66,1907.71,1952.21,3871415.0
2021-02-04,1953.18,2077.09,1953.18,2068.93,6385101.0
2021-02-05,2072.63,2107.93,2042.32,2061.94,3972906.0
2021-02-08,2083.33,2120.66,2061.94,2111.68,3578573.0
2021-02-09,2111.68,2189.8,2094.92,2189.8,3329655.0
2021-02-10,2215.27,2318.85,2215.27,2318.67,6137057.0
2021-02-18,2307.07,2342.64,2197.44,2202.79,6591232.0
2021-02-19,2185.1,2225.66,2123.09,2192.98,5938546.0
2021-02-22,2188.52,2188.52,2030.93,2039.67,7893547.0
2021-02-23,2019.27,2090.36,2019.15,2056.59,5745460.0
2021-02-24,2057.47,2066.39,1925.99,1951.4,8211578.0
2021-02-25,1969.22,1983.04,1890.96,1916.63,5972643.0
2021-02-26,1872.06,1943.33,1842.9,1892.36,6652506.0
2021-03-01,1942.48,1942.48,1889.88,1923.76,4491626.0
2021-03-02,1943.37,1943.37,1812.33,1834.61,7076450.0
2021-03-03,1818.57,1916.42,1812.33,1907.71,5421546.0
2021-03-04,1867.6,1868.49,1791.91,1812.33,6508829.0
2021-03-05,1782.91,1867.6,1772.21,1836.5,6377920.0
2021-03-08,1849.73,1858.68,1747.25,1747.25,6309959.0
2021-03-09,1742.79,1782.91,1693.93,1726.74,8226581.0
2021-03-10,1762.41,1782.79,1753.49,1756.18,5117174.0
2021-03-11,1760.62,1854.22,1748.57,1825.7,5676897.0
2021-03-12,1845.31,1851.55,1784.7,1806.09,4032251.0
2021-03-15,1827.48,1845.13,1739.36,1761.02,6248487.0
2021-03-16,1760.56,1800.73,1751.71,1792.27,3464850.0
2021-03-17,1782.91,1827.48,1761.52,1809.97,3137491.0
2021-03-18,1814.11,1859.9,1814.11,1845.04,3386488.0
2021-03-19,1814.11,1821.24,1775.98,1791.82,3578077.0
2021-03-22,1783.0,1806.17,1743.28,1773.99,3691407.0
2021-03-23,1781.91,1790.75,1756.17,1779.34,2744619.0
2021-03-24,1765.97,1794.5,1765.97,1773.1,2935739.0
2021-03-25,1756.18,1773.0,1735.48,1757.06,3157523.0
2021-03-26,1769.54,1802.52,1745.47,1794.5,5001642.0
2021-03-29,1821.42,1868.8,1806.22,1813.31,5699220.0
2021-03-30,1818.57,1859.58,1814.18,1832.88,3262697.0
2021-03-31,1823.11,1823.93,1782.91,1790.93,3715441.0
2021-04-01,1801.63,1824.63,1784.0,1822.58,2658763.0
2021-04-02,1832.83,1930.0,1832.83,1927.33,5202757.0
2021-04-06,1926.43,1927.31,1874.11,1895.26,3274177.0
2021-04-07,1875.67,1887.48,1827.48,1837.29,4020097.0
2021-04-08,1824.84,1853.34,1822.13,1845.31,2854762.0
2021-04-09,1820.35,1831.05,1787.38,1800.74,2880886.0
2021-04-12,1792.72,1809.65,1775.51,1790.84,3194307.0
2021-04-13,1800.74,1827.3,1790.93,1801.63,2899215.0
2021-04-14,1814.11,1825.7,1797.17,1824.81,2411465.0
2021-04-15,1810.46,1824.72,1774.0,1796.82,3436621.0
2021-04-16,1805.27,1843.53,1793.61,1831.92,3029370.0
2021-04-19,1831.94,1870.59,1812.33,1861.36,3175391.0
2021-04-20,1846.29,1897.91,1845.31,1867.42,2829037.0
2021-04-21,1850.66,1870.09,1840.94,1854.23,2614975.0
2021-04-22,1863.05,1871.16,1828.82,1832.39,2685002.0
2021-04-23,1832.8,1889.78,1829.71,1880.03,3346277.0
2021-04-26,1900.58,1903.26,1848.52,1852.28,3404511.0
2021-04-27,1860.54,1867.82,1840.93,1867.1,2210785.0
2021-04-28,1791.82,1825.25,1785.58,1820.35,8134295.0
2021-04-29,1824.84,1827.43,1795.39,1806.41,4128378.0
2021-04-30,1806.09,1815.0,1786.22,1788.95,3840137.0
2021-05-06,1782.91,1789.01,1741.01,1746.36,5354614.0
2021-05-07,1751.71,1754.37,1694.66,1696.44,5249339.0
2021-05-10,1693.76,1701.79,1663.46,1675.07,4600318.0
2021-05-11,1672.37,1752.6,1669.96,1746.36,4249412.0
2021-05-12,1737.52,1782.02,1737.45,1768.65,3269887.0
2021-05-13,1752.38,1769.58,1741.01,1757.5,2507751.0
2021-05-14,1766.86,1810.1,1761.52,1791.69,3561129.0
2021-05-17,1805.29,1858.86,1805.29,1834.58,4452400.0
2021-05-18,1840.85,1851.55,1823.08,1835.78,1750428.0
2021-05-19,1835.51,1849.6,1818.57,1826.59,2240972.0
2021-05-20,1848.88,1848.97,1823.35,1835.4,2185716.0
2021-05-21,1832.01,1854.12,1815.91,1820.44,2424823.0
2021-05-24,1828.37,1854.28,1810.55,1846.46,3254808.0
2021-05-25,1858.68,1961.29,1858.68,1956.3,6775695.0
2021-05-26,1968.31,1998.46,1955.03,1979.03,3860420.0
2021-05-27,1971.02,2068.18,1962.18,2001.32,4537338.0
2021-05-28,1997.72,2005.77,1966.11,1987.94,2580731.0
2021-05-31,1975.02,1977.56,1936.24,1977.25,3173900.0
2021-06-01,1980.81,2004.84,1966.55,1997.71,3061634.0
2021-06-02,2005.77,2018.25,1968.49,1980.81,2286277.0
2021-06-03,1979.03,2014.99,1970.19,1981.01,2345031.0
2021-06-04,1974.57,2039.65,1973.72,2007.11,3142219.0
2021-06-07,2019.15,2031.63,1996.87,2024.49,2546627.0
2021-06-08,2014.69,2032.51,1926.57,1953.18,4731363.0
2021-06-09,1954.07,1973.68,1925.64,1960.76,2550235.0
2021-06-10,1956.74,2007.0,1952.36,1995.5,2556663.0
2021-06-11,1995.97,2000.43,1942.31,1942.31,3397066.0
2021-06-15,1956.83,1969.12,1914.85,1954.96,2936130.0
2021-06-16,1954.07,1956.74,1914.85,1923.76,2759315.0
2021-06-17,1921.67,1950.5,1911.6,1922.79,2106753.0
2021-06-18,1913.95,1922.42,1840.85,1863.98,5402821.0
2021-06-21,1858.68,1871.78,1827.48,1855.69,3548826.0
2021-06-22,1864.92,1870.27,1830.95,1849.74,3322818.0
2021-06-23,1854.23,1856.9,1813.35,1816.79,3707901.0
2021-06-24,1818.58,1854.23,1801.63,1843.57,3147370.0
2021-06-25,1844.66,1897.78,1838.03,1882.49,3587543.0
2021-06-28,1889.68,1905.88,1865.39,1892.39,2745242.0
2021-06-29,1896.88,1903.18,1845.59,1855.49,3303063.0
2021-06-30,1858.19,1866.29,1841.36,1850.72,2191566.0
2021-07-01,1853.66,1898.68,1828.13,1894.18,3370124.0
2021-07-02,1867.19,1867.19,1810.05,1811.4,4627531.0
2021-07-05,1799.7,1817.59,1786.2,1794.3,3442095.0
2021-07-06,1795.2,1812.3,1763.71,1811.31,3528251.0
2021-07-07,1808.7,1825.69,1798.81,1803.3,2812212.0
2021-07-08,1799.79,1803.3,1770.9,1786.2,3551669.0
2021-07-09,1767.77,1787.02,1750.21,1774.6,3090790.0
2021-07-12,1777.7,1798.6,1746.16,1764.61,3901024.0
2021-07-13,1770.9,1804.65,1768.2,1784.31,2992471.0
2021-07-14,1776.3,1776.75,1750.21,1765.51,3077069.0
2021-07-15,1759.22,1811.4,1755.25,1797.89,4219005.0
2021-07-16,1781.7,1796.64,1754.71,1760.02,3540764.0
2021-07-19,1760.01,1787.1,1746.61,1777.2,3005234.0
2021-07-20,1777.2,1789.74,1764.97,1781.7,2347521.0
2021-07-21,1789.8,1805.1,1765.51,1771.8,2978013.0
2021-07-22,1763.71,1776.21,1744.77,1745.72,3909047.0
2021-07-23,1743.75,1743.75,1705.3,1709.71,4758547.0
2021-07-26,1690.82,1690.82,1601.73,1623.43,9861948.0
2021-07-27,1622.43,1628.73,1532.44,1541.34,8657699.0
2021-07-28,1532.44,1609.11,1513.66,1591.74,8536884.0
2021-07-29,1628.74,1640.43,1560.65,1574.55,6386385.0
2021-07-30,1552.24,1552.24,1491.74,1510.84,7773589.0
2021-08-02,1497.35,1580.12,1458.4,1579.24,9740065.0
2021-08-03,1556.74,1591.83,1519.67,1574.11,5437475.0
2021-08-04,1560.39,1583.74,1545.94,1551.34,3817549.0
2021-08-05,1523.34,1570.24,1508.47,1528.84,4805969.0
2021-08-06,1519.85,1524.35,1481.69,1503.65,4568610.0
2021-08-09,1485.65,1537.84,1484.75,1524.17,4769775.0
2021-08-10,1529.74,1622.32,1507.25,1618.83,8328505.0
2021-08-11,1601.74,1606.24,1574.75,1575.19,3866259.0
2021-08-12,1558.54,1573.84,1517.32,1520.75,4755097.0
2021-08-13,1520.75,1541.44,1510.85,1529.78,3790452.0
2021-08-16,1526.15,1541.98,1516.32,1529.02,2805697.0
2021-08-17,1529.74,1529.74,1465.75,1471.25,6120077.0
2021-08-18,1461.95,1478.44,1439.76,1457.76,5997026.0
2021-08-19,1459.75,1478.63,1439.76,1457.73,4129195.0
2021-08-20,1399.42,1437.56,1372.72,1392.97,11454454.0
2021-08-23,1383.86,1438.86,1382.86,1412.94,7159720.0
2021-08-24,1417.26,1478.05,1408.96,1462.42,7259447.0
2021-08-25,1482.63,1512.53,1478.45,1498.27,5423890.0
2021-08-26,1498.24,1498.24,1435.01,1435.26,5402037.0
2021-08-27,1429.86,1462.26,1425.45,1436.19,3609545.0
2021-08-30,1444.26,1451.46,1391.12,1427.16,5158770.0
2021-08-31,1430.58,1454.47,1399.36,1401.97,4367709.0
2021-09-01,1402.87,1471.25,1377.76,1459.57,7731610.0
2021-09-02,1469.45,1478.45,1440.56,1456.68,4283679.0
2021-09-03,1448.78,1493.56,1423.56,1492.15,5283518.0
2021-09-06,1483.85,1537.09,1463.29,1503.35,5533806.0
2021-09-07,1494.68,1515.78,1485.65,1501.85,3121122.0
2021-09-08,1493.75,1503.81,1465.03,1469.54,3306367.0
2021-09-09,1463.16,1480.25,1461.37,1470.43,1995013.0
2021-09-10,1470.43,1501.67,1469.45,1496.07,3338811.0
2021-09-13,1498.25,1515.35,1475.84,1488.35,2772002.0
2021-09-14,1492.85,1514.45,1487.45,1491.05,3376061.0
2021-09-15,1484.75,1493.75,1448.76,1453.92,4157005.0
2021-09-16,1442.46,1479.35,1426.26,1474.02,4596802.0
2021-09-17,1457.76,1534.78,1457.76,1517.15,5513025.0
2021-09-22,1492.7,1518.95,1471.25,1473.68,3174300.0
2021-09-23,1473.95,1490.04,1462.33,1471.25,3034181.0
2021-09-24,1464.96,1547.72,1464.96,1524.35,6953660.0
2021-09-27,1574.74,1676.78,1574.74,1669.22,12686892.0
2021-09-28,1662.92,1673.72,1615.23,1639.58,4922105.0
2021-09-29,1627.83,1660.23,1607.04,1637.73,4329065.0
2021-09-30,1636.09,1664.92,1622.79,1646.73,4053929.0
2021-10-08,1639.9,1689.92,1626.24,1655.36,4745196.0
2021-10-11,1655.28,1700.63,1647.63,1680.13,3767557.0
2021-10-12,1679.12,1689.02,1657.9,1683.61,3060642.0
2021-10-13,1682.72,1754.66,1675.52,1736.62,5014261.0
2021-10-14,1735.75,1747.33,1706.12,1719.61,2662255.0
2021-10-15,1700.81,1736.7,1700.81,1724.99,2856078.0
2021-10-18,1698.92,1698.92,1608.03,1619.73,6965202.0
2021-10-19,1619.73,1654.64,1619.62,1630.69,4031456.0
2021-10-20,1649.42,1664.54,1625.14,1656.62,2866339.0
2021-10-21,1656.71,1673.72,1645.83,1659.32,2301870.0
2021-10-22,1669.22,1728.62,1668.32,1710.61,3596260.0
2021-10-25,1691.72,1696.23,1671.92,1685.45,3246133.0
2021-10-26,1677.35,1690.81,1659.32,1674.67,2113026.0
2021-10-27,1666.79,1672.19,1619.82,1636.83,3464729.0
2021-10-28,1642.41,1659.13,1621.53,1642.67,2949093.0
2021-10-29,1642.23,1662.92,1631.43,1643.2,2877586.0
2021-11-01,1601.73,1643.4,1583.74,1622.43,4168998.0
2021-11-02,1616.76,1659.52,1608.93,1623.9,3250024.0
2021-11-03,1619.73,1628.71,1584.81,1588.23,2782931.0
2021-11-04,1599.88,1634.13,1592.21,1623.51,3113043.0
2021-11-05,1623.52,1660.21,1623.52,1637.67,2707723.0
2021-11-08,1637.73,1647.45,1621.57,1637.82,1770572.0
2021-11-09,1637.71,1644.81,1603.53,1610.74,2735192.0
2021-11-10,1610.74,1615.23,1561.24,1578.33,3534877.0
2021-11-11,1577.37,1592.37,1567.09,1592.37,2265187.0
2021-11-12,1599.93,1606.28,1589.73,1596.14,1760663.0
2021-11-15,1596.05,1605.33,1574.74,1584.76,2494735.0
2021-11-16,1590.93,1635.93,1588.23,1626.93,3352624.0
2021-11-17,1624.23,1638.18,1610.74,1615.23,2450546.0
2021-11-18,1602.83,1626.03,1592.73,1612.53,1952089.0
2021-11-19,1614.5,1663.82,1609.11,1645.29,3115559.0
2021-11-22,1663.82,1717.81,1662.92,1668.56,4257268.0
2021-11-23,1666.52,1725.01,1666.52,1706.5,4578220.0
2021-11-24,1709.71,1769.1,1707.02,1746.61,5451235.0
2021-11-25,1757.41,1787.28,1751.33,1760.13,3975288.0
2021-11-26,1768.05,1770.0,1732.21,1746.62,3265557.0
2021-11-29,1763.71,1790.7,1755.68,1786.2,4239934.0
2021-11-30,1786.56,1790.61,1734.46,1737.4,3692487.0
2021-12-01,1754.71,1763.66,1726.83,1739.4,2625440.0
2021-12-02,1745.71,1747.64,1727.35,1740.31,2042182.0
2021-12-03,1738.51,1789.46,1737.65,1774.4,3581839.0
2021-12-06,1784.4,1790.7,1754.71,1770.27,3106388.0
2021-12-07,1782.37,1788.78,1751.76,1759.99,3697989.0
2021-12-08,1768.1,1840.19,1754.71,1838.39,6104807.0
2021-12-09,1849.14,1904.91,1840.19,1877.58,6423918.0
2021-12-10,1853.69,1885.89,1850.09,1880.69,4314822.0
2021-12-13,1938.28,1961.67,1905.88,1906.06,6580656.0
2021-12-14,1906.06,1950.78,1889.68,1934.68,4044941.0
2021-12-15,1927.61,1948.13,1912.2,1921.18,3007827.0
2021-12-16,1903.18,1929.32,1877.29,1906.77,3721136.0
2021-12-17,1890.13,1896.88,1832.09,1845.32,4840318.0
2021-12-20,1845.32,1876.78,1836.59,1852.75,3225769.0
2021-12-21,1840.19,1861.91,1811.24,1834.07,2628589.0
2021-12-22,1835.69,1856.39,1835.69,1842.89,1743079.0
2021-12-23,1847.39,1907.68,1822.2,1907.68,3909854.0
2021-12-24,1933.67,1994.93,1933.67,1974.35,5612959.0
2021-12-27,1950.87,1950.87,1900.48,1918.32,3755590.0
2021-12-28,1919.38,1939.63,1904.62,1924.04,2765070.0
2021-12-29,1934.68,1938.5,1836.59,1836.59,5404902.0
2021-12-30,1836.59,1879.77,1824.9,1867.19,3526136.0
2021-12-31,1862.69,1865.37,1824.9,1844.69,2966491.0
2022-01-04,1849.19,1861.74,1812.3,1845.8,3384262.0
2022-01-05,1840.19,1858.19,1815.9,1821.3,2839551.0
2022-01-06,1819.51,1832.09,1744.37,1783.7,5179475.0
2022-01-07,1777.2,1789.69,1745.1,1747.51,2981669.0
2022-01-10,1734.92,1779.0,1725.51,1769.1,2962670.0
2022-01-11,1752.91,1768.2,1737.76,1746.2,2227664.0
2022-01-12,1752.91,1780.62,1752.91,1770.0,2747410.0
2022-01-13,1768.04,1770.9,1678.72,1689.37,5674735.0
2022-01-14,1689.37,1703.42,1676.42,1680.02,2932164.0
2022-01-17,1680.92,1690.19,1651.53,1675.17,2735382.0
2022-01-18,1675.23,1717.68,1666.52,1702.76,3121577.0
2022-01-19,1726.81,1726.81,1699.71,1720.51,2637094.0
2022-01-20,1724.11,1781.69,1724.11,1772.27,3401391.0
2022-01-21,1763.71,1793.84,1755.62,1786.19,3081258.0
2022-01-24,1759.21,1785.3,1738.01,1754.89,2398580.0
2022-01-25,1748.41,1769.1,1737.61,1748.41,2551012.0
2022-01-26,1747.54,1771.8,1726.81,1759.21,2390513.0
2022-01-27,1800.61,1809.44,1756.51,1768.2,4266516.0
2022-01-28,1759.21,1770.9,1691.73,1698.02,4102011.0
2022-02-07,1710.61,1721.92,1664.72,1680.88,3515042.0
2022-02-08,1681.71,1685.3,1610.73,1654.82,4171306.0
2022-02-09,1654.9,1716.91,1644.0,1706.1,3388479.0
2022-02-10,1709.71,1715.02,1671.37,1685.42,2303183.0
2022-02-11,1671.02,1710.43,1656.62,1664.7,3374649.0
2022-02-14,1655.72,1689.02,1653.3,1681.52,2019587.0
2022-02-15,1681.64,1719.61,1672.82,1701.27,2710586.0
2022-02-16,1709.71,1716.01,1698.92,1703.01,1458685.0
2022-02-17,1710.26,1720.04,1692.62,1698.01,1821366.0
2022-02-18,1689.58,1716.9,1678.81,1716.01,1938549.0
2022-02-21,1709.71,1715.92,1681.77,1689.01,2081573.0
2022-02-22,1673.73,1674.62,1619.75,1626.81,5229881.0
2022-02-23,1630.0,1650.32,1619.8,1644.03,2811161.0
2022-02-24,1626.93,1632.32,1573.03,1587.43,6535925.0
2022-02-25,1597.23,1627.18,1597.23,1618.88,3897913.0
2022-02-28,1608.09,1617.03,1590.03,1611.09,2892303.0
2022-03-01,1621.53,1676.93,1621.53,1672.35,4737930.0
2022-03-02,1655.72,1665.61,1642.23,1660.11,2007448.0
2022-03-03,1660.94,1664.95,1614.33,1619.73,3154693.0
2022-03-04,1594.53,1613.33,1579.33,1602.18,3104703.0
2022-03-07,1583.92,1590.93,1533.16,1536.04,4915581.0
2022-03-08,1583.72,1607.73,1558.54,1577.62,5721546.0
2022-03-09,1587.43,1624.23,1548.74,1600.99,5643442.0
2022-03-10,1626.93,1638.63,1611.63,1614.72,3646178.0
2022-03-11,1589.13,1599.03,1546.01,1591.84,4772677.0
2022-03-14,1556.74,1574.74,1529.74,1529.74,4900661.0
2022-03-15,1484.75,1516.25,1442.46,1442.46,8905587.0
2022-03-16,1470.35,1515.26,1433.46,1507.2,7759281.0
2022-03-17,1547.74,1579.24,1540.24,1547.88,6835196.0
2022-03-18,1545.94,1570.24,1522.8,1536.75,3834868.0
2022-03-21,1551.34,1552.83,1525.25,1533.61,2787716.0
2022-03-22,1551.23,1551.23,1517.44,1525.25,2105404.0
2022-03-23,1534.24,1592.73,1527.05,1576.71,5806739.0
2022-03-24,1563.94,1565.74,1545.36,1548.58,2581532.0
2022-03-25,1540.54,1560.34,1516.25,1520.75,2970866.0
2022-03-28,1462.26,1498.07,1443.36,1494.47,5754164.0
2022-03-29,1495.1,1522.1,1495.1,1500.05,2593498.0
2022-03-30,1527.94,1556.83,1525.25,1556.83,4243343.0
2022-03-31,1547.74,1564.48,1537.66,1546.84,2517386.0
2022-04-01,1556.69,1613.43,1549.26,1601.74,4486191.0
2022-04-06,1577.44,1609.59,1577.44,1588.23,2781977.0
2022-04-07,1581.94,1606.23,1574.83,1588.23,2019571.0
2022-04-08,1590.93,1609.56,1589.62,1605.33,2294132.0
2022-04-11,1592.73,1592.73,1535.17,1547.74,4386359.0
2022-04-12,1555.84,1608.9,1536.94,1603.53,4162956.0
2022-04-13,1590.03,1615.23,1575.71,1591.83,3114766.0
2022-04-14,1608.93,1652.03,1601.91,1627.83,3764986.0
2022-04-15,1621.71,1635.93,1616.03,1625.12,2104113.0
2022-04-18,1602.75,1617.93,1590.93,1611.47,1979315.0
2022-04-19,1619.73,1649.42,1597.68,1611.0,2420476.0
2022-04-20,1621.25,1637.73,1591.55,1617.03,2415572.0
2022-04-21,1610.91,1625.13,1592.73,1601.71,2895261.0
2022-04-22,1586.44,1608.82,1583.9,1595.43,2789975.0
2022-04-25,1574.74,1598.58,1531.54,1536.94,5365802.0
2022-04-26,1532.74,1573.82,1529.74,1558.97,4456396.0
2022-04-27,1590.14,1628.73,1590.14,1615.16,5740244.0
2022-04-28,1613.43,1660.22,1607.58,1651.22,4401006.0
2022-04-29,1652.12,1663.82,1629.61,1645.27,3488527.0
2022-05-05,1646.73,1682.72,1645.81,1653.02,3366094.0
2022-05-06,1633.22,1636.83,1602.63,1613.43,2859618.0
2022-05-09,1601.73,1601.73,1563.94,1576.54,3035182.0
2022-05-10,1547.74,1606.2,1534.25,1589.31,4011919.0
2022-05-11,1579.24,1609.36,1576.54,1590.93,3031267.0
2022-05-12,1577.44,1599.93,1574.74,1586.14,2203823.0
2022-05-13,1601.73,1617.88,1589.13,1600.15,2073052.0
2022-05-16,1617.03,1617.03,1568.14,1581.94,2776531.0
2022-05-17,1592.63,1597.23,1579.24,1590.93,2014474.0
2022-05-18,1596.03,1596.26,1568.46,1584.64,2485044.0
2022-05-19,1570.24,1581.04,1564.84,1580.14,1977626.0
2022-05-20,1583.73,1620.76,1576.54,1619.74,4194960.0
2022-05-23,1619.73,1623.23,1594.53,1602.63,2215713.0
2022-05-24,1607.13,1608.03,1579.69,1583.74,2734222.0
2022-05-25,1588.48,1594.53,1572.04,1579.7,2238869.0
2022-05-26,1584.64,1584.64,1556.74,1568.26,2805344.0
2022-05-27,1583.73,1601.73,1577.45,1579.38,2511958.0
2022-05-30,1589.13,1611.23,1589.13,1600.3,3446569.0
2022-05-31,1597.03,1633.14,1590.02,1623.36,4075082.0
2022-06-01,1621.53,1633.03,1600.83,1609.16,2176001.0
2022-06-02,1608.9,1615.95,1601.73,1607.13,1691473.0
2022-06-06,1610.73,1615.23,1581.94,1608.93,3674126.0
2022-06-07,1605.46,1642.23,1593.01,1635.84,3504859.0
2022-06-08,1642.23,1693.52,1642.23,1678.76,4435381.0
2022-06-09,1684.52,1699.23,1663.82,1667.42,2632902.0
2022-06-10,1660.23,1716.01,1651.22,1710.25,4734462.0
2022-06-13,1700.72,1702.52,1662.99,1670.12,3675518.0
2022-06-14,1650.32,1687.6,1648.52,1683.62,2941623.0
2022-06-15,1682.72,1714.21,1676.41,1687.31,3366362.0
2022-06-16,1704.85,1716.58,1687.52,1689.02,2688670.0
2022-06-17,1690.0,1756.51,1690.0,1755.61,5054161.0
2022-06-20,1754.71,1772.7,1736.71,1747.53,3497478.0
2022-06-21,1753.81,1770.0,1734.91,1750.87,2371702.0
2022-06-22,1759.21,1761.91,1738.51,1742.11,1964665.0
2022-06-23,1748.14,1768.24,1745.71,1761.1,2684352.0
2022-06-24,1772.7,1817.7,1768.2,1807.81,3963465.0
2022-06-27,1817.64,1844.64,1799.97,1809.19,4011517.0
2022-06-28,1817.46,1836.59,1800.6,1832.09,2524571.0
2022-06-29,1824.9,1837.49,1809.61,1826.7,3036012.0
2022-06-30,1819.12,1889.16,1819.11,1860.05,3898243.0
2022-07-01,1869.15,1880.76,1832.96,1845.55,2159645.0
2022-07-04,1837.32,1841.22,1820.04,1835.5,2507589.0
2022-07-05,1842.12,1868.65,1828.22,1849.15,2632940.0
2022-07-06,1848.23,1854.6,1806.39,1820.94,3275166.0
2022-07-07,1823.67,1827.63,1805.49,1810.03,2093177.0
2022-07-08,1823.67,1832.67,1815.63,1818.21,1564389.0
2022-07-11,1810.21,1814.37,1774.1,1786.01,2394921.0
2022-07-12,1787.29,1794.38,1755.51,1772.2,2344686.0
2022-07-13,1769.1,1793.66,1765.16,1781.73,1985377.0
2022-07-14,1782.74,1798.02,1765.46,1776.37,2052724.0
2022-07-15,1769.2,1818.83,1768.65,1773.19,3341623.0
2022-07-18,1775.79,1781.83,1748.18,1775.15,2422072.0
2022-07-19,1769.1,1775.15,1751.82,1767.37,2195603.0
2022-07-20,1781.6,1791.84,1769.1,1773.74,1870461.0
2022-07-21,1767.37,1779.01,1759.56,1763.64,1406137.0
2022-07-22,1772.94,1784.56,1760.0,1770.92,2511357.0
2022-07-25,1773.2,1775.74,1756.36,1768.78,1691244.0
2022-07-26,1776.36,1787.26,1770.93,1773.84,2068510.0
2022-07-27,1766.37,1771.83,1743.63,1745.99,2148987.0
2022-07-28,1747.36,1762.73,1721.49,1726.35,3486986.0
2022-07-29,1723.71,1745.44,1708.25,1726.75,3703236.0
2022-08-01,1719.08,1735.44,1711.05,1719.34,2103741.0
2022-08-02,1709.98,1717.23,1689.97,1709.96,2822088.0
2022-08-03,1719.06,1731.81,1707.25,1714.52,2459842.0
2022-08-04,1719.07,1749.18,1710.09,1742.73,3035714.0
2022-08-05,1753.45,1760.0,1732.62,1749.96,2008584.0
2022-08-08,1741.95,1758.07,1735.0,1738.65,1679901.0
2022-08-09,1738.65,1745.44,1732.71,1737.26,1387461.0
2022-08-10,1737.24,1744.54,1695.95,1706.34,2792662.0
2022-08-11,1715.43,1734.53,1708.17,1734.44,2606149.0
2022-08-12,1734.44,1755.45,1728.17,1753.63,2025983.0
2022-08-15,1746.78,1764.09,1742.31,1746.26,1932314.0
2022-08-16,1749.94,1758.9,1742.72,1744.39,1483584.0
2022-08-17,1755.45,1755.45,1723.62,1744.54,1836063.0
2022-08-18,1735.44,1740.06,1710.95,1724.07,2316777.0
2022-08-19,1726.35,1735.76,1717.25,1723.63,1354417.0
2022-08-22,1714.53,1734.53,1711.23,1722.69,1542667.0
2022-08-23,1726.89,1726.89,1698.15,1700.89,2375636.0
2022-08-24,1700.87,1705.64,1683.6,1686.51,1872761.0
2022-08-25,1690.87,1717.25,1686.51,1714.52,2192534.0
2022-08-26,1728.17,1739.08,1715.43,1726.35,2314195.0
2022-08-29,1712.7,1728.14,1704.52,1708.9,1356962.0
2022-08-30,1712.11,1714.52,1686.51,1700.88,1823539.0
2022-08-31,1691.88,1751.42,1691.79,1750.0,4469151.0
2022-09-01,1739.22,1742.72,1710.79,1710.79,2684508.0
2022-09-02,1719.02,1721.76,1697.4,1705.43,1939132.0
2022-09-05,1694.19,1699.97,1655.4,1669.05,3682187.0
2022-09-06,1669.37,1681.05,1659.95,1678.14,2083004.0
2022-09-07,1669.07,1671.46,1647.22,1653.59,2830616.0
2022-09-08,1655.4,1666.32,1650.85,1650.85,1659057.0
2022-09-09,1659.95,1684.51,1651.76,1677.95,2708986.0
2022-09-13,1709.98,1717.6,1690.17,1709.07,2869309.0
2022-09-14,1695.43,1709.98,1694.51,1699.97,1604157.0
2022-09-15,1700.88,1721.91,1700.84,1709.98,2081021.0
2022-09-16,1702.52,1715.07,1687.34,1690.87,2412127.0
2022-09-19,1687.24,1717.79,1685.31,1702.37,1858351.0
2022-09-20,1700.86,1714.16,1690.47,1708.16,1411630.0
2022-09-21,1706.95,1712.7,1680.87,1680.87,2099454.0
2022-09-22,1673.59,1674.52,1652.54,1656.14,2270429.0
2022-09-23,1656.14,1687.24,1656.14,1668.53,2828769.0
2022-09-26,1655.4,1717.25,1655.38,1694.51,3513492.0
2022-09-27,1699.84,1725.44,1683.7,1717.25,2882019.0
2022-09-28,1710.43,1727.62,1704.53,1712.7,2144597.0
2022-09-29,1726.33,1730.15,1701.91,1710.29,2158966.0
2022-09-30,1726.91,1729.98,1697.24,1703.15,2128908.0
2022-10-10,1719.07,1719.98,1619.2,1624.48,4858413.0
2022-10-11,1627.21,1642.67,1600.83,1619.01,3204719.0
2022-10-12,1613.25,1618.11,1553.53,1600.83,4819500.0
2022-10-13,1564.86,1578.09,1543.53,1546.25,6396927.0
2022-10-14,1555.35,1596.28,1548.02,1580.46,4651970.0
2022-10-17,1569.9,1571.71,1544.25,1563.08,3354951.0
2022-10-18,1568.99,1573.54,1547.16,1551.56,2808277.0
2022-10-19,1548.06,1548.06,1498.96,1498.96,6012093.0
2022-10-20,1474.4,1517.54,1465.3,1494.86,4277807.0
2022-10-21,1491.68,1498.78,1464.39,1477.13,3890740.0
2022-10-24,1428.01,1445.29,1353.44,1365.51,13209804.0
2022-10-25,1345.62,1377.99,1338.87,1345.92,8136156.0
2022-10-26,1354.16,1377.98,1327.96,1331.67,8178083.0
2022-10-27,1346.15,1353.41,1258.7,1274.3,10710590.0
2022-10-28,1264.99,1278.84,1235.83,1237.0,9314275.0
2022-10-31,1227.91,1257.02,1212.45,1227.91,7184665.0
2022-11-01,1236.09,1336.51,1236.09,1329.79,11876648.0
2022-11-02,1327.96,1369.8,1306.13,1338.84,7977715.0
2022-11-03,1313.02,1330.23,1298.94,1309.31,4515970.0
2022-11-04,1307.91,1389.6,1307.91,1379.41,8000795.0
2022-11-07,1358.93,1381.15,1352.15,1370.81,4269835.0
2022-11-08,1371.62,1380.71,1336.11,1350.59,3932491.0
2022-11-09,1349.74,1354.23,1318.86,1327.87,3609016.0
2022-11-10,1313.41,1350.7,1305.36,1341.6,3771967.0
2022-11-11,1389.81,1404.77,1359.78,1389.95,7394715.0
2022-11-14,1403.91,1422.13,1389.81,1394.36,5737015.0
2022-11-15,1393.45,1454.36,1383.44,1444.38,5631760.0
2022-11-16,1438.02,1453.48,1426.19,1441.88,2684776.0
2022-11-17,1446.66,1451.93,1412.44,1425.28,3057988.0
2022-11-18,1433.47,1440.75,1415.28,1425.4,2360871.0
2022-11-21,1401.95,1401.95,1363.01,1382.52,3909600.0
2022-11-22,1380.2,1418.68,1379.0,1400.68,2990062.0
2022-11-23,1389.81,1416.19,1383.48,1408.91,2217746.0
2022-11-24,1418.01,1426.99,1377.06,1382.52,2768738.0
2022-11-25,1383.0,1393.45,1373.44,1384.36,1862104.0
2022-11-28,1350.5,1377.99,1319.77,1373.33,4772321.0
2022-11-29,1427.61,1455.3,1410.73,1454.39,7342013.0
2022-11-30,1443.58,1458.94,1441.65,1454.39,3149730.0
2022-12-01,1509.87,1528.06,1483.3,1483.31,5135768.0
2022-12-02,1487.13,1503.5,1474.58,1486.11,2388390.0
2022-12-05,1517.15,1527.15,1499.87,1514.33,3612746.0
2022-12-06,1505.32,1570.72,1502.6,1535.34,4414748.0
2022-12-07,1526.07,1564.45,1518.99,1531.7,3552626.0
2022-12-08,1529.88,1541.71,1514.42,1534.45,1972956.0
2022-12-09,1538.98,1573.54,1529.88,1573.54,3921526.0
2022-12-12,1560.68,1606.29,1559.9,1581.75,3475517.0
2022-12-13,1579.91,1601.46,1573.54,1591.73,2138546.0
2022-12-14,1585.37,1619.75,1585.37,1610.72,2909840.0
2022-12-15,1641.76,1651.76,1619.02,1625.38,3063444.0
2022-12-16,1612.88,1629.02,1585.37,1625.27,3330266.0
2022-12-19,1636.12,1636.12,1600.98,1612.65,2498710.0
2022-12-20,1605.68,1605.68,1530.29,1559.9,4619840.0
2022-12-21,1568.08,1581.73,1562.31,1581.73,2281614.0
2022-12-22,1597.83,1621.75,1587.18,1608.1,2317534.0
2022-12-23,1593.92,1620.84,1587.18,1610.83,1731921.0
2022-12-26,1610.83,1610.83,1578.11,1584.51,2138380.0
2022-12-27,1600.95,1609.38,1589.44,1596.35,1790505.0
2022-12-28,1608.21,1609.24,1573.33,1596.35,2143790.0
2022-12-29,1581.61,1590.81,1566.92,1583.45,2241780.0
2022-12-30,1599.11,1614.76,1590.82,1590.82,2533312.0
2023-01-03,1594.69,1601.35,1571.49,1593.59,2603380.0
2023-01-04,1593.58,1601.6,1580.69,1588.99,2041575.0
2023-01-05,1600.03,1658.99,1596.35,1658.99,4794285.0
2023-01-06,1663.7,1669.03,1646.09,1661.54,2490375.0
2023-01-09,1690.3,1704.1,1665.27,1696.02,3097723.0
2023-01-10,1694.04,1717.48,1686.16,1708.22,2273173.0
2023-01-11,1709.65,1713.33,1692.0,1699.47,2272031.0
2023-01-12,1702.28,1709.65,1688.46,1689.38,1719317.0
2023-01-13,1698.76,1739.13,1694.91,1738.2,3193965.0
2023-01-16,1737.28,1782.42,1732.68,1762.06,3684826.0
2023-01-17,1762.3,1771.37,1745.57,1757.55,2129923.0
2023-01-18,1763.08,1773.48,1740.97,1743.73,2106293.0
2023-01-19,1743.27,1743.29,1718.86,1731.95,2343889.0
2023-01-20,1740.22,1748.57,1711.49,1713.34,2560875.0
2023-01-30,1758.47,1758.47,1731.76,1739.13,3592255.0
2023-01-31,1746.95,1750.13,1688.53,1700.22,3299068.0
2023-02-01,1708.71,1712.41,1668.57,1699.49,3397389.0
2023-02-02,1702.63,1712.41,1682.01,1691.33,2975886.0
2023-02-03,1676.49,1682.01,1654.08,1674.64,3494490.0
2023-02-06,1639.64,1653.46,1621.22,1653.46,4266095.0
2023-02-07,1665.51,1666.17,1646.76,1655.3,2432171.0
2023-02-08,1658.07,1663.56,1635.04,1643.33,1667577.0
2023-02-09,1637.8,1685.47,1635.04,1674.64,2975366.0
2023-02-10,1667.37,1675.1,1659.03,1667.28,1798451.0
2023-02-13,1667.28,1726.69,1667.28,1709.97,3814670.0
2023-02-14,1710.07,1710.94,1690.3,1698.4,1956576.0
2023-02-15,1698.39,1709.0,1691.05,1695.83,1817691.0
2023-02-16,1696.14,1738.2,1683.86,1715.01,3324595.0
2023-02-17,1704.27,1725.31,1676.53,1677.21,2644283.0
2023-02-20,1677.41,1730.65,1673.91,1727.15,2966869.0
2023-02-21,1726.23,1726.23,1705.04,1719.78,1875052.0
2023-02-22,1708.74,1716.93,1687.36,1691.23,2186916.0
2023-02-23,1694.91,1703.02,1662.9,1674.64,2188097.0
2023-02-24,1667.38,1667.45,1641.65,1647.01,2463461.0
2023-02-27,1638.26,1671.88,1635.05,1667.65,2206489.0
2023-02-28,1675.57,1678.34,1642.68,1670.72,2395181.0
2023-03-01,1670.04,1702.28,1661.04,1693.56,2445810.0
2023-03-02,1684.78,1693.98,1677.5,1683.86,1314419.0
2023-03-03,1694.7,1696.39,1660.35,1674.68,1619806.0
2023-03-06,1674.81,1675.11,1655.09,1664.64,2064586.0
2023-03-07,1663.57,1673.36,1647.01,1647.29,2278539.0
2023-03-08,1639.66,1645.11,1622.25,1630.82,2276370.0
2023-03-09,1628.59,1644.25,1602.8,1630.45,2761150.0
2023-03-10,1613.45,1640.56,1612.01,1612.01,2116082.0
2023-03-13,1612.93,1635.04,1611.09,1623.06,2056043.0
2023-03-14,1624.7,1639.53,1601.41,1626.75,2370492.0
2023-03-15,1638.14,1644.14,1612.12,1612.85,1921253.0
2023-03-16,1602.8,1630.43,1601.88,1613.84,1764624.0
2023-03-17,1630.43,1635.86,1599.11,1604.64,2702291.0
2023-03-20,1612.93,1616.61,1591.74,1593.22,2049093.0
2023-03-21,1598.19,1645.03,1588.03,1635.04,3114182.0
2023-03-22,1639.64,1651.62,1626.33,1633.52,1533026.0
2023-03-23,1626.75,1649.88,1625.83,1634.91,1735566.0
2023-03-24,1629.58,1642.96,1626.75,1638.37,1276996.0
2023-03-27,1638.35,1638.35,1617.53,1628.39,1529555.0
2023-03-28,1630.43,1648.85,1625.84,1641.3,1726135.0
2023-03-29,1657.14,1658.06,1644.31,1648.85,1539299.0
2023-03-30,1651.62,1662.67,1638.72,1658.06,1925701.0
2023-03-31,1681.09,1702.28,1675.57,1676.49,2744633.0
2023-04-03,1681.09,1683.64,1658.14,1659.97,2141743.0
2023-04-04,1669.12,1672.04,1646.09,1671.5,2006626.0
2023-04-06,1662.67,1672.71,1647.21,1655.26,1487422.0
2023-04-07,1653.46,1663.6,1647.32,1649.76,1352468.0
2023-04-10,1649.66,1649.66,1606.48,1632.0,2941822.0
2023-04-11,1651.62,1651.62,1606.48,1607.86,2920919.0
2023-04-12,1609.48,1612.01,1559.34,1560.51,5110492.0
2023-04-13,1556.74,1587.68,1551.22,1587.14,2954268.0
2023-04-14,1589.9,1596.35,1570.37,1578.31,2123162.0
2023-04-17,1602.8,1614.77,1591.74,1614.77,3046723.0
2023-04-18,1614.77,1629.51,1608.34,1619.38,1831389.0
2023-04-19,1623.06,1626.28,1612.01,1620.3,1460056.0
2023-04-20,1621.32,1625.82,1592.66,1604.53,1988537.0
2023-04-21,1608.32,1610.24,1585.55,1589.41,1851787.0
2023-04-24,1585.29,1586.21,1566.87,1570.56,2023091.0
2023-04-25,1571.48,1599.09,1567.79,1593.93,2058251.0
2023-04-26,1606.48,1622.14,1584.37,1606.4,2789160.0
2023-04-27,1610.16,1630.43,1593.58,1619.3,2560504.0
2023-04-28,1623.99,1642.19,1615.66,1621.7,2622464.0
2023-05-04,1629.51,1637.5,1599.11,1611.91,2746642.0
2023-05-05,1626.75,1626.75,1599.47,1612.01,2071421.0
2023-05-08,1628.88,1629.51,1581.77,1584.85,3317126.0
2023-05-09,1579.77,1602.78,1572.46,1586.21,2937796.0
2023-05-10,1579.94,1599.11,1579.77,1588.98,2077260.0
2023-05-11,1594.51,1598.19,1579.77,1581.67,1524612.0
2023-05-12,1579.77,1593.47,1570.56,1571.84,1946045.0
2023-05-15,1567.79,1581.61,1557.84,1580.96,2574018.0
2023-05-16,1578.84,1584.36,1563.19,1568.98,2222377.0
2023-05-17,1573.32,1577.92,1565.04,1566.87,1677691.0
2023-05-18,1570.55,1570.92,1556.74,1557.66,1921928.0
2023-05-19,1539.24,1569.94,1525.0,1565.49,2674116.0
2023-05-22,1556.75,1613.85,1556.74,1608.32,4128432.0
2023-05-23,1615.68,1615.69,1588.56,1588.56,1689421.0
2023-05-24,1595.73,1596.85,1575.26,1575.99,1847927.0
2023-05-25,1571.47,1575.16,1556.74,1566.87,2246560.0
2023-05-26,1567.79,1570.56,1542.93,1557.25,1829110.0
2023-05-29,1563.19,1564.43,1545.68,1555.82,1777141.0
2023-05-30,1555.82,1564.93,1527.78,1536.74,2645340.0
2023-05-31,1530.03,1534.37,1498.4,1500.46,3695697.0
2023-06-01,1490.42,1542.91,1490.42,1506.92,2864525.0
2023-06-02,1515.29,1541.22,1507.1,1538.87,2505802.0
2023-06-05,1534.78,1550.18,1531.87,1533.71,1620050.0
2023-06-06,1538.32,1551.21,1521.32,1535.54,1991392.0
2023-06-07,1541.07,1546.42,1519.89,1520.72,1788964.0
2023-06-08,1525.26,1542.92,1519.9,1536.47,1470272.0
2023-06-09,1540.15,1545.66,1534.63,1534.63,1758041.0
2023-06-12,1534.65,1573.32,1530.5,1562.27,2702944.0
2023-06-13,1560.31,1570.2,1552.13,1565.03,1466254.0
2023-06-14,1583.45,1597.49,1571.67,1590.71,3150580.0
2023-06-15,1593.9,1617.21,1587.14,1616.61,2522257.0
2023-06-16,1618.45,1658.06,1612.1,1655.94,3791789.0
2023-06-19,1648.85,1656.18,1600.95,1606.48,3169992.0
2023-06-20,1602.8,1625.82,1598.19,1605.98,2094674.0
2023-06-21,1602.8,1618.09,1598.19,1598.95,1772061.0
2023-06-26,1584.47,1593.58,1561.34,1574.24,2399268.0
2023-06-27,1575.15,1584.1,1566.03,1576.13,1517446.0
2023-06-28,1578.09,1597.27,1576.08,1592.09,1857356.0
2023-06-29,1594.51,1598.18,1577.93,1578.58,1423116.0
2023-06-30,1589.99,1598.4,1577.34,1581.57,2045869.0
2023-07-03,1589.05,1613.63,1582.51,1612.53,1913909.0
2023-07-04,1612.62,1622.2,1606.9,1618.61,1247238.0
2023-07-05,1618.05,1619.89,1589.99,1604.37,1474539.0
2023-07-06,1598.56,1620.85,1589.99,1592.78,1514062.0
2023-07-07,1590.93,1598.4,1580.64,1580.67,1516742.0
2023-07-10,1594.67,1603.98,1589.99,1590.83,1347741.0
2023-07-11,1599.34,1604.18,1591.95,1599.34,1258270.0
2023-07-12,1602.19,1611.5,1600.59,1602.9,1328467.0
2023-07-13,1610.56,1632.46,1607.77,1625.91,2580654.0
2023-07-14,1642.37,1644.7,1628.52,1639.56,1855030.0
2023-07-17,1637.69,1637.69,1614.87,1618.02,1433648.0
2023-07-18,1621.4,1622.27,1609.63,1611.31,1473765.0
2023-07-19,1604.03,1616.18,1602.9,1611.5,1248322.0
2023-07-20,1616.17,1635.8,1610.57,1612.44,1669265.0
2023-07-21,1619.81,1657.8,1614.31,1656.68,3937740.0
2023-07-24,1637.24,1656.54,1637.24,1656.54,1971337.0
2023-07-25,1683.52,1710.53,1683.51,1710.22,4308646.0
2023-07-26,1710.22,1717.18,1697.62,1710.22,1961145.0
2023-07-27,1717.19,1734.76,1710.36,1719.09,2034043.0
2023-07-28,1713.45,1777.05,1709.72,1774.24,3901792.0
2023-07-31,1784.53,1809.78,1752.73,1758.88,4537861.0
2023-08-01,1756.48,1783.55,1756.37,1766.76,1923062.0
2023-08-02,1761.52,1767.69,1746.0,1758.34,1850872.0
2023-08-03,1748.99,1767.69,1730.75,1756.91,2154347.0
2023-08-04,1765.66,1783.15,1760.21,1770.94,2457364.0
2023-08-07,1759.23,1775.18,1749.95,1765.76,2389245.0
2023-08-08,1758.37,1771.16,1743.45,1767.69,1773618.0
2023-08-09,1767.69,1781.72,1761.11,1767.96,1852346.0
2023-08-10,1760.21,1766.76,1741.79,1753.67,1843619.0
2023-08-11,1763.02,1763.39,1715.21,1715.32,2678649.0
2023-08-14,1692.87,1706.88,1679.78,1686.32,2373119.0
2023-08-15,1691.94,1700.35,1684.46,1695.66,1481799.0
2023-08-16,1690.61,1705.36,1689.13,1702.22,1318431.0
2023-08-17,1689.21,1715.32,1684.97,1709.75,1729037.0
2023-08-18,1713.44,1716.24,1685.94,1685.94,1702334.0
2023-08-21,1676.97,1696.6,1674.23,1675.1,1891181.0
2023-08-22,1684.44,1685.91,1656.41,1672.3,2665036.0
2023-08-23,1680.71,1683.52,1655.53,1659.2,1991222.0
2023-08-24,1664.46,1709.71,1660.14,1698.76,2605509.0
2023-08-25,1691.74,1718.84,1689.14,1706.88,1883086.0
2023-08-28,1775.72,1775.72,1713.34,1716.23,4105213.0
2023-08-29,1709.71,1748.13,1709.71,1731.53,2895028.0
2023-08-30,1747.02,1747.12,1724.35,1735.89,1981181.0
2023-08-31,1739.64,1739.64,1721.87,1727.48,1482022.0
2023-09-01,1732.93,1744.75,1726.57,1731.27,1314519.0
2023-09-04,1742.07,1758.29,1733.58,1745.25,2387100.0
2023-09-05,1747.12,1747.12,1736.64,1738.42,1565874.0
2023-09-06,1737.77,1745.87,1729.36,1740.57,1112143.0
2023-09-07,1732.71,1736.73,1712.69,1719.06,1698157.0
2023-09-08,1716.2,1716.2,1697.5,1700.82,1221178.0
2023-09-11,1691.0,1720.93,1691.0,1704.25,1592600.0
2023-09-12,1708.4,1708.75,1698.5,1702.19,1216801.0
2023-09-13,1711.5,1711.5,1683.57,1702.14,1950143.0
2023-09-14,1704.59,1708.75,1689.13,1701.0,1750459.0
2023-09-15,1701.29,1702.02,1666.03,1666.67,2843146.0
2023-09-18,1661.36,1711.11,1658.27,1710.83,3255892.0
2023-09-19,1704.28,1710.64,1691.0,1708.72,1498950.0
2023-09-20,1704.1,1711.58,1700.4,1705.97,1250178.0
2023-09-21,1700.36,1704.1,1682.01,1682.01,1948919.0
2023-09-22,1688.78,1730.25,1676.42,1729.35,3439046.0
2023-09-25,1727.94,1728.41,1708.39,1713.8,1397913.0
2023-09-26,1709.71,1716.14,1695.77,1698.48,1576196.0
2023-09-27,1697.55,1714.85,1686.14,1696.61,2087994.0
2023-09-28,1706.88,1706.88,1681.46,1682.16,2053784.0
2023-10-09,1680.66,1680.66,1650.69,1662.01,2976268.0
2023-10-10,1667.52,1682.56,1653.59,1655.46,2028392.0
2023-10-11,1669.16,1669.16,1653.59,1663.41,2194486.0
2023-10-12,1681.55,1681.86,1662.19,1670.42,1486507.0
2023-10-13,1656.28,1662.95,1625.71,1637.69,2502788.0
2023-10-16,1637.67,1642.37,1610.99,1617.96,2078965.0
2023-10-17,1626.47,1626.88,1604.95,1614.31,1494523.0
2023-10-18,1607.57,1629.27,1606.06,1616.18,2031750.0
2023-10-19,1589.99,1590.02,1520.81,1524.52,7349237.0
2023-10-20,1524.52,1547.9,1511.66,1538.55,4537601.0
2023-10-23,1524.49,1552.58,1516.66,1537.6,2523423.0
2023-10-24,1541.35,1546.37,1516.3,1536.63,2986146.0
2023-10-25,1562.03,1588.12,1559.14,1568.95,3617898.0
2023-10-26,1559.13,1578.77,1554.46,1564.02,2238635.0
2023-10-27,1556.32,1582.4,1553.14,1568.21,3426239.0
2023-10-30,1561.0,1579.59,1561.0,1572.22,2408642.0
2023-10-31,1571.28,1580.64,1559.92,1575.57,1985877.0
2023-11-01,1730.28,1730.28,1659.0,1665.74,9314308.0
2023-11-02,1678.84,1678.84,1661.13,1664.35,2790764.0
2023-11-03,1664.81,1697.45,1659.2,1694.03,3017600.0
2023-11-06,1702.22,1705.77,1684.57,1694.74,2552392.0
2023-11-07,1688.2,1692.87,1668.63,1675.26,1958159.0
2023-11-08,1668.6,1687.07,1667.5,1681.97,1454567.0
2023-11-09,1674.27,1682.58,1667.62,1678.01,1280048.0
2023-11-10,1665.33,1672.3,1658.36,1660.92,1646557.0
2023-11-13,1657.59,1669.38,1643.28,1649.85,1836995.0
2023-11-14,1649.85,1660.13,1646.12,1651.04,1281675.0
2023-11-15,1663.88,1667.52,1652.65,1658.2,1843486.0
2023-11-16,1659.2,1661.07,1646.15,1646.15,1255757.0
2023-11-17,1638.62,1645.17,1625.44,1639.95,2171363.0
2023-11-20,1641.43,1654.99,1624.28,1648.45,1860804.0
2023-11-21,1668.01,1681.65,1655.55,1674.17,3009845.0
2023-11-22,1667.9,1678.23,1665.32,1666.23,1266457.0
2023-11-23,1663.22,1672.3,1656.4,1670.42,1154964.0
2023-11-24,1673.23,1673.23,1660.14,1662.01,1308540.0
2023-11-27,1658.55,1658.55,1641.43,1648.91,1626074.0
2023-11-28,1647.04,1659.09,1644.24,1654.56,1451976.0
2023-11-29,1653.59,1661.07,1644.24,1659.87,1714933.0
2023-11-30,1661.75,1678.62,1656.47,1675.57,2135342.0
2023-12-01,1673.52,1673.89,1634.88,1646.37,3305131.0
2023-12-04,1646.37,1647.82,1632.34,1637.42,1844047.0
2023-12-05,1635.61,1635.71,1597.49,1598.41,2990301.0
2023-12-06,1592.45,1608.2,1591.05,1592.8,2385129.0
2023-12-07,1593.73,1598.48,1578.11,1589.99,2504150.0
2023-12-08,1589.99,1598.26,1582.71,1594.59,2628801.0
2023-12-11,1580.64,1593.73,1549.77,1588.12,3683098.0
2023-12-12,1578.39,1599.33,1575.03,1599.33,2101066.0
2023-12-13,1594.87,1595.34,1549.85,1552.58,3878870.0
2023-12-14,1558.15,1561.81,1529.21,1530.04,4067215.0
2023-12-15,1541.57,1569.2,1537.62,1538.55,3709251.0
2023-12-18,1533.87,1555.69,1529.2,1554.45,1989734.0
2023-12-19,1557.25,1571.16,1538.63,1566.61,2220676.0
2023-12-20,1568.6,1570.49,1554.41,1560.83,2309203.0
2023-12-21,1551.58,1582.15,1551.58,1579.95,2901168.0
2023-12-22,1579.67,1588.56,1568.61,1580.57,2166684.0
2023-12-25,1580.9,1588.09,1578.06,1581.85,1247106.0
2023-12-26,1582.32,1584.59,1568.13,1579.95,1477126.0
2023-12-27,1578.06,1586.72,1571.44,1577.17,1605550.0
2023-12-28,1580.89,1634.82,1577.17,1631.98,3833806.0
2023-12-29,1627.26,1655.24,1627.26,1632.93,2753868.0
2024-01-02,1622.53,1625.54,1587.62,1594.15,3215644.0
2024-01-03,1590.46,1603.81,1585.94,1602.66,2022929.0
2024-01-04,1601.71,1601.71,1573.26,1579.01,2155107.0
2024-01-05,1571.75,1588.15,1563.03,1573.67,2024286.0
2024-01-08,1571.44,1572.38,1551.58,1555.35,2558620.0
2024-01-09,1552.53,1563.23,1546.91,1552.52,2441204.0
2024-01-10,1552.61,1569.98,1549.68,1552.99,1735067.0
2024-01-11,1551.67,1568.54,1549.74,1557.79,1644055.0
2024-01-12,1551.54,1562.22,1551.0,1554.47,1160324.0
2024-01-15,1546.84,1565.73,1546.32,1551.57,1785403.0
2024-01-16,1550.15,1558.19,1537.32,1551.03,2590314.0
2024-01-17,1542.11,1547.29,1491.97,1491.97,5163276.0
2024-01-18,1489.13,1525.84,1471.67,1524.01,6043981.0
2024-01-19,1522.12,1549.69,1514.56,1546.84,4637843.0
2024-01-22,1541.16,1554.41,1531.59,1553.46,4694589.0
2024-01-23,1544.01,1551.52,1522.24,1531.7,3483490.0
2024-01-24,1541.16,1545.74,1517.1,1538.33,3321635.0
2024-01-25,1539.1,1552.52,1534.54,1549.68,3120580.0
2024-01-26,1542.45,1555.45,1535.49,1549.04,2695475.0
2024-01-29,1551.85,1571.04,1551.85,1561.03,3142068.0
2024-01-30,1561.01,1561.01,1523.19,1526.03,3086633.0
2024-01-31,1526.03,1532.62,1511.96,1518.37,2964912.0
2024-02-01,1518.93,1536.33,1514.67,1523.22,2648515.0
2024-02-02,1527.92,1540.01,1495.75,1509.94,3938202.0
2024-02-05,1509.94,1549.15,1509.23,1542.12,5313036.0
2024-02-06,1542.12,1594.6,1538.42,1585.63,5247204.0
2024-02-07,1590.39,1622.14,1572.02,1618.73,5260107.0
2024-02-08,1627.27,1631.99,1594.14,1614.01,4675654.0
2024-02-19,1644.16,1644.22,1596.98,1604.01,3697744.0
2024-02-20,1605.84,1605.84,1567.24,1579.95,3447007.0
2024-02-21,1576.19,1637.66,1572.38,1625.04,4615407.0
2024-02-22,1615.43,1630.1,1608.84,1625.72,2279361.0
2024-02-23,1618.85,1631.4,1608.35,1621.67,2730589.0
2024-02-26,1615.9,1616.6,1594.16,1603.59,2731832.0
2024-02-27,1592.25,1601.64,1587.52,1598.4,2207985.0
2024-02-28,1597.85,1605.09,1583.75,1590.88,3186731.0
2024-02-29,1590.88,1605.02,1588.66,1603.61,2475833.0
2024-03-01,1598.87,1603.58,1586.27,1594.2,2686796.0
2024-03-04,1588.47,1590.35,1580.0,1585.91,2648477.0
2024-03-05,1580.72,1605.5,1576.81,1603.7,3623837.0
2024-03-06,1599.82,1603.61,1587.54,1589.93,2214248.0
2024-03-07,1589.41,1598.69,1587.52,1592.85,2159912.0
2024-03-08,1589.94,1595.73,1580.0,1581.31,2215623.0
2024-03-11,1584.68,1607.28,1582.96,1603.12,2989509.0
2024-03-12,1602.6,1654.79,1599.35,1650.91,5422654.0
2024-03-13,1646.15,1653.75,1627.35,1634.31,2649954.0
2024-03-14,1626.31,1641.3,1619.22,1624.07,1940479.0
2024-03-15,1620.16,1638.99,1619.69,1624.88,1783358.0
2024-03-18,1622.53,1627.12,1607.39,1616.15,2605501.0
2024-03-19,1611.17,1627.2,1601.82,1615.92,2394753.0
2024-03-20,1611.51,1621.28,1608.55,1617.42,1524925.0
2024-03-21,1616.0,1626.31,1612.59,1616.85,1659597.0
2024-03-22,1613.09,1616.84,1596.98,1609.61,2545614.0
2024-03-25,1606.95,1607.17,1589.96,1597.94,2447285.0
2024-03-26,1596.47,1620.45,1596.47,1617.12,2806907.0
2024-03-27,1613.07,1619.69,1607.39,1609.28,1811258.0
2024-03-28,1603.61,1625.36,1601.9,1609.89,2464218.0
2024-03-29,1609.89,1618.73,1606.54,1611.08,1345655.0
2024-04-01,1617.79,1640.5,1616.57,1628.52,2713137.0
2024-04-02,1629.15,1631.98,1613.11,1621.57,2544925.0
2024-04-03,1640.5,1645.65,1617.82,1622.63,2904580.0
2024-04-08,1603.61,1604.55,1572.95,1576.79,5916659.0
2024-04-09,1571.13,1582.79,1569.03,1572.59,2558982.0
2024-04-10,1572.64,1575.21,1556.3,1559.12,2763050.0
2024-04-11,1551.67,1561.03,1546.55,1559.14,2276624.0
2024-04-12,1561.98,1574.28,1545.92,1545.92,2674433.0
2024-04-15,1546.85,1585.26,1546.82,1582.77,3581771.0
2024-04-16,1575.69,1589.0,1569.55,1579.95,2626623.0
2024-04-17,1578.06,1584.87,1568.6,1577.11,2481911.0
2024-04-18,1569.56,1592.23,1568.77,1580.69,2656841.0
2024-04-19,1571.23,1578.53,1552.78,1557.85,2349992.0
2024-04-22,1564.82,1588.35,1556.3,1584.74,2995139.0
2024-04-23,1584.68,1603.61,1584.68,1601.03,2497995.0
2024-04-24,1605.48,1608.25,1592.56,1602.28,1708643.0
2024-04-25,1599.19,1604.17,1591.54,1601.75,1447648.0
2024-04-26,1602.66,1621.58,1602.64,1617.26,3099592.0
2024-04-29,1605.45,1634.83,1602.49,1612.12,4133223.0
2024-04-30,1613.08,1636.6,1613.07,1613.07,3075989.0
2024-05-06,1640.47,1669.83,1633.88,1665.29,5990949.0
2024-05-07,1670.58,1681.94,1661.96,1674.56,2492452.0
2024-05-08,1674.27,1674.53,1661.0,1668.86,1476909.0
2024-05-09,1663.21,1669.81,1655.64,1661.32,2238734.0
2024-05-10,1666.14,1672.56,1640.49,1645.21,2620661.0
2024-05-13,1638.63,1639.23,1609.49,1614.01,3766212.0
2024-05-14,1614.0,1620.89,1608.35,1610.21,2127417.0
2024-05-15,1610.78,1615.9,1607.0,1608.34,1573876.0
2024-05-16,1613.07,1617.68,1598.87,1612.59,2967954.0
2024-05-17,1608.35,1624.02,1608.34,1622.53,2892388.0
2024-05-20,1625.36,1639.55,1616.01,1616.85,3142572.0
2024-05-21,1615.9,1617.54,1606.59,1613.07,1629339.0
2024-05-22,1611.17,1617.76,1599.82,1606.17,2028568.0
2024-05-23,1608.34,1614.37,1598.95,1600.78,1888497.0
2024-05-24,1601.71,1603.61,1586.58,1586.65,2021663.0
2024-05-27,1587.52,1596.46,1578.07,1580.07,2509791.0
2024-05-28,1580.33,1584.84,1573.33,1574.88,2352087.0
2024-05-29,1576.17,1589.41,1575.22,1583.74,1965128.0
2024-05-30,1584.68,1585.04,1560.09,1560.09,3220792.0
2024-05-31,1561.5,1573.8,1559.57,1559.57,2185665.0
2024-06-03,1561.03,1561.9,1546.94,1550.99,3026105.0
2024-06-04,1552.04,1566.71,1548.31,1564.06,2084108.0
2024-06-05,1562.92,1569.24,1554.44,1555.36,1905557.0
2024-06-06,1555.03,1562.91,1547.7,1551.39,2561005.0
2024-06-07,1557.37,1557.42,1531.71,1531.87,3352455.0
2024-06-11,1516.56,1518.46,1482.51,1484.4,7024676.0
2024-06-12,1485.35,1504.27,1485.35,1486.93,3317050.0
2024-06-13,1491.75,1491.86,1469.4,1471.16,3618597.0
2024-06-14,1471.15,1479.63,1438.48,1471.15,5951416.0
2024-06-17,1449.67,1465.26,1429.54,1458.38,4831816.0
2024-06-18,1448.34,1470.72,1434.9,1439.46,4125825.0
2024-06-19,1446.57,1452.38,1431.23,1449.48,4126153.0
2024-06-20,1448.51,1463.97,1446.58,1448.61,2471068.0
2024-06-21,1449.0,1453.32,1419.76,1420.51,4331997.0
2024-06-24,1374.16,1437.88,1365.48,1425.87,6383993.0
2024-06-25,1426.3,1451.4,1426.3,1435.62,4209795.0
2024-06-26,1429.2,1449.55,1427.08,1438.1,2956977.0
2024-06-27,1440.79,1442.69,1417.61,1439.33,3282178.0
2024-06-28,1429.2,1443.19,1413.75,1417.02,3858202.0
2024-07-01,1418.46,1422.43,1378.99,1390.94,3216138.0
2024-07-02,1383.81,1446.58,1383.81,1439.53,5185298.0
2024-07-03,1447.55,1461.08,1436.95,1448.51,3157326.0
2024-07-04,1453.34,1460.1,1430.29,1434.74,2437973.0
2024-07-05,1428.24,1441.93,1400.23,1403.13,3882938.0
2024-07-08,1393.47,1407.73,1370.43,1371.26,3952705.0
2024-07-09,1371.26,1404.95,1361.7,1388.67,3362071.0
2024-07-10,1389.85,1415.57,1385.75,1388.25,2376322.0
2024-07-11,1400.2,1418.58,1390.78,1411.91,2902014.0
2024-07-12,1422.45,1435.38,1415.15,1428.06,2338634.0
2024-07-15,1419.54,1436.93,1419.54,1424.28,1917626.0
2024-07-16,1425.34,1431.13,1414.76,1425.34,2031644.0
2024-07-17,1425.43,1451.41,1419.56,1449.87,3431101.0
2024-07-18,1448.03,1463.0,1441.3,1446.11,2887039.0
2024-07-19,1439.64,1476.69,1433.07,1473.26,3894291.0
2024-07-22,1472.69,1477.47,1440.45,1447.55,2854321.0
2024-07-23,1447.55,1449.48,1405.06,1405.06,3094396.0
2024-07-24,1400.42,1413.46,1385.75,1390.59,2412255.0
2024-07-25,1390.59,1398.3,1371.27,1381.39,2834656.0
2024-07-26,1381.39,1388.37,1362.47,1373.38,3235379.0
2024-07-29,1366.43,1373.18,1350.02,1350.03,3086907.0
2024-07-30,1338.41,1342.55,1314.58,1332.62,5177904.0
2024-07-31,1325.97,1378.28,1325.97,1372.5,4327232.0
2024-08-01,1369.33,1371.26,1337.17,1338.58,3203810.0
2024-08-02,1326.45,1349.02,1326.45,1337.9,2192769.0
2024-08-05,1341.21,1377.05,1337.96,1361.61,3773607.0
2024-08-06,1373.19,1375.12,1346.16,1356.49,2744433.0
2024-08-07,1357.26,1373.18,1350.31,1366.91,2062221.0
2024-08-08,1362.57,1398.47,1360.64,1381.58,2513082.0
2024-08-09,1409.92,1418.58,1387.48,1387.48,3013849.0
2024-08-12,1380.92,1393.47,1377.61,1386.81,1363203.0
2024-08-13,1383.81,1385.75,1363.54,1374.17,1630843.0
2024-08-14,1374.17,1375.99,1363.55,1364.79,1341431.0
2024-08-15,1356.8,1386.7,1355.76,1377.91,2303897.0
2024-08-16,1377.82,1386.63,1368.37,1382.08,1645470.0
2024-08-19,1382.85,1408.81,1376.09,1376.51,2043279.0
2024-08-20,1380.82,1380.85,1365.47,1373.89,1859138.0
2024-08-21,1371.26,1378.97,1367.1,1368.92,1509165.0
2024-08-22,1367.4,1371.26,1351.96,1361.65,1952729.0
2024-08-23,1359.67,1374.64,1357.86,1366.42,1532046.0
2024-08-26,1368.36,1374.99,1354.99,1363.53,1562841.0
2024-08-27,1363.53,1364.5,1353.02,1355.88,1365740.0
2024-08-28,1355.88,1357.74,1327.8,1341.32,3166351.0
2024-08-29,1332.63,1369.33,1332.63,1364.79,2747161.0
2024-08-30,1364.5,1408.02,1356.78,1393.65,3873923.0
2024-09-02,1380.92,1388.64,1347.12,1347.12,3413459.0
2024-09-03,1350.02,1366.41,1345.21,1361.6,1788760.0
2024-09-04,1353.88,1370.48,1351.7,1351.95,1421109.0
2024-09-05,1352.43,1358.71,1349.05,1356.66,1450295.0
2024-09-06,1356.78,1357.74,1350.02,1350.02,1032104.0
2024-09-09,1332.64,1345.87,1323.05,1327.8,2863755.0
2024-09-10,1323.0,1345.19,1323.0,1330.7,1980284.0
2024-09-11,1328.38,1338.31,1318.15,1332.63,2099577.0
2024-09-12,1332.63,1337.46,1289.09,1289.24,4794831.0
2024-09-13,1285.32,1286.28,1252.77,1259.37,5600511.0
2024-09-18,1255.38,1255.39,1223.18,1223.42,4618531.0
2024-09-19,1218.68,1248.5,1203.07,1217.72,5998821.0
2024-09-20,1218.2,1230.18,1207.12,1220.54,3998184.0
2024-09-23,1224.48,1249.1,1217.39,1218.24,4554969.0
2024-09-24,1240.98,1325.87,1221.67,1325.49,10041281.0
2024-09-25,1352.0,1378.02,1348.77,1350.98,7395380.0
2024-09-26,1351.91,1477.36,1348.08,1476.52,9727806.0
2024-09-27,1545.08,1573.28,1511.63,1573.28,8792167.0
2024-09-30,1633.92,1699.47,1595.3,1688.0,15729341.0
2024-10-08,1844.44,1844.44,1622.51,1663.86,19470947.0
2024-10-09,1641.65,1641.65,1535.43,1540.4,12019684.0
2024-10-10,1566.58,1610.83,1536.39,1583.71,7460342.0
2024-10-11,1559.95,1583.67,1535.43,1549.9,4191471.0
2024-10-14,1557.64,1565.0,1526.9,1547.0,4481202.0
2024-10-15,1544.12,1546.04,1499.71,1500.9,4357143.0
2024-10-16,1487.99,1496.61,1458.17,1470.24,4666440.0
2024-10-17,1484.24,1484.88,1442.15,1443.3,3945955.0
2024-10-18,1441.75,1514.03,1428.2,1488.11,6861930.0
2024-10-21,1488.31,1496.77,1469.0,1476.33,4200790.0
2024-10-22,1474.16,1506.63,1471.88,1490.04,3626913.0
2024-10-23,1491.11,1522.82,1479.42,1513.7,4008846.0
2024-10-24,1507.42,1520.94,1491.98,1498.92,2392280.0
2024-10-25,1493.9,1520.74,1492.95,1505.34,2774508.0
2024-10-28,1506.46,1511.28,1469.98,1511.28,3912140.0
2024-10-29,1506.46,1525.77,1477.48,1479.05,4116578.0
2024-10-30,1472.66,1497.95,1471.12,1479.42,3200574.0
2024-10-31,1479.56,1487.14,1467.83,1475.35,2995735.0
2024-11-01,1468.79,1492.1,1468.6,1481.11,3228392.0
2024-11-04,1491.9,1496.8,1475.61,1495.06,2909292.0
2024-11-05,1487.14,1523.55,1483.29,1522.86,4564047.0
2024-11-06,1520.94,1534.45,1507.63,1517.08,3763143.0
2024-11-07,1508.83,1596.75,1508.68,1592.54,7473872.0
2024-11-08,1603.88,1609.89,1546.06,1554.71,6077120.0
2024-11-11,1535.43,1554.69,1513.4,1543.16,4385365.0
2024-11-12,1534.46,1567.29,1519.93,1523.06,4922266.0
2024-11-13,1514.18,1532.2,1507.69,1524.32,2912526.0
2024-11-14,1516.11,1539.72,1511.91,1519.78,2924814.0
2024-11-15,1515.15,1529.44,1499.7,1505.49,3376112.0
2024-11-18,1508.39,1521.9,1501.63,1505.49,2709219.0
2024-11-19,1511.28,1515.5,1472.66,1489.0,3326643.0
2024-11-20,1490.04,1500.63,1478.74,1491.79,2134455.0
2024-11-21,1490.88,1495.82,1479.42,1492.1,1826179.0
2024-11-22,1488.25,1494.64,1456.07,1456.07,3343611.0
2024-11-25,1459.14,1479.42,1445.3,1447.13,3318556.0
2024-11-26,1447.13,1466.75,1437.78,1457.21,2574479.0
2024-11-27,1457.21,1469.9,1453.34,1466.91,2593417.0
2024-11-28,1469.76,1472.65,1450.45,1465.9,2395203.0
2024-11-29,1464.93,1501.63,1461.27,1473.37,3608810.0
2024-12-02,1473.62,1477.48,1463.1,1472.66,2681954.0
2024-12-03,1471.69,1476.42,1464.04,1474.34,2480662.0
2024-12-04,1467.9,1471.36,1458.17,1467.83,2392389.0
2024-12-05,1459.0,1465.76,1458.17,1459.14,1614147.0
2024-12-06,1461.07,1486.08,1456.31,1468.8,3203969.0
2024-12-09,1469.78,1477.21,1461.26,1466.67,1979986.0
2024-12-10,1516.11,1525.51,1492.14,1493.51,6031210.0
2024-12-11,1487.14,1501.63,1478.43,1482.89,2967112.0
2024-12-12,1479.44,1512.25,1476.52,1512.06,4193652.0
2024-12-13,1496.81,1501.62,1466.75,1466.86,4951197.0
2024-12-16,1468.79,1476.52,1458.86,1474.78,3253710.0
2024-12-17,1473.61,1515.15,1468.8,1504.52,5417163.0
2024-12-18,1504.49,1522.87,1494.0,1517.56,4116226.0
2024-12-19,1511.42,1514.11,1497.12,1497.77,2480932.0
2024-12-20,1501.7,1512.16,1490.8,1492.74,2815774.0
2024-12-23,1493.73,1508.44,1487.84,1497.11,2160269.0
2024-12-24,1495.69,1514.32,1492.34,1509.24,2210492.0
2024-12-25,1509.22,1509.22,1496.77,1500.59,1712339.0
2024-12-26,1504.51,1509.2,1493.73,1498.42,1828651.0
2024-12-27,1499.51,1506.48,1490.29,1499.58,2075932.0
2024-12-30,1504.48,1514.28,1495.69,1495.69,2512982.0
2024-12-31,1496.08,1515.3,1492.75,1494.71,3935445.0
2025-01-02,1494.71,1495.19,1451.55,1459.4,5002870.0
2025-01-03,1465.77,1466.25,1438.81,1446.65,3262836.0
2025-01-06,1425.07,1434.54,1405.26,1412.32,4425512.0
2025-01-07,1416.89,1423.98,1411.34,1412.52,2422118.0
2025-01-08,1412.32,1423.91,1399.24,1414.77,3525821.0
2025-01-09,1421.14,1436.43,1405.44,1416.24,2970565.0
2025-01-10,1419.28,1424.04,1408.4,1408.4,2187195.0
2025-01-13,1397.61,1416.68,1394.68,1416.22,2108251.0
2025-01-14,1417.18,1450.26,1414.28,1444.2,3095657.0
2025-01-15,1438.8,1446.26,1431.95,1442.99,1839934.0
2025-01-16,1445.67,1454.16,1414.28,1418.58,2634213.0
2025-01-17,1418.59,1432.92,1418.58,1426.79,1830894.0
2025-01-20,1432.92,1461.15,1431.94,1446.45,3140975.0
2025-01-21,1452.53,1453.51,1436.84,1439.93,1685604.0
2025-01-22,1435.14,1439.73,1410.36,1413.3,2829384.0
2025-01-23,1422.1,1439.78,1410.36,1415.26,2712504.0
2025-01-24,1414.28,1419.96,1402.82,1408.4,3136034.0
2025-01-27,1409.38,1416.21,1399.59,1407.41,2935646.0
2025-02-05,1412.32,1415.26,1375.26,1376.82,4075652.0
2025-02-06,1373.1,1394.66,1373.1,1385.68,2735582.0
2025-02-07,1386.51,1414.95,1376.43,1408.4,3724207.0
2025-02-10,1410.36,1412.32,1399.66,1403.99,2083979.0
2025-02-11,1407.37,1408.36,1388.68,1390.74,2357283.0
2025-02-12,1390.74,1417.22,1389.64,1415.26,2547579.0
2025-02-13,1415.28,1446.89,1406.94,1436.9,4338536.0
2025-02-14,1436.9,1448.61,1430.19,1446.65,2709992.0
2025-02-17,1452.53,1466.24,1438.9,1443.33,3247059.0
2025-02-18,1441.74,1464.29,1433.98,1446.65,2779992.0
2025-02-19,1446.7,1465.71,1436.74,1462.34,3239331.0
2025-02-20,1454.49,1463.29,1445.07,1445.67,2374973.0
2025-02-21,1451.55,1467.96,1444.7,1459.6,3641783.0
2025-02-24,1459.4,1470.7,1445.67,1450.64,3474373.0
2025-02-25,1441.75,1445.07,1424.09,1426.05,2838743.0
2025-02-26,1427.47,1436.8,1417.22,1431.95,2636609.0
2025-02-27,1431.96,1461.26,1426.05,1457.0,4976217.0
2025-02-28,1456.95,1499.0,1453.51,1471.94,5612895.0
2025-03-03,1473.72,1491.75,1453.02,1458.44,3159566.0
2025-03-04,1456.46,1457.44,1437.05,1441.85,2521121.0
2025-03-05,1443.71,1445.67,1432.03,1438.18,2460522.0
2025-03-06,1445.67,1481.17,1443.78,1477.03,4216764.0
2025-03-07,1474.11,1498.98,1474.11,1491.76,3799135.0
2025-03-10,1490.6,1497.53,1477.19,1493.63,3136907.0
2025-03-11,1487.84,1518.91,1482.94,1518.91,3977560.0
2025-03-12,1517.22,1519.89,1497.01,1512.93,2960396.0
2025-03-13,1514.32,1525.6,1501.45,1508.21,2572439.0
2025-03-14,1517.91,1596.72,1511.38,1596.72,9291315.0
2025-03-17,1625.15,1626.12,1595.61,1606.38,5468913.0
2025-03-18,1613.42,1620.25,1590.53,1592.78,3161345.0
2025-03-19,1593.07,1616.32,1591.8,1604.27,2738955.0
2025-03-20,1604.27,1606.12,1564.41,1573.17,3673677.0
2025-03-21,1568.26,1581.21,1538.67,1543.5,3361430.0
2025-03-24,1539.82,1559.1,1532.35,1552.57,2556585.0
2025-03-25,1557.48,1562.18,1536.55,1545.22,1767438.0
2025-03-26,1542.54,1552.16,1540.8,1545.71,1432356.0
2025-03-27,1545.71,1567.53,1543.14,1558.46,1795563.0
2025-03-28,1560.35,1562.38,1545.71,1554.74,1622789.0
2025-03-31,1550.59,1556.46,1530.07,1530.99,2108494.0
2025-04-01,1533.94,1539.71,1522.37,1526.11,1855644.0
2025-04-02,1528.05,1537.66,1515.79,1519.24,2167401.0
2025-04-03,1500.59,1555.51,1499.62,1538.72,3548050.0
2025-04-07,1490.79,1507.31,1433.9,1471.17,10195267.0
2025-04-08,1483.92,1515.3,1466.26,1515.3,7387649.0
2025-04-09,1495.71,1526.88,1491.32,1511.42,5563004.0
2025-04-10,1521.18,1525.11,1498.63,1519.23,3862021.0
2025-04-11,1549.6,1549.6,1515.3,1538.82,3263423.0
2025-04-14,1530.97,1535.9,1521.71,1522.16,2171144.0
2025-04-15,1522.17,1534.92,1515.3,1528.05,2148928.0
2025-04-16,1522.17,1545.71,1507.46,1529.2,3115605.0
2025-04-17,1524.13,1546.2,1520.2,1539.82,2384605.0
2025-04-18,1535.9,1544.73,1526.09,1535.84,2029848.0
2025-04-21,1535.41,1535.41,1521.19,1521.19,1805703.0
2025-04-22,1520.21,1526.38,1513.55,1519.03,1843214.0
2025-04-23,1529.03,1529.25,1515.3,1522.17,1866876.0
2025-04-24,1522.17,1530.68,1519.21,1522.41,1487181.0
2025-04-25,1527.17,1531.19,1520.21,1520.21,1476490.0
2025-04-28,1522.17,1525.11,1516.87,1520.21,1465972.0
2025-04-29,1520.21,1522.7,1502.57,1514.32,1892180.0
2025-04-30,1520.2,1536.55,1516.58,1517.26,2575425.0
2025-05-06,1529.03,1529.03,1514.64,1520.4,1830026.0
2025-05-07,1539.82,1539.82,1520.4,1525.11,2746221.0
2025-05-08,1523.15,1562.16,1520.04,1547.85,3348106.0
2025-05-09,1548.64,1566.74,1544.77,1560.59,2367190.0
2025-05-12,1567.28,1587.81,1565.92,1573.66,2473533.0
2025-05-13,1577.99,1577.99,1554.64,1559.73,2125829.0
2025-05-14,1559.44,1613.38,1557.65,1603.56,3946012.0
2025-05-15,1603.38,1612.0,1592.91,1600.64,2473285.0
2025-05-16,1602.58,1605.52,1583.1,1583.1,2293522.0
2025-05-19,1565.32,1569.24,1543.63,1548.63,3806283.0
2025-05-20,1549.63,1564.14,1544.82,1555.51,1952153.0
2025-05-21,1554.53,1565.26,1550.58,1550.58,1979464.0
2025-05-22,1550.6,1554.52,1539.92,1549.63,1509024.0
2025-05-23,1544.92,1557.38,1541.45,1542.37,2153700.0
2025-05-26,1539.82,1544.36,1515.3,1520.7,2708653.0
2025-05-27,1521.19,1528.64,1513.84,1514.22,1775213.0
2025-05-28,1514.31,1516.73,1503.53,1507.46,1626568.0
2025-05-29,1510.4,1525.11,1502.55,1510.4,2185958.0
2025-05-30,1510.55,1515.3,1486.11,1492.74,3123918.0
2025-06-03,1479.02,1489.8,1476.09,1479.99,2897918.0
2025-06-04,1481.47,1493.73,1480.21,1480.94,2300809.0
2025-06-05,1484.9,1486.86,1473.32,1484.9,2321366.0
2025-06-06,1484.7,1489.77,1474.11,1477.43,2502307.0
2025-06-09,1476.09,1479.7,1457.12,1457.54,4495867.0
2025-06-10,1457.44,1463.32,1446.45,1446.66,3049220.0
2025-06-11,1448.41,1465.28,1447.73,1451.55,3089282.0
2025-06-12,1451.55,1455.35,1426.15,1430.96,4990361.0
2025-06-13,1416.65,1422.1,1397.67,1399.52,5911325.0
2025-06-16,1374.27,1397.65,1374.25,1394.95,4288787.0
2025-06-17,1392.7,1399.57,1385.04,1399.57,2723151.0
2025-06-18,1412.32,1415.69,1393.7,1397.61,3076099.0
2025-06-19,1398.59,1406.11,1389.94,1398.59,2450072.0
2025-06-20,1396.22,1413.44,1392.9,1401.2,3481581.0
2025-06-23,1392.7,1405.45,1378.17,1392.7,2672331.0
2025-06-24,1395.99,1423.78,1395.99,1409.57,3631151.0
2025-06-25,1411.45,1421.34,1393.21,1408.26,4105007.0
2025-06-26,1415.0,1428.0,1410.08,1420.0,3486025.0
2025-06-27,1420.01,1423.0,1403.09,1403.09,3824973.0
2025-06-30,1403.5,1413.23,1402.0,1409.52,3045730.0
2025-07-01,1409.0,1411.94,1403.31,1405.1,1987819.0
2025-07-02,1409.5,1414.8,1400.0,1409.6,2621825.0
2025-07-03,1412.0,1422.69,1408.0,1415.6,2441267.0
2025-07-04,1415.7,1431.89,1410.01,1422.22,2876691.0
2025-07-07,1422.28,1423.5,1410.01,1410.7,2385467.0
2025-07-08,1410.71,1420.0,1410.7,1416.11,1867370.0
2025-07-09,1415.0,1429.97,1414.17,1418.88,2774532.0
2025-07-10,1418.97,1436.18,1410.4,1426.5,3872503.0
2025-07-11,1423.16,1458.0,1423.16,1427.0,5724335.0
2025-07-14,1430.0,1434.98,1421.6,1423.6,2778094.0
2025-07-15,1420.98,1422.93,1408.32,1411.0,3540578.0
2025-07-16,1410.01,1417.49,1409.95,1411.03,2128605.0
2025-07-17,1413.98,1423.01,1412.88,1416.35,2310554.0
2025-07-18,1420.0,1437.81,1416.38,1437.0,4182341.0
2025-07-21,1436.99,1446.8,1435.0,1443.0,2620331.0
2025-07-22,1444.0,1466.6,1440.68,1464.98,4211898.0
2025-07-23,1469.0,1495.0,1468.95,1475.5,4504484.0
2025-07-24,1476.0,1499.0,1475.0,1491.5,3880364.0
2025-07-25,1491.4,1491.4,1453.0,1455.0,4191126.0
2025-07-28,1453.0,1454.99,1436.3,1438.66,3858632.0
2025-07-29,1439.6,1448.79,1435.01,1439.0,2630408.0
2025-07-30,1444.0,1457.16,1437.0,1449.44,3186771.0
2025-07-31,1443.0,1444.87,1418.0,1421.67,5179751.0
2025-08-01,1421.87,1425.96,1414.0,1417.0,2963559.0
2025-08-04,1415.0,1419.8,1414.0,1419.0,1868795.0
2025-08-05,1421.0,1429.94,1417.11,1427.74,2534227.0
2025-08-06,1429.0,1429.0,1419.3,1423.88,2369928.0
2025-08-07,1423.88,1427.7,1420.06,1422.35,2800134.0
2025-08-08,1423.05,1426.5,1418.0,1420.97,1865528.0
2025-08-11,1423.5,1451.99,1423.0,1445.0,4715907.0
2025-08-12,1449.0,1465.07,1436.0,1437.04,4201923.0
2025-08-13,1425.0,1433.68,1420.0,1420.05,6552754.0
2025-08-14,1420.94,1447.51,1420.94,1426.99,4812930.0
2025-08-15,1426.01,1428.66,1420.22,1422.08,4758165.0
2025-08-18,1426.99,1436.64,1423.1,1428.5,4737798.0
2025-08-19,1433.5,1446.66,1432.0,1438.0,4637186.0
2025-08-20,1438.0,1452.8,1430.02,1450.0,4580466.0
2025-08-21,1453.45,1454.99,1443.65,1448.25,3089057.0
2025-08-22,1448.88,1464.0,1444.77,1463.95,4497058.0
2025-08-25,1470.01,1496.0,1466.0,1490.33,6532455.0
2025-08-26,1490.32,1494.23,1480.01,1481.61,3960213.0
2025-08-27,1481.88,1484.93,1448.0,1448.0,5600609.0
2025-08-28,1447.97,1456.1,1438.77,1446.1,3928177.0
2025-08-29,1453.0,1482.58,1452.0,1480.0,6225648.0
2025-09-01,1482.2,1488.0,1465.7,1476.1,4512338.0
2025-09-02,1478.66,1509.0,1478.0,1491.3,5668837.0
2025-09-03,1491.0,1503.5,1466.0,1480.55,4504503.0
2025-09-04,1472.0,1479.3,1460.47,1472.66,4774676.0
2025-09-05,1471.0,1486.97,1464.0,1483.0,3738848.0
2025-09-08,1483.0,1506.44,1477.5,1501.23,5138298.0
2025-09-09,1505.0,1509.95,1493.42,1505.0,3574277.0
2025-09-10,1506.66,1529.95,1496.0,1522.01,4966331.0
2025-09-11,1522.01,1526.02,1508.5,1523.5,3723896.0
2025-09-12,1526.0,1538.02,1510.53,1516.0,3372209.0
2025-09-15,1515.87,1517.48,1501.5,1515.1,2582703.0
2025-09-16,1515.1,1520.99,1496.21,1499.98,3271789.0
2025-09-17,1499.99,1510.28,1490.01,1493.0,3033054.0
2025-09-18,1492.0,1497.8,1463.5,1467.96,4972125.0
2025-09-19,1467.99,1475.5,1457.01,1467.97,3263662.0
