Date,Open,High,Low,Close,Volume
1998-06-09,3.62,3.71,3.46,3.61,25865000.0
1998-06-10,3.6,3.84,3.59,3.68,10812800.0
1998-06-11,3.67,3.67,3.42,3.44,5337800.0
1998-06-12,3.56,3.62,3.46,3.51,5020500.0
1998-06-15,3.51,3.51,3.29,3.32,3573800.0
1998-06-16,3.28,3.39,3.26,3.35,2602700.0
1998-06-17,3.35,3.36,3.21,3.25,2900400.0
1998-06-18,3.28,3.34,3.24,3.28,1356800.0
1998-06-19,3.3,3.45,3.29,3.38,2339100.0
1998-06-22,3.42,3.5,3.36,3.42,2551500.0
1998-06-23,3.39,3.51,3.33,3.5,2052500.0
1998-06-24,3.5,3.55,3.42,3.47,1454400.0
1998-06-25,3.46,3.49,3.33,3.35,1256000.0
1998-06-26,3.33,3.39,3.31,3.34,1063400.0
1998-06-29,3.33,3.34,3.26,3.29,1195500.0
1998-06-30,3.29,3.35,3.25,3.29,593500.0
1998-07-01,3.41,3.42,3.25,3.26,688600.0
1998-07-02,3.27,3.36,3.25,3.34,809200.0
1998-07-03,3.34,3.34,3.28,3.3,635800.0
1998-07-06,3.29,3.29,3.16,3.17,1181100.0
1998-07-07,3.16,3.2,3.11,3.19,521800.0
1998-07-08,3.2,3.23,3.16,3.18,401500.0
1998-07-09,3.18,3.25,3.15,3.2,387200.0
1998-07-10,3.2,3.29,3.19,3.27,656100.0
1998-07-13,3.26,3.28,3.2,3.22,474700.0
1998-07-14,3.23,3.23,3.15,3.16,708700.0
1998-07-15,3.15,3.21,3.11,3.18,400500.0
1998-07-16,3.2,3.22,3.13,3.16,383200.0
1998-07-17,3.16,3.2,3.15,3.16,434900.0
1998-07-20,3.17,3.17,2.98,3.0,718000.0
1998-07-21,2.98,3.06,2.98,3.05,411300.0
1998-07-22,3.05,3.08,3.0,3.02,508200.0
1998-07-23,3.02,3.11,3.02,3.09,422200.0
1998-07-24,3.09,3.15,3.06,3.11,461400.0
1998-07-27,3.1,3.11,3.03,3.04,329000.0
1998-07-28,3.04,3.14,3.03,3.14,461200.0
1998-07-29,3.13,3.15,3.06,3.09,357800.0
1998-07-30,3.08,3.11,3.06,3.07,270900.0
1998-07-31,3.07,3.12,3.06,3.06,249600.0
1998-08-03,3.03,3.06,3.0,3.01,303300.0
1998-08-04,3.0,3.03,2.94,2.99,480400.0
1998-08-05,2.99,3.05,2.95,3.03,284200.0
1998-08-06,3.0,3.06,2.94,3.02,345100.0
1998-08-07,2.97,2.99,2.88,2.89,694400.0
1998-08-10,2.87,2.87,2.76,2.77,676400.0
1998-08-11,2.75,2.8,2.7,2.7,507400.0
1998-08-12,2.68,2.77,2.61,2.72,672500.0
1998-08-13,2.8,2.8,2.67,2.72,409500.0
1998-08-14,2.71,2.71,2.54,2.57,640100.0
1998-08-17,2.51,2.53,2.31,2.31,839500.0
1998-08-18,2.27,2.43,2.22,2.33,666400.0
1998-08-19,2.35,2.49,2.33,2.46,728700.0
1998-08-20,2.46,2.57,2.4,2.55,1140700.0
1998-08-21,2.56,2.58,2.48,2.57,749900.0
1998-08-24,2.54,2.65,2.51,2.57,863000.0
1998-08-25,2.57,2.58,2.48,2.55,538300.0
1998-08-26,2.51,2.56,2.5,2.51,336900.0
1998-08-27,2.48,2.61,2.46,2.56,757600.0
1998-08-28,2.54,2.6,2.5,2.53,618000.0
1998-08-31,2.51,2.66,2.36,2.63,901900.0
1998-09-01,2.6,2.73,2.55,2.64,1422100.0
1998-09-02,2.64,2.69,2.6,2.65,651400.0
1998-09-03,2.64,2.7,2.63,2.63,434100.0
1998-09-04,2.64,2.69,2.64,2.66,419300.0
1998-09-07,2.67,2.75,2.66,2.74,689600.0
1998-09-08,2.74,2.75,2.67,2.67,784200.0
1998-09-09,2.64,2.74,2.64,2.72,634700.0
1998-09-10,2.74,2.85,2.73,2.81,1248900.0
1998-09-11,2.8,2.84,2.75,2.75,757800.0
1998-09-14,2.75,2.9,2.75,2.88,1158000.0
1998-09-15,2.88,2.88,2.74,2.79,881800.0
1998-09-16,2.78,2.84,2.74,2.81,804900.0
1998-09-17,2.8,2.85,2.67,2.7,974200.0
1998-09-18,2.67,2.73,2.62,2.65,713200.0
1998-09-21,2.63,2.7,2.58,2.69,507100.0
1998-09-22,2.7,2.7,2.65,2.67,355000.0
1998-09-23,2.69,2.76,2.66,2.74,622400.0
1998-09-24,2.77,2.77,2.64,2.64,460700.0
1998-09-25,2.64,2.7,2.62,2.7,435300.0
1998-09-28,2.71,2.78,2.68,2.74,534000.0
1998-09-29,2.74,2.8,2.74,2.75,688900.0
1998-09-30,2.76,2.82,2.76,2.8,695300.0
1998-10-05,2.81,2.95,2.8,2.94,2457000.0
1998-10-06,2.95,2.95,2.84,2.85,1507400.0
1998-10-07,2.83,2.87,2.78,2.78,667100.0
1998-10-08,2.8,2.91,2.8,2.9,756600.0
1998-10-09,2.89,2.92,2.83,2.88,817600.0
1998-10-12,2.9,2.95,2.81,2.92,1007300.0
1998-10-13,2.93,2.99,2.88,2.91,1192100.0
1998-10-14,2.9,2.91,2.85,2.88,444100.0
1998-10-15,2.89,2.92,2.84,2.92,654600.0
1998-10-16,2.93,3.01,2.91,2.91,1296400.0
1998-10-19,2.9,2.94,2.86,2.9,702700.0
1998-10-20,2.91,2.92,2.83,2.86,513100.0
1998-10-21,2.84,2.87,2.73,2.74,701600.0
1998-10-22,2.74,2.77,2.67,2.75,787200.0
1998-10-23,2.75,2.8,2.74,2.75,625300.0
1998-10-26,2.73,2.74,2.67,2.71,535700.0
1998-10-27,2.68,2.79,2.68,2.77,442800.0
1998-10-28,2.77,2.88,2.75,2.83,510100.0
1998-10-29,2.86,2.86,2.8,2.8,422800.0
1998-10-30,2.77,2.97,2.77,2.84,790500.0
1998-11-02,2.84,2.9,2.8,2.9,456200.0
1998-11-03,2.92,2.95,2.88,2.92,918500.0
1998-11-04,2.92,2.95,2.86,2.87,543400.0
1998-11-05,2.85,2.96,2.84,2.94,986300.0
1998-11-06,2.96,3.0,2.9,2.91,1346800.0
1998-11-09,2.91,3.02,2.9,3.01,1735000.0
1998-11-10,3.01,3.01,2.93,2.96,821000.0
1998-11-11,2.95,2.99,2.9,2.92,711200.0
1998-11-12,2.93,2.93,2.86,2.87,835900.0
1998-11-13,2.86,2.93,2.86,2.92,567100.0
1998-11-16,2.9,2.95,2.87,2.91,580900.0
1998-11-17,2.92,2.92,2.87,2.89,490800.0
1998-11-18,2.89,2.94,2.88,2.93,510700.0
1998-11-19,2.92,3.01,2.9,2.94,1642900.0
1998-11-20,2.95,3.06,2.95,3.05,2377400.0
1998-11-23,3.06,3.12,3.01,3.02,2258400.0
1998-11-24,3.02,3.07,3.02,3.03,729200.0
1998-11-25,3.03,3.06,2.9,2.92,910900.0
1998-11-26,2.9,2.96,2.9,2.92,559900.0
1998-11-27,2.9,2.94,2.84,2.84,511500.0
1998-11-30,2.85,2.9,2.84,2.88,329700.0
1998-12-01,2.91,2.91,2.86,2.86,298200.0
1998-12-02,2.86,2.86,2.78,2.83,440300.0
1998-12-03,2.82,2.86,2.8,2.81,234000.0
1998-12-04,2.8,2.83,2.74,2.75,337800.0
1998-12-07,2.8,2.83,2.73,2.75,314900.0
1998-12-08,2.75,2.79,2.74,2.77,130900.0
1998-12-09,2.77,2.8,2.77,2.8,138500.0
1998-12-10,2.8,2.8,2.73,2.73,172700.0
1998-12-11,2.71,2.75,2.69,2.75,205000.0
1998-12-14,2.75,2.75,2.69,2.69,150700.0
1998-12-15,2.68,2.73,2.64,2.72,250000.0
1998-12-16,2.72,2.73,2.66,2.67,166600.0
1998-12-17,2.64,2.69,2.61,2.62,482100.0
1998-12-18,2.63,2.66,2.6,2.6,215400.0
1998-12-21,2.6,2.63,2.58,2.61,177300.0
1998-12-22,2.62,2.7,2.61,2.7,197400.0
1998-12-23,2.7,2.71,2.65,2.65,154200.0
1998-12-24,2.64,2.67,2.64,2.66,136400.0
1998-12-25,2.66,2.7,2.65,2.66,165500.0
1998-12-28,2.66,2.71,2.61,2.63,156400.0
1998-12-29,2.62,2.65,2.59,2.61,222000.0
1998-12-30,2.61,2.64,2.53,2.61,268000.0
1998-12-31,2.65,2.65,2.57,2.6,261000.0
1999-01-04,2.56,2.61,2.51,2.51,151300.0
1999-01-05,2.49,2.54,2.47,2.51,204300.0
1999-01-06,2.53,2.58,2.51,2.54,137500.0
1999-01-07,2.56,2.57,2.51,2.53,137900.0
1999-01-08,2.53,2.63,2.53,2.61,217100.0
1999-01-11,2.62,2.64,2.57,2.62,211300.0
1999-01-12,2.62,2.63,2.58,2.6,194400.0
1999-01-13,2.6,2.62,2.57,2.58,156500.0
1999-01-14,2.58,2.61,2.57,2.59,169400.0
1999-01-15,2.61,2.61,2.55,2.55,147400.0
1999-01-18,2.54,2.56,2.45,2.55,378900.0
1999-01-19,2.56,2.59,2.54,2.59,220500.0
1999-01-20,2.61,2.61,2.49,2.54,182900.0
1999-01-21,2.51,2.57,2.5,2.56,178200.0
1999-01-22,2.58,2.63,2.58,2.62,321600.0
1999-01-25,2.61,2.64,2.59,2.61,194200.0
1999-01-26,2.61,2.61,2.54,2.55,168800.0
1999-01-27,2.54,2.59,2.54,2.57,169400.0
1999-01-28,2.54,2.58,2.51,2.53,249400.0
1999-01-29,2.51,2.54,2.49,2.49,177300.0
1999-02-01,2.49,2.51,2.46,2.48,148200.0
1999-02-02,2.47,2.51,2.46,2.49,109500.0
1999-02-03,2.48,2.54,2.48,2.5,190100.0
1999-02-04,2.49,2.52,2.47,2.48,160600.0
1999-02-05,2.49,2.49,2.43,2.45,294500.0
1999-02-08,2.45,2.48,2.42,2.42,249900.0
1999-02-09,2.48,2.49,2.41,2.46,182300.0
1999-03-01,2.45,2.45,2.39,2.44,115800.0
1999-03-02,2.45,2.54,2.41,2.51,279800.0
1999-03-03,2.5,2.62,2.46,2.62,514600.0
1999-03-04,2.61,2.64,2.56,2.64,355500.0
1999-03-05,2.63,2.66,2.58,2.61,269200.0
1999-03-08,2.61,2.61,2.58,2.61,185600.0
1999-03-09,2.62,2.64,2.57,2.59,252700.0
1999-03-10,2.59,2.66,2.56,2.66,244300.0
1999-03-11,2.64,2.72,2.64,2.72,706200.0
1999-03-12,2.71,2.78,2.69,2.74,1342600.0
1999-03-15,2.76,2.78,2.69,2.71,834600.0
1999-03-16,2.71,2.72,2.67,2.71,318100.0
1999-03-17,2.71,2.71,2.65,2.68,485600.0
1999-03-18,2.64,2.66,2.63,2.64,342400.0
1999-03-19,2.63,2.71,2.61,2.7,342900.0
1999-03-22,2.71,2.79,2.69,2.77,1036800.0
1999-03-23,2.76,2.82,2.71,2.73,832200.0
1999-03-24,2.73,2.75,2.69,2.71,189600.0
1999-03-25,2.7,2.75,2.68,2.68,304500.0
1999-03-26,2.67,2.72,2.67,2.7,207500.0
1999-03-29,2.69,2.75,2.68,2.73,381100.0
1999-03-30,2.74,2.75,2.67,2.67,515200.0
1999-03-31,2.64,2.75,2.64,2.71,683900.0
1999-04-01,2.73,2.73,2.67,2.71,267900.0
1999-04-02,2.73,2.82,2.66,2.77,914300.0
1999-04-05,2.77,2.86,2.76,2.82,1405600.0
1999-04-06,2.82,2.86,2.8,2.84,727000.0
1999-04-07,2.84,2.89,2.77,2.84,816900.0
1999-04-08,2.84,2.85,2.78,2.8,524700.0
1999-04-09,2.79,2.8,2.71,2.75,642100.0
1999-04-12,2.76,2.76,2.67,2.68,545500.0
1999-04-13,2.67,2.69,2.61,2.61,505200.0
1999-04-14,2.59,2.65,2.59,2.64,283500.0
1999-04-15,2.64,2.69,2.61,2.62,688900.0
1999-04-16,2.63,2.67,2.61,2.64,602800.0
1999-04-19,2.66,2.67,2.62,2.67,337400.0
1999-04-20,2.67,2.76,2.67,2.76,441300.0
1999-04-21,2.74,2.77,2.67,2.74,574100.0
1999-04-22,2.72,2.72,2.61,2.72,632500.0
1999-04-23,2.72,2.74,2.66,2.74,383100.0
1999-04-26,2.71,2.74,2.66,2.72,361600.0
1999-04-27,2.67,2.71,2.61,2.68,370100.0
1999-04-28,2.67,2.8,2.67,2.79,1319200.0
1999-04-29,2.77,2.86,2.76,2.86,1628000.0
1999-04-30,2.87,2.9,2.82,2.82,1173700.0
1999-05-04,2.82,2.97,2.8,2.87,2184100.0
1999-05-05,2.85,2.9,2.77,2.84,949800.0
1999-05-06,2.82,2.87,2.79,2.8,749500.0
1999-05-07,2.85,2.85,2.8,2.83,462300.0
1999-05-10,2.8,2.8,2.64,2.7,857300.0
1999-05-11,2.67,2.77,2.67,2.76,469900.0
1999-05-12,2.76,2.76,2.67,2.73,277900.0
1999-05-13,2.72,2.74,2.64,2.71,218900.0
1999-05-14,2.64,2.7,2.6,2.61,466200.0
1999-05-17,2.58,2.61,2.5,2.51,325900.0
1999-05-18,2.51,2.58,2.5,2.51,324000.0
1999-05-19,2.51,2.76,2.51,2.67,1164700.0
1999-05-20,2.71,2.87,2.67,2.87,1052300.0
1999-05-21,2.87,2.95,2.79,2.89,2238900.0
1999-05-24,2.89,2.94,2.82,2.89,1540900.0
1999-05-25,2.93,3.15,2.87,3.03,4679600.0
1999-05-26,3.0,3.15,2.97,3.13,3003200.0
1999-05-27,3.15,3.22,2.99,3.2,6248800.0
1999-05-28,3.2,3.2,3.03,3.16,2330300.0
1999-05-31,3.14,3.47,3.1,3.46,6703000.0
1999-06-01,3.52,3.62,3.39,3.62,5322600.0
1999-06-02,3.59,3.75,3.45,3.64,4136200.0
1999-06-03,3.58,3.99,3.5,3.95,6412900.0
1999-06-04,3.97,4.14,3.85,4.13,4887800.0
1999-06-07,4.11,4.54,4.07,4.54,4257400.0
1999-06-08,4.56,4.75,4.42,4.51,3616900.0
1999-06-09,4.47,4.48,4.06,4.29,9232000.0
1999-06-10,4.24,4.56,4.17,4.46,5408500.0
1999-06-14,4.42,4.5,4.11,4.5,4088800.0
1999-06-15,4.37,4.5,4.21,4.37,2863800.0
1999-06-16,4.27,4.8,4.27,4.8,5578800.0
1999-06-17,4.91,5.22,4.74,5.12,6290900.0
1999-06-18,5.38,5.51,4.85,4.99,2119000.0
1999-06-21,4.88,5.02,4.73,5.0,2815500.0
1999-06-22,5.02,5.02,4.83,4.96,1732900.0
1999-06-23,4.94,5.0,4.81,4.89,1667100.0
1999-06-24,4.93,5.25,4.93,5.05,2843400.0
1999-06-25,5.05,5.24,4.56,4.66,3273100.0
1999-06-28,4.7,4.73,4.47,4.7,3293200.0
1999-06-29,4.73,4.83,4.46,4.48,3215300.0
1999-06-30,4.4,4.82,4.11,4.6,6034200.0
1999-07-01,4.56,4.73,4.14,4.39,2761700.0
1999-07-02,4.5,4.73,4.4,4.73,2104200.0
1999-07-05,4.87,5.19,4.73,4.74,3476900.0
1999-07-06,4.76,4.94,4.43,4.46,1465500.0
1999-07-07,4.47,4.69,4.36,4.62,1303000.0
1999-07-08,4.59,4.79,4.5,4.74,1251200.0
1999-07-09,4.74,4.84,4.67,4.84,1061700.0
1999-07-12,4.83,4.89,4.56,4.75,887700.0
1999-07-13,4.56,4.71,4.56,4.71,633200.0
1999-07-14,4.69,4.89,4.57,4.89,1532000.0
1999-07-15,4.92,4.98,4.8,4.98,2247200.0
1999-07-16,4.99,5.06,4.83,4.89,2066200.0
1999-07-19,4.82,4.83,4.53,4.56,1065580.0
1999-07-20,4.5,4.83,4.48,4.81,1099900.0
1999-07-21,4.83,5.15,4.73,5.15,2891200.0
1999-07-22,5.15,5.17,4.92,5.05,2162700.0
1999-07-23,4.9,5.56,4.9,5.56,3602800.0
1999-07-26,5.71,5.73,5.25,5.58,4773300.0
1999-07-27,5.45,5.76,5.44,5.7,2409700.0
1999-07-28,5.71,5.73,5.44,5.61,1606200.0
1999-07-29,5.55,5.97,5.55,5.8,898600.0
1999-07-30,5.93,5.93,5.28,5.83,1012100.0
1999-08-02,5.61,5.87,5.58,5.79,828000.0
1999-08-03,5.61,5.67,5.35,5.49,1230200.0
1999-08-04,5.44,5.61,5.22,5.47,1673300.0
1999-08-05,5.38,5.54,5.29,5.52,1133100.0
1999-08-06,5.43,5.55,5.27,5.43,996000.0
1999-08-09,5.33,5.42,5.13,5.37,639200.0
1999-08-10,5.33,5.33,5.18,5.25,863000.0
1999-08-11,5.33,5.41,5.19,5.39,1389800.0
1999-08-12,5.33,5.45,5.22,5.38,2486900.0
1999-08-13,5.36,5.39,5.3,5.38,670100.0
1999-08-16,5.26,5.39,5.23,5.34,331400.0
1999-08-17,5.33,5.41,5.23,5.36,4161500.0
1999-08-18,5.2,5.42,5.2,5.42,3716000.0
1999-08-19,5.36,5.95,5.36,5.85,4060400.0
1999-08-20,5.89,6.17,5.89,6.08,3854500.0
1999-08-23,6.05,6.07,5.66,5.96,1019300.0
1999-08-24,5.98,6.25,5.79,5.98,3823800.0
1999-08-25,5.92,6.04,5.81,5.84,550500.0
1999-08-26,5.92,5.94,5.67,5.74,3283700.0
1999-08-27,5.75,5.85,5.59,5.65,673400.0
1999-08-30,5.76,5.89,5.64,5.76,269900.0
1999-08-31,5.68,6.02,5.6,5.75,398900.0
1999-09-01,5.68,5.84,5.59,5.72,716500.0
1999-09-02,5.68,5.73,5.63,5.73,715300.0
1999-09-03,5.68,5.84,5.68,5.74,379300.0
1999-09-06,5.68,5.8,5.56,5.68,388600.0
1999-09-07,5.68,5.72,5.6,5.68,231100.0
1999-09-08,5.68,5.71,5.64,5.68,123700.0
1999-09-09,5.68,6.09,5.68,6.08,1307400.0
1999-09-10,6.05,6.18,5.76,5.9,502900.0
1999-09-13,5.85,6.09,5.72,5.87,361500.0
1999-09-14,5.85,5.96,5.61,5.72,415500.0
1999-09-15,5.72,5.78,5.49,5.62,426100.0
1999-09-16,5.62,5.67,5.55,5.62,286000.0
1999-09-17,5.62,5.76,5.56,5.72,515200.0
1999-09-20,5.68,5.76,5.66,5.7,110400.0
1999-09-21,5.7,5.76,5.6,5.69,201900.0
1999-09-22,5.65,5.74,5.56,5.65,116600.0
1999-09-23,5.65,5.75,5.53,5.65,115100.0
1999-09-24,5.63,5.73,5.56,5.66,257500.0
1999-09-27,5.63,5.72,5.59,5.66,57900.0
1999-09-29,5.64,5.71,5.53,5.64,121100.0
1999-09-30,5.61,5.69,5.59,5.62,110300.0
1999-10-08,5.61,5.68,5.53,5.61,86000.0
1999-10-11,5.6,5.6,5.53,5.56,49400.0
1999-10-12,5.56,5.59,5.43,5.56,175900.0
1999-10-13,5.54,5.59,5.46,5.55,165500.0
1999-10-14,5.53,5.53,5.45,5.49,127600.0
1999-10-15,5.49,5.52,5.39,5.45,198000.0
1999-10-18,5.45,5.49,5.39,5.49,423000.0
1999-10-19,5.43,5.55,5.42,5.44,146600.0
1999-10-20,5.39,5.49,5.39,5.46,124600.0
1999-10-21,5.39,5.46,5.3,5.39,202100.0
1999-10-22,5.33,5.49,5.33,5.45,301200.0
1999-10-25,5.39,5.56,5.39,5.45,74800.0
1999-10-26,5.4,5.47,5.39,5.45,96000.0
1999-10-27,5.41,5.54,5.41,5.54,320500.0
1999-10-28,5.48,5.59,5.44,5.53,225100.0
1999-10-29,5.49,5.55,5.43,5.53,77900.0
1999-11-01,5.49,5.55,5.48,5.52,50300.0
1999-11-02,5.48,5.52,5.44,5.51,67600.0
1999-11-03,5.46,5.51,5.43,5.49,52700.0
1999-11-04,5.45,5.51,5.42,5.48,34700.0
1999-11-05,5.44,5.51,5.4,5.46,72000.0
1999-11-08,5.39,5.46,5.38,5.42,43800.0
1999-11-09,5.37,5.45,5.26,5.38,124600.0
1999-11-10,5.36,5.42,5.33,5.37,85800.0
1999-11-11,5.33,5.39,5.26,5.35,116900.0
1999-11-12,5.29,5.37,5.26,5.34,54700.0
1999-11-15,5.31,5.35,5.25,5.33,701700.0
1999-11-16,5.2,5.35,5.16,5.35,2495800.0
1999-11-17,5.33,5.49,5.33,5.49,1636200.0
1999-11-18,5.5,5.62,5.49,5.62,1664800.0
1999-11-19,5.62,5.62,5.39,5.49,1041600.0
1999-11-22,5.39,5.51,5.33,5.51,909600.0
1999-11-23,5.46,5.49,5.43,5.49,128600.0
1999-11-24,5.48,5.49,5.39,5.46,146200.0
1999-11-25,5.39,5.46,5.35,5.43,154800.0
1999-11-26,5.41,5.46,5.33,5.46,1811100.0
1999-11-29,5.39,5.44,5.39,5.44,176700.0
1999-11-30,5.39,5.46,5.36,5.39,183900.0
1999-12-01,5.36,5.42,5.31,5.36,266200.0
1999-12-02,5.33,5.46,5.22,5.3,841800.0
1999-12-03,5.26,5.39,5.23,5.29,482000.0
1999-12-06,5.29,5.33,5.2,5.26,196900.0
1999-12-07,5.28,5.29,5.2,5.25,218800.0
1999-12-08,5.26,5.26,5.16,5.2,207500.0
1999-12-09,5.2,5.21,5.15,5.17,181400.0
1999-12-10,5.17,5.28,5.13,5.28,306601.0
1999-12-13,5.26,5.26,5.2,5.25,232400.0
1999-12-14,5.18,5.23,5.15,5.19,297400.0
1999-12-15,5.18,5.36,5.13,5.33,418300.0
1999-12-16,5.2,5.32,5.18,5.3,176300.0
1999-12-17,5.26,5.37,5.16,5.26,174200.0
1999-12-21,5.21,5.26,5.13,5.21,72500.0
1999-12-22,5.16,5.22,5.13,5.22,309300.0
1999-12-23,5.2,5.26,5.13,5.23,93906.0
1999-12-24,5.2,5.26,5.16,5.26,193400.0
1999-12-27,5.21,5.26,5.13,5.24,240100.0
1999-12-28,5.22,5.26,5.15,5.22,116100.0
1999-12-29,5.23,5.24,5.16,5.23,490400.0
1999-12-30,5.23,5.39,5.23,5.39,536600.0
2000-01-04,5.37,5.42,5.26,5.41,530600.0
2000-01-05,5.39,5.46,5.34,5.41,431600.0
2000-01-06,5.39,5.69,5.39,5.69,1725900.0
2000-01-07,5.63,5.83,5.56,5.75,1818200.0
2000-01-10,5.75,5.91,5.61,5.91,2386500.0
2000-01-11,5.92,5.92,5.53,5.68,650600.0
2000-01-12,5.63,5.75,5.43,5.52,373100.0
2000-01-13,5.52,5.52,5.39,5.48,167700.0
2000-01-14,5.43,5.46,5.33,5.41,184600.0
2000-01-17,5.41,5.43,5.26,5.41,407700.0
2000-01-18,5.41,5.42,5.3,5.31,287300.0
2000-01-19,5.32,5.55,5.32,5.41,366000.0
2000-01-20,5.36,5.52,5.26,5.52,473300.0
2000-01-21,5.49,5.75,5.49,5.74,2430200.0
2000-01-24,5.79,5.87,5.59,5.85,1204700.0
2000-01-25,5.75,5.88,5.62,5.75,895300.0
2000-01-26,5.72,5.84,5.63,5.82,877700.0
2000-01-27,5.72,6.24,5.72,6.24,2747100.0
2000-01-28,6.22,6.33,5.89,6.12,2621100.0
2000-02-14,6.3,6.58,6.09,6.58,5456100.0
2000-02-15,6.58,6.64,6.09,6.17,4118500.0
2000-02-16,6.15,6.17,5.74,5.92,3513100.0
2000-02-17,5.92,5.99,5.33,5.33,4415800.0
2000-02-18,5.28,5.65,5.27,5.43,2918000.0
2000-02-21,5.42,5.85,5.36,5.69,3568900.0
2000-02-22,5.76,5.91,5.52,5.54,1765300.0
2000-02-23,5.54,5.74,5.49,5.69,1359300.0
2000-02-24,5.72,5.84,5.64,5.82,1450000.0
2000-02-25,5.82,5.85,5.67,5.78,1683500.0
2000-02-29,6.36,6.36,5.78,6.08,3544800.0
2000-03-01,6.09,6.11,5.75,5.77,1955400.0
2000-03-02,5.77,5.82,5.63,5.69,1456800.0
2000-03-03,5.69,6.09,5.68,5.92,2414900.0
2000-03-06,5.92,5.98,5.64,5.66,1807600.0
2000-03-07,5.59,5.76,5.57,5.76,829700.0
2000-03-08,5.76,5.91,5.69,5.9,970200.0
2000-03-09,5.92,6.13,5.89,6.05,2327400.0
2000-03-10,6.08,6.23,5.92,5.99,1662600.0
2000-03-13,5.99,6.28,5.99,6.15,2792500.0
2000-03-14,5.99,6.07,5.79,6.03,2085400.0
2000-03-15,6.04,6.41,6.04,6.21,3876500.0
2000-03-16,6.18,6.18,5.75,5.82,2197300.0
2000-03-17,5.79,6.05,5.79,6.01,1515400.0
2000-03-20,5.95,6.14,5.92,6.12,1570200.0
2000-03-21,6.15,6.21,6.02,6.21,1983000.0
2000-03-22,6.22,6.24,6.09,6.1,1288400.0
2000-03-23,6.11,6.32,6.11,6.25,2714400.0
2000-03-24,6.57,6.84,6.48,6.55,6184200.0
2000-03-27,6.68,6.85,6.61,6.8,4149600.0
2000-03-28,6.88,7.04,6.71,6.94,3999800.0
2000-03-29,6.99,7.06,6.76,6.79,3875200.0
2000-03-30,6.84,6.91,6.57,6.68,4720400.0
2000-03-31,6.64,6.97,6.61,6.79,4653000.0
2000-04-03,6.77,6.78,6.58,6.68,5076500.0
2000-04-04,6.66,6.68,6.28,6.41,5254800.0
2000-04-05,6.38,6.51,6.25,6.36,2647400.0
2000-04-06,6.36,6.64,6.36,6.64,3204200.0
2000-04-07,6.68,6.71,6.55,6.58,3132500.0
2000-04-10,6.58,7.24,6.58,7.24,17561400.0
2000-04-11,7.29,7.96,7.27,7.49,24967400.0
2000-04-12,7.49,7.55,7.2,7.37,8226600.0
2000-04-13,7.37,7.53,7.27,7.42,4802900.0
2000-04-14,7.4,7.42,7.24,7.29,3790500.0
2000-04-17,7.29,7.3,6.84,6.91,4738300.0
2000-04-18,6.91,7.24,6.88,7.16,2364600.0
2000-04-19,7.16,7.22,7.01,7.05,1775500.0
2000-04-20,7.05,7.08,6.91,7.03,2664200.0
2000-04-21,7.03,7.04,6.91,6.94,2362100.0
2000-04-24,6.94,6.97,6.74,6.79,1970400.0
2000-04-25,6.78,6.95,6.63,6.86,1590800.0
2000-04-26,6.88,7.16,6.88,6.97,1362600.0
2000-04-27,6.97,7.04,6.83,6.84,956500.0
2000-04-28,6.84,6.97,6.74,6.94,1217900.0
2000-05-08,6.97,7.03,6.78,6.81,859200.0
2000-05-09,6.8,6.81,6.66,6.71,1105200.0
2000-05-10,6.71,6.76,6.58,6.59,1155000.0
2000-05-11,6.58,6.61,6.38,6.38,1034900.0
2000-05-12,6.38,6.5,6.38,6.46,795800.0
2000-05-15,6.48,6.57,6.48,6.53,669900.0
2000-05-16,6.58,6.68,6.55,6.61,676700.0
2000-05-17,6.61,6.65,6.55,6.56,447200.0
2000-05-18,6.64,6.68,6.51,6.67,814000.0
2000-05-19,6.68,6.71,6.58,6.67,867300.0
2000-05-22,6.71,7.08,6.71,6.95,2414300.0
2000-05-23,6.99,7.04,6.78,6.87,1252600.0
2000-05-24,6.88,7.01,6.81,6.9,1713500.0
2000-05-25,6.97,7.03,6.89,6.97,1888300.0
2000-05-26,7.01,7.05,6.88,7.01,2379900.0
2000-05-29,7.04,7.63,6.92,7.43,6030300.0
2000-05-30,7.45,7.5,7.11,7.13,4012300.0
2000-05-31,7.07,7.22,6.97,7.08,1631100.0
2000-06-01,7.11,7.17,7.01,7.04,1202300.0
2000-06-02,7.07,7.09,6.96,7.03,1351700.0
2000-06-05,7.03,7.03,6.88,6.92,1873400.0
2000-06-06,6.92,7.1,6.89,7.03,1007400.0
2000-06-07,7.08,7.11,7.03,7.05,1254500.0
2000-06-08,7.05,7.07,6.91,6.96,989700.0
2000-06-09,6.96,6.97,6.85,6.87,946500.0
2000-06-12,6.84,6.84,6.66,6.82,1083200.0
2000-06-13,6.82,6.94,6.82,6.9,540400.0
2000-06-14,6.92,6.94,6.82,6.83,858400.0
2000-06-15,6.81,6.81,6.72,6.78,866100.0
2000-06-16,6.8,7.05,6.78,6.91,1278600.0
2000-06-19,6.96,7.05,6.92,7.01,1470600.0
2000-06-20,7.03,7.04,6.84,6.86,658900.0
2000-06-21,6.84,6.97,6.78,6.93,439100.0
2000-06-22,6.93,7.0,6.83,6.86,494800.0
2000-06-23,6.86,6.91,6.8,6.87,626200.0
2000-06-26,6.87,7.01,6.81,6.96,1021300.0
2000-06-27,7.01,7.03,6.83,6.87,653700.0
2000-06-28,6.86,6.89,6.83,6.87,695900.0
2000-06-29,6.84,6.88,6.78,6.84,752700.0
2000-06-30,6.84,6.84,6.78,6.78,733800.0
2000-07-03,6.77,6.78,6.58,6.66,683500.0
2000-07-04,6.65,6.74,6.61,6.72,445400.0
2000-07-05,6.76,6.78,6.72,6.73,392400.0
2000-07-06,6.71,6.71,6.64,6.67,458400.0
2000-07-07,6.76,7.03,6.76,6.91,1147500.0
2000-07-10,6.9,6.91,6.78,6.84,794100.0
2000-07-11,6.81,6.97,6.78,6.97,993200.0
2000-07-12,6.98,7.01,6.9,6.91,892000.0
2000-07-13,6.93,6.97,6.82,6.84,1013100.0
2000-07-14,6.91,6.92,6.81,6.86,809500.0
2000-07-17,6.86,6.87,6.78,6.78,789200.0
2000-07-18,6.78,6.93,6.72,6.91,697700.0
2000-07-19,6.91,6.94,6.84,6.86,580200.0
2000-07-20,6.88,7.47,6.83,7.3,7073700.0
2000-07-21,7.3,7.37,7.07,7.14,3836100.0
2000-07-24,7.16,7.57,7.16,7.54,6231900.0
2000-07-25,7.57,7.73,7.37,7.47,3912100.0
2000-07-26,7.47,7.63,7.38,7.43,2794000.0
2000-07-27,7.45,7.5,7.2,7.26,3146800.0
2000-07-28,7.26,7.27,7.11,7.16,1952700.0
2000-07-31,7.16,7.3,7.16,7.19,1802900.0
2000-08-01,7.2,7.3,7.18,7.3,1158900.0
2000-08-02,7.31,7.47,7.31,7.36,1760700.0
2000-08-03,7.36,7.37,7.24,7.27,1084400.0
2000-08-04,7.27,7.29,7.05,7.13,1378300.0
2000-08-07,7.13,7.2,7.11,7.14,1012900.0
2000-08-08,7.16,7.21,7.11,7.13,1231100.0
2000-08-09,7.14,7.34,7.13,7.24,2457300.0
2000-08-10,7.24,7.3,7.18,7.2,2516400.0
2000-08-11,7.25,7.73,7.25,7.39,1136000.0
2000-08-14,7.43,7.66,7.42,7.61,1593100.0
2000-08-15,7.65,7.7,7.5,7.53,929700.0
2000-08-16,7.55,7.59,7.44,7.48,831200.0
2000-08-17,7.5,7.8,7.5,7.79,3364300.0
2000-08-18,7.84,8.01,7.8,7.88,5633200.0
2000-08-21,7.94,8.39,7.94,8.31,10592200.0
2000-08-22,8.35,8.39,7.97,7.97,4810600.0
2000-08-23,7.93,7.99,7.35,7.8,4990300.0
2000-08-24,7.73,7.87,7.65,7.81,2100500.0
2000-08-25,7.81,7.88,7.74,7.8,790000.0
2000-08-28,7.87,8.13,7.84,8.06,2051300.0
2000-08-29,8.11,8.15,8.01,8.08,1538300.0
2000-08-30,8.08,8.11,7.84,7.86,1578400.0
2000-08-31,7.77,7.8,7.52,7.58,2048700.0
2000-09-01,7.52,7.56,7.42,7.44,1361200.0
2000-09-04,7.43,7.49,7.25,7.43,1135500.0
2000-09-05,7.48,7.59,7.21,7.23,921200.0
2000-09-06,7.11,7.3,7.11,7.12,620694.0
2000-09-07,7.19,7.32,7.18,7.19,486700.0
2000-09-08,7.21,7.46,7.2,7.37,667600.0
2000-09-11,7.37,7.44,7.27,7.38,397400.0
2000-09-12,7.11,7.31,7.08,7.28,1167400.0
2000-09-13,7.28,7.37,7.18,7.3,744200.0
2000-09-14,7.32,7.35,7.2,7.23,458900.0
2000-09-15,7.23,7.26,7.11,7.25,653400.0
2000-09-18,7.25,7.25,7.1,7.1,573100.0
2000-09-19,7.04,7.04,6.83,6.86,924400.0
2000-09-20,6.86,7.03,6.86,7.02,647700.0
2000-09-21,7.04,7.08,6.84,6.88,709700.0
2000-09-22,6.9,6.98,6.86,6.88,495400.0
2000-09-25,6.9,6.91,6.68,6.68,409600.0
2000-09-26,6.68,6.72,6.58,6.61,448900.0
2000-09-27,6.63,6.77,6.6,6.76,422100.0
2000-09-28,6.82,6.83,6.66,6.66,293100.0
2000-09-29,6.7,6.87,6.65,6.85,399400.0
2000-10-09,6.91,7.08,6.9,7.07,909700.0
2000-10-10,7.08,7.11,6.98,7.05,597700.0
2000-10-11,7.05,7.09,6.94,6.94,468500.0
2000-10-12,6.96,7.01,6.83,6.85,427600.0
2000-10-13,6.87,6.96,6.82,6.96,524500.0
2000-10-16,6.96,6.97,6.8,6.81,304900.0
2000-10-17,6.8,6.8,6.7,6.73,349200.0
2000-10-18,6.77,6.82,6.73,6.77,251200.0
2000-10-19,6.8,6.8,6.72,6.74,232800.0
2000-10-20,6.74,6.92,6.7,6.9,595100.0
2000-10-23,6.92,6.94,6.77,6.86,582000.0
2000-10-24,6.86,7.11,6.83,7.09,1309700.0
2000-10-25,7.18,7.37,7.12,7.29,2833000.0
2000-10-26,7.29,7.3,7.09,7.1,810500.0
2000-10-27,7.1,7.21,7.09,7.13,442400.0
2000-10-30,7.13,7.18,7.03,7.06,440300.0
2000-10-31,7.06,7.08,6.97,6.99,388500.0
2000-11-01,6.97,7.04,6.94,7.03,320000.0
2000-11-02,7.04,7.09,7.01,7.03,349700.0
2000-11-03,7.04,7.05,6.9,6.97,542700.0
2000-11-06,6.96,7.03,6.92,6.97,419000.0
2000-11-07,6.98,7.01,6.97,7.0,347300.0
2000-11-08,7.01,7.11,6.99,7.08,433200.0
2000-11-09,7.08,7.14,7.01,7.08,498000.0
2000-11-10,7.08,7.14,7.08,7.13,979700.0
2000-11-13,7.14,7.25,7.11,7.19,1072200.0
2000-11-14,7.19,7.3,7.14,7.29,1179900.0
2000-11-15,7.3,7.37,7.21,7.22,1097600.0
2000-11-16,7.22,7.28,7.18,7.24,815400.0
2000-11-17,7.24,7.28,7.12,7.14,803900.0
2000-11-20,7.13,7.13,7.03,7.11,701955.0
2000-11-21,7.11,7.21,7.11,7.12,600810.0
2000-11-22,7.12,7.25,7.11,7.21,724279.0
2000-11-23,7.21,7.37,7.21,7.35,1867370.0
2000-11-24,7.39,7.59,7.18,7.22,2674914.0
2000-11-27,7.15,7.28,7.05,7.19,701872.0
2000-11-28,7.21,7.39,7.21,7.35,851860.0
2000-11-29,7.35,7.38,7.21,7.23,648884.0
2000-11-30,7.23,7.23,7.14,7.18,447293.0
2000-12-01,7.18,7.24,7.17,7.21,496055.0
2000-12-04,7.21,7.28,7.14,7.28,781412.0
2000-12-05,7.32,7.38,7.27,7.32,840942.0
2000-12-06,7.32,7.46,7.32,7.41,2017700.0
2000-12-07,7.39,7.42,7.26,7.33,855792.0
2000-12-08,7.39,7.49,7.32,7.41,1256553.0
2000-12-11,7.46,7.47,7.25,7.27,800205.0
2000-12-12,7.25,7.32,7.14,7.3,607374.0
2000-12-13,7.28,7.28,7.18,7.23,300082.0
2000-12-14,7.21,7.21,7.17,7.17,374370.0
2000-12-15,7.14,7.18,7.1,7.11,496974.0
2000-12-18,7.06,7.12,6.99,7.03,525071.0
2000-12-19,7.03,7.14,7.03,7.1,325705.0
2000-12-20,7.1,7.17,7.05,7.14,312075.0
2000-12-21,7.18,7.18,7.11,7.12,535587.0
2000-12-22,7.11,7.12,7.03,7.08,580089.0
2000-12-25,7.08,7.08,7.01,7.01,645018.0
2000-12-26,7.01,7.08,7.01,7.04,515262.0
2000-12-27,7.11,7.18,7.05,7.11,334943.0
2000-12-28,7.08,7.18,7.06,7.12,268222.0
2000-12-29,7.12,7.19,7.12,7.16,286531.0
2001-01-02,7.25,7.27,7.16,7.26,526231.0
2001-01-03,7.26,7.39,7.26,7.35,1075955.0
2001-01-04,7.38,7.39,7.24,7.26,690590.0
2001-01-05,7.26,7.29,7.19,7.24,725421.0
2001-01-08,7.24,7.28,7.15,7.18,850634.0
2001-01-09,7.18,7.35,7.17,7.28,612788.0
2001-01-10,7.32,7.39,7.3,7.38,999253.0
2001-01-11,7.38,7.56,7.36,7.51,2768091.0
2001-01-12,7.52,7.55,7.44,7.48,1552751.0
2001-01-15,7.49,7.63,7.39,7.39,3043366.0
2001-01-16,7.37,7.49,7.25,7.46,958217.0
2001-01-17,7.44,7.48,7.37,7.39,687310.0
2001-01-18,7.37,7.46,7.32,7.35,699617.0
2001-01-19,7.39,7.42,7.37,7.4,704192.0
2001-02-05,7.46,7.47,7.35,7.37,601735.0
2001-02-06,7.36,7.36,7.08,7.24,454276.0
2001-02-07,7.26,7.26,7.17,7.19,245049.0
2001-02-08,7.19,7.19,7.03,7.04,337030.0
2001-02-09,7.01,7.17,7.01,7.14,313116.0
2001-02-12,7.14,7.14,7.05,7.11,246175.0
2001-02-13,7.08,7.2,7.08,7.14,165355.0
2001-02-14,7.14,7.14,7.08,7.12,140819.0
2001-02-15,7.14,7.17,7.08,7.09,152680.0
2001-02-16,7.06,7.06,6.86,7.0,398170.0
2001-02-19,7.0,7.08,7.0,7.07,195942.0
2001-02-20,7.08,7.14,7.01,7.04,180763.0
2001-02-21,7.04,7.04,6.82,6.9,395830.0
2001-02-22,6.83,6.92,6.83,6.88,267115.0
2001-02-23,7.41,7.41,6.83,7.1,307175.0
2001-02-26,6.9,7.1,6.9,7.08,217094.0
2001-02-27,7.08,7.13,7.08,7.1,169090.0
2001-02-28,7.11,7.11,7.04,7.06,125845.0
2001-03-01,7.01,7.1,7.01,7.08,237000.0
2001-03-02,7.08,7.38,7.06,7.17,310565.0
2001-03-05,7.18,7.21,7.11,7.13,187664.0
2001-03-06,7.13,7.18,7.08,7.11,217405.0
2001-03-07,7.11,7.15,7.08,7.12,273232.0
2001-03-08,7.1,7.13,7.08,7.1,244943.0
2001-03-09,7.11,7.14,7.06,7.11,418350.0
2001-03-12,7.11,7.12,7.04,7.04,353890.0
2001-03-13,7.11,7.11,7.04,7.09,313010.0
2001-03-14,7.06,7.11,7.06,7.08,219585.0
2001-03-15,7.11,7.21,7.1,7.14,287160.0
2001-03-16,7.17,7.17,7.08,7.11,296882.0
2001-03-19,7.11,7.18,7.06,7.15,360692.0
2001-03-20,7.17,7.28,7.17,7.28,634560.0
2001-03-21,7.32,7.33,7.22,7.28,457056.0
2001-03-22,7.3,7.37,7.25,7.37,903475.0
2001-03-23,7.37,7.37,7.18,7.18,506720.0
2001-03-26,7.19,7.28,7.18,7.28,450100.0
2001-03-27,7.28,7.28,7.17,7.19,928210.0
2001-03-28,7.21,7.3,7.14,7.3,1205579.0
2001-03-29,7.32,7.33,7.21,7.25,678759.0
2001-03-30,7.25,7.25,7.17,7.24,571452.0
2001-04-02,7.24,7.3,7.18,7.3,1054475.0
2001-04-03,7.3,7.3,7.21,7.25,423500.0
2001-04-04,7.25,7.32,7.2,7.21,830525.0
2001-04-05,7.18,7.21,7.15,7.21,513047.0
2001-04-06,7.21,7.27,7.15,7.18,464004.0
2001-04-09,7.18,7.21,7.1,7.19,575129.0
2001-04-10,7.19,7.23,7.17,7.21,513558.0
2001-04-11,7.21,7.23,7.17,7.17,439027.0
2001-04-12,7.18,7.32,7.17,7.23,747717.0
2001-04-13,7.23,7.31,7.23,7.3,920091.0
2001-04-16,7.3,7.37,7.29,7.32,1154663.0
2001-04-17,7.34,7.35,7.23,7.28,998618.0
2001-04-18,7.27,7.45,7.26,7.39,1952823.0
2001-04-19,7.4,7.44,7.32,7.35,851007.0
2001-04-20,7.35,7.41,7.25,7.26,1120538.0
2001-04-23,7.21,7.3,7.18,7.19,671712.0
2001-04-24,7.19,7.25,7.19,7.21,391810.0
2001-04-25,7.25,7.28,7.03,7.11,1011360.0
2001-04-26,7.11,7.19,7.05,7.06,373100.0
2001-04-30,7.08,7.1,7.02,7.04,435007.0
2001-05-08,7.05,7.1,7.04,7.09,191990.0
2001-05-09,7.1,7.1,7.03,7.04,320060.0
2001-05-10,7.06,7.15,7.03,7.11,306000.0
2001-05-11,7.12,7.21,7.06,7.08,244998.0
2001-05-14,7.08,7.19,7.06,7.18,491967.0
2001-05-15,7.21,7.23,7.11,7.2,460616.0
2001-05-16,7.18,7.33,7.18,7.23,615283.0
2001-05-17,7.23,7.23,7.16,7.16,485415.0
2001-05-18,7.14,7.17,7.11,7.17,463693.0
2001-05-21,7.17,7.18,7.11,7.17,692398.0
2001-05-22,7.17,7.36,7.17,7.3,1873649.0
2001-05-23,7.32,7.36,7.25,7.35,2468010.0
2001-05-24,7.37,7.51,7.37,7.45,4487369.0
2001-05-25,7.45,7.46,7.32,7.37,2233196.0
2001-05-28,7.39,7.42,7.22,7.24,900586.0
2001-05-29,7.26,7.32,7.24,7.28,621655.0
2001-05-30,7.3,7.37,7.21,7.37,890394.0
2001-05-31,7.37,7.41,7.3,7.32,769543.0
2001-06-01,7.32,7.42,7.3,7.38,1263853.0
2001-06-04,7.41,7.54,7.41,7.52,2537510.0
2001-06-05,7.55,7.57,7.45,7.49,1518277.0
2001-06-06,7.49,7.52,7.42,7.48,1226215.0
2001-06-07,7.49,7.52,7.42,7.5,1214460.0
2001-06-08,7.5,7.52,7.41,7.46,1090396.0
2001-06-11,7.46,7.52,7.44,7.46,858304.0
2001-06-12,7.46,7.73,7.46,7.72,3262083.0
2001-06-13,7.74,7.77,7.7,7.72,2540557.0
2001-06-14,7.73,7.75,7.46,7.49,1968192.0
2001-06-15,7.46,7.66,7.44,7.61,1235721.0
2001-06-18,7.62,7.66,7.42,7.44,1123832.0
2001-06-19,7.42,7.5,7.39,7.46,488565.0
2001-06-20,7.47,7.49,7.39,7.42,497528.0
2001-06-21,7.42,7.48,7.41,7.46,454205.0
2001-06-22,7.47,7.51,7.46,7.49,537047.0
2001-06-25,7.49,7.63,7.49,7.59,791975.0
2001-06-26,7.59,7.84,7.59,7.75,2360848.0
2001-06-27,7.77,7.8,7.7,7.73,1242170.0
2001-06-28,7.73,7.77,7.61,7.61,938066.0
2001-06-29,7.61,7.72,7.61,7.64,635625.0
2001-07-02,7.7,7.81,7.64,7.77,1493750.0
2001-07-03,7.77,7.83,7.72,7.75,835459.0
2001-07-04,7.77,7.8,7.68,7.68,680945.0
2001-07-05,7.68,7.73,7.57,7.59,816980.0
2001-07-06,7.59,7.59,7.48,7.5,747964.0
2001-07-09,7.5,7.56,7.5,7.52,411603.0
2001-07-10,7.52,7.63,7.52,7.58,423137.0
2001-07-11,7.59,7.65,7.52,7.53,436015.0
2001-07-12,7.49,7.52,7.42,7.45,461615.0
2001-07-13,7.49,7.58,7.46,7.46,277061.0
2001-07-16,7.46,7.56,7.46,7.46,339178.0
2001-07-17,7.46,7.46,7.28,7.39,478502.0
2001-07-18,7.39,7.42,7.35,7.37,223100.0
2001-07-19,7.38,7.38,7.29,7.34,280742.0
2001-07-20,7.35,7.52,7.35,7.51,387095.0
2001-07-23,7.52,7.56,7.46,7.54,428450.0
2001-07-24,7.53,7.53,7.32,7.41,412405.0
2001-07-25,7.39,7.43,7.35,7.36,375666.0
2001-07-26,7.36,7.42,7.3,7.31,326300.0
2001-07-27,7.32,7.35,7.22,7.23,350755.0
2001-07-30,7.23,7.24,6.84,6.84,659935.0
2001-07-31,6.61,6.9,6.57,6.61,545965.0
2001-08-01,6.72,6.85,6.61,6.83,484106.0
2001-08-02,6.86,6.88,6.54,6.72,765406.0
2001-08-03,6.72,6.89,6.7,6.88,306849.0
2001-08-06,6.88,6.88,6.59,6.63,396852.0
2001-08-07,6.63,6.8,6.6,6.74,295404.0
2001-08-08,6.77,6.77,6.7,6.72,99395.0
2001-08-09,6.73,6.83,6.7,6.81,238453.0
2001-08-10,6.83,6.92,6.83,6.9,429675.0
2001-08-13,6.9,7.01,6.89,6.92,250575.0
2001-08-14,6.92,6.96,6.78,6.84,307944.0
2001-08-15,6.86,6.9,6.82,6.85,134149.0
2001-08-16,6.87,6.9,6.78,6.78,149870.0
2001-08-17,6.77,6.83,6.72,6.79,118610.0
2001-08-20,6.79,6.83,6.75,6.81,120266.0
2001-08-21,6.83,6.85,6.79,6.81,135935.0
2001-08-22,6.83,6.86,6.68,6.72,235961.0
2001-08-23,6.63,6.7,6.61,6.7,169695.0
2001-08-24,6.7,6.74,6.64,6.65,111790.0
2001-08-27,6.64,6.64,6.41,6.41,359985.0
2001-08-28,6.39,6.39,6.12,6.34,350100.0
2001-08-29,6.36,6.43,6.21,6.3,311291.0
2001-08-30,6.28,6.41,6.25,6.41,227599.0
2001-08-31,6.4,6.45,6.34,6.44,179730.0
2001-09-03,6.41,6.42,6.25,6.42,112557.0
2001-09-04,6.42,6.55,6.39,6.54,217843.0
2001-09-05,6.63,6.64,6.48,6.51,538005.0
2001-09-06,6.53,6.53,6.42,6.45,143595.0
2001-09-07,6.46,6.46,6.25,6.25,208051.0
2001-09-10,6.21,6.61,6.13,6.56,279409.0
2001-09-11,6.57,6.63,6.47,6.56,250647.0
2001-09-12,6.22,6.49,6.22,6.4,343829.0
2001-09-13,6.33,6.43,6.3,6.32,166830.0
2001-09-14,6.32,6.42,6.29,6.37,226266.0
2001-09-17,6.35,6.35,6.19,6.19,314400.0
2001-09-18,6.23,6.34,6.19,6.24,152960.0
2001-09-19,6.25,6.25,6.2,6.25,286743.0
2001-09-20,6.28,6.32,6.16,6.19,399375.0
2001-09-21,6.19,6.2,6.06,6.07,428145.0
2001-09-24,6.07,6.07,5.87,5.87,406102.0
2001-09-25,5.84,5.96,5.84,5.91,262904.0
2001-09-26,5.89,5.89,5.72,5.74,257470.0
2001-09-27,5.74,5.77,5.63,5.67,281530.0
2001-09-28,5.67,5.7,5.59,5.65,152195.0
2001-10-08,5.65,5.68,5.53,5.55,145435.0
2001-10-09,5.55,5.62,5.41,5.59,281075.0
2001-10-10,5.56,5.56,5.32,5.34,296726.0
2001-10-11,5.32,5.38,5.14,5.18,529601.0
2001-10-12,5.17,5.45,5.11,5.38,407718.0
2001-10-15,5.38,5.45,5.28,5.29,222526.0
2001-10-16,5.32,5.32,5.11,5.15,241900.0
2001-10-17,5.11,5.23,5.11,5.14,95186.0
2001-10-18,5.15,5.25,5.12,5.15,251410.0
2001-10-19,4.85,5.11,4.85,4.94,118929.0
2001-10-22,4.9,4.96,4.76,4.8,386215.0
2001-10-23,5.25,5.29,5.14,5.29,851275.0
2001-10-24,5.52,5.59,5.36,5.52,1284638.0
2001-10-25,5.51,5.51,5.27,5.27,430054.0
2001-10-26,5.18,5.33,5.15,5.27,255803.0
2001-10-29,5.32,5.4,5.29,5.36,198218.0
2001-10-30,5.36,5.45,5.36,5.41,224935.0
2001-10-31,5.41,5.65,5.29,5.65,491257.0
2001-11-01,5.6,5.67,5.54,5.61,518413.0
2001-11-02,5.61,5.72,5.59,5.61,370850.0
2001-11-05,5.67,5.7,5.59,5.61,276468.0
2001-11-06,5.63,5.63,5.49,5.52,215328.0
2001-11-07,5.52,5.52,5.18,5.19,321415.0
2001-11-08,5.05,5.32,4.97,5.24,347605.0
2001-11-09,5.24,5.32,5.13,5.28,304016.0
2001-11-12,5.28,5.32,5.18,5.18,176803.0
2001-11-13,5.18,5.18,5.07,5.09,181488.0
2001-11-14,5.38,5.38,5.09,5.15,101526.0
2001-11-15,5.14,5.16,5.04,5.11,80938.0
2001-11-16,5.52,5.59,5.14,5.16,511815.0
2001-11-20,5.29,5.68,5.29,5.68,1372282.0
2001-11-21,5.68,5.82,5.68,5.73,3597508.0
2001-11-22,5.73,5.76,5.66,5.76,916488.0
2001-11-23,5.73,5.98,5.67,5.84,1757001.0
2001-11-26,5.84,5.87,5.76,5.87,569108.0
2001-11-27,5.87,5.9,5.82,5.89,586529.0
2001-11-28,5.9,5.91,5.8,5.83,1014670.0
2001-11-29,5.85,5.88,5.78,5.84,698503.0
2001-11-30,5.83,5.94,5.83,5.9,518233.0
2001-12-03,5.88,6.04,5.88,5.98,719049.0
2001-12-04,5.98,5.99,5.86,5.94,626780.0
2001-12-05,5.92,5.92,5.75,5.75,708525.0
2001-12-06,5.75,5.87,5.73,5.86,503013.0
2001-12-07,5.87,5.92,5.8,5.83,328050.0
2001-12-10,5.79,5.89,5.75,5.88,277935.0
2001-12-11,5.85,5.88,5.76,5.78,204529.0
2001-12-12,5.76,5.77,5.72,5.72,219650.0
2001-12-13,5.7,5.74,5.55,5.56,384295.0
2001-12-14,5.54,5.55,5.43,5.44,327835.0
2001-12-17,5.38,5.48,5.38,5.41,156420.0
2001-12-18,5.42,5.52,5.41,5.52,143083.0
2001-12-19,5.73,5.92,5.63,5.65,764533.0
2001-12-20,5.66,5.66,5.53,5.54,354516.0
2001-12-21,5.56,5.63,5.54,5.62,229010.0
2001-12-24,5.63,5.65,5.41,5.42,230573.0
2001-12-25,5.39,5.46,5.38,5.44,186084.0
2001-12-26,5.45,5.59,5.41,5.59,121474.0
2001-12-27,5.56,5.61,5.49,5.51,155400.0
2001-12-28,5.51,5.54,5.44,5.5,190235.0
2001-12-31,5.59,5.59,5.49,5.5,105180.0
2002-01-04,5.5,5.55,5.38,5.38,143300.0
2002-01-07,5.38,5.38,5.21,5.31,163805.0
2002-01-08,5.32,5.36,5.21,5.24,153850.0
2002-01-09,5.18,5.18,5.05,5.09,220637.0
2002-01-10,5.08,5.22,5.01,5.21,233727.0
2002-01-11,5.21,5.21,5.04,5.05,155580.0
2002-01-14,4.98,5.03,4.81,4.84,435765.0
2002-01-15,4.76,4.86,4.69,4.73,289400.0
2002-01-16,4.78,5.0,4.77,4.9,287166.0
2002-01-17,4.9,4.94,4.66,4.66,221600.0
2002-01-18,4.63,4.73,4.44,4.6,380401.0
2002-01-22,4.45,4.45,4.14,4.14,818340.0
2002-01-23,4.0,4.39,3.72,4.35,1287658.0
2002-01-24,4.28,4.47,4.04,4.35,1237027.0
2002-01-25,4.28,4.45,4.22,4.36,686287.0
2002-01-28,4.36,4.45,3.93,3.93,695872.0
2002-01-29,3.95,4.14,3.95,4.09,501623.0
2002-01-30,4.09,4.28,4.09,4.25,406635.0
2002-01-31,4.25,4.67,4.25,4.67,1693197.0
2002-02-01,4.87,4.87,4.56,4.62,1631677.0
2002-02-04,4.63,4.76,4.5,4.71,558413.0
2002-02-05,4.67,4.8,4.62,4.69,577149.0
2002-02-06,4.69,4.72,4.54,4.55,511100.0
2002-02-07,4.74,4.92,4.74,4.81,1009807.0
2002-02-08,4.81,4.87,4.7,4.71,541385.0
2002-02-25,4.83,4.87,4.74,4.78,497392.0
2002-02-26,4.73,4.81,4.68,4.8,272403.0
2002-02-27,4.78,4.93,4.78,4.87,506348.0
2002-02-28,4.87,4.87,4.77,4.79,395821.0
2002-03-01,4.75,4.76,4.61,4.61,476110.0
2002-03-04,4.57,4.74,4.56,4.74,329512.0
2002-03-05,4.75,4.85,4.74,4.81,569578.0
2002-03-06,4.85,4.98,4.82,4.9,1228766.0
2002-03-07,4.92,5.11,4.91,5.11,1172461.0
2002-03-08,5.12,5.25,5.05,5.25,1932942.0
2002-03-11,5.21,5.34,5.21,5.33,1634703.0
2002-03-13,5.19,5.26,5.04,5.06,1235512.0
2002-03-14,5.05,5.28,5.01,5.27,951834.0
2002-03-15,5.29,5.3,5.03,5.03,1032848.0
2002-03-18,5.11,5.18,5.01,5.09,468570.0
2002-03-19,5.09,5.25,5.08,5.24,599194.0
2002-03-20,5.25,5.43,5.22,5.39,1728634.0
2002-03-21,5.43,5.5,5.35,5.4,1406050.0
2002-03-22,5.4,5.44,5.3,5.32,927190.0
2002-03-25,5.35,5.38,5.32,5.38,453183.0
2002-03-26,5.38,5.42,5.28,5.37,729969.0
2002-03-27,5.32,5.41,5.26,5.4,564900.0
2002-03-28,5.41,5.67,5.4,5.58,2892476.0
2002-03-29,5.56,5.56,5.32,5.35,1253177.0
2002-04-01,5.32,5.4,5.25,5.38,542990.0
2002-04-02,5.38,5.39,5.14,5.18,793652.0
2002-04-03,5.18,5.25,5.16,5.2,353831.0
2002-04-04,5.18,5.41,5.16,5.38,539556.0
2002-04-05,5.42,5.43,5.32,5.34,517002.0
2002-04-08,5.34,5.43,5.32,5.41,355555.0
2002-04-09,5.41,5.57,5.41,5.53,993617.0
2002-04-10,5.53,5.66,5.53,5.61,1263649.0
2002-04-11,5.61,5.64,5.43,5.46,828490.0
2002-04-12,5.45,5.58,5.45,5.52,513215.0
2002-04-15,5.52,5.57,5.51,5.55,421902.0
2002-04-16,5.56,5.56,5.44,5.47,454205.0
2002-04-17,5.45,5.48,5.42,5.46,303325.0
2002-04-18,5.47,5.48,5.41,5.41,237130.0
2002-04-19,5.41,5.44,5.24,5.43,308135.0
2002-04-22,5.43,5.43,5.32,5.37,185592.0
2002-04-23,5.35,5.49,5.35,5.49,269286.0
2002-04-24,5.51,5.71,5.51,5.59,1810385.0
2002-04-25,5.54,5.59,5.49,5.59,370161.0
2002-04-26,5.59,5.66,5.54,5.64,548897.0
2002-04-29,5.67,5.77,5.64,5.76,1159134.0
2002-04-30,5.76,5.76,5.68,5.71,633016.0
2002-05-08,5.72,5.73,5.6,5.64,369109.0
2002-05-09,5.61,5.68,5.59,5.63,326819.0
2002-05-10,5.64,5.64,5.59,5.6,243425.0
2002-05-13,5.55,5.57,5.49,5.49,365980.0
2002-05-14,5.47,5.52,5.44,5.45,256539.0
2002-05-15,5.44,5.48,5.38,5.38,332888.0
2002-05-16,5.39,5.52,5.17,5.2,607882.0
2002-05-17,5.21,5.3,5.16,5.23,655275.0
2002-05-20,5.23,5.23,5.02,5.09,336050.0
2002-05-21,5.25,5.42,5.17,5.3,588095.0
2002-05-22,5.34,5.35,5.18,5.21,299598.0
2002-05-23,5.17,5.34,5.17,5.24,240601.0
2002-05-24,5.23,5.24,5.11,5.17,184694.0
2002-05-27,5.24,5.24,5.17,5.22,161570.0
2002-05-29,5.15,5.15,5.03,5.07,343825.0
2002-05-30,5.09,5.2,4.92,5.04,196680.0
2002-05-31,5.04,5.08,4.99,5.0,182200.0
2002-06-03,4.96,4.96,4.81,4.81,284660.0
2002-06-04,4.81,4.86,4.69,4.8,368695.0
2002-06-05,4.76,4.76,4.64,4.64,225575.0
2002-06-06,4.62,4.99,4.62,4.89,464548.0
2002-06-07,4.89,5.09,4.84,5.04,634354.0
2002-06-10,5.03,5.07,4.94,4.97,166820.0
2002-06-11,5.0,5.03,4.96,5.0,137717.0
2002-06-12,5.0,5.0,4.92,4.96,144430.0
2002-06-13,4.96,5.02,4.93,4.94,158649.0
2002-06-14,4.89,4.94,4.83,4.84,169066.0
2002-06-17,4.8,4.87,4.75,4.85,64664.0
2002-06-18,4.88,5.01,4.88,4.99,146848.0
2002-06-19,4.96,4.99,4.9,4.93,84860.0
2002-06-20,4.91,5.01,4.89,4.97,211555.0
2002-06-21,4.99,5.18,4.98,5.17,554205.0
2002-06-24,5.69,5.69,5.43,5.69,3348169.0
2002-06-25,5.68,5.75,5.56,5.59,1760143.0
2002-06-26,5.57,5.8,5.45,5.8,2114620.0
2002-06-27,5.94,6.35,5.94,6.01,8636954.0
2002-06-28,5.94,5.99,5.81,5.92,2567630.0
2002-07-01,5.87,5.94,5.84,5.85,865600.0
2002-07-02,5.85,5.92,5.8,5.91,586493.0
2002-07-03,5.93,5.94,5.8,5.84,596180.0
2002-07-04,5.84,5.87,5.75,5.76,463713.0
2002-07-05,5.75,5.77,5.67,5.76,507869.0
2002-07-08,5.77,5.84,5.76,5.83,355659.0
2002-07-09,5.85,5.85,5.77,5.77,289700.0
2002-07-10,5.77,5.77,5.62,5.63,739914.0
2002-07-11,5.59,5.66,5.57,5.62,558129.0
2002-07-12,5.62,5.66,5.6,5.61,218265.0
2002-07-15,5.61,5.63,5.53,5.55,274810.0
2002-07-16,5.53,5.64,5.53,5.57,206490.0
2002-07-17,5.58,5.63,5.52,5.62,230435.0
2002-07-18,5.62,5.69,5.61,5.64,236954.0
2002-07-19,5.66,5.66,5.61,5.66,173029.0
2002-07-22,5.66,5.71,5.54,5.57,252700.0
2002-07-23,5.55,5.59,5.53,5.55,257265.0
2002-07-24,5.55,5.59,5.53,5.56,143461.0
2002-07-25,5.57,5.61,5.54,5.58,259511.0
2002-07-26,5.59,5.64,5.56,5.61,283018.0
2002-07-29,5.61,5.61,5.47,5.55,250747.0
2002-07-30,5.55,5.57,5.4,5.44,271425.0
2002-07-31,5.45,5.53,5.4,5.45,245744.0
2002-08-01,5.45,5.47,5.4,5.44,127520.0
2002-08-02,5.41,5.49,5.41,5.47,94548.0
2002-08-05,5.47,5.5,5.42,5.47,116983.0
2002-08-06,5.55,5.59,5.49,5.55,183917.0
2002-08-07,5.52,5.61,5.5,5.6,163462.0
2002-08-08,5.61,5.61,5.51,5.57,141688.0
2002-08-09,5.55,5.55,5.47,5.51,126685.0
2002-08-12,5.45,5.55,5.45,5.53,139485.0
2002-08-13,5.53,5.58,5.48,5.55,112575.0
2002-08-14,5.54,5.62,5.48,5.61,322631.0
2002-08-15,5.63,5.63,5.49,5.57,230660.0
2002-08-16,5.57,5.8,5.57,5.75,3274613.0
2002-08-19,5.75,5.78,5.69,5.71,805596.0
2002-08-20,5.71,5.79,5.69,5.76,650825.0
2002-08-21,5.75,5.75,5.65,5.68,578354.0
2002-08-22,5.68,5.75,5.65,5.71,579856.0
2002-08-23,5.71,5.72,5.59,5.63,479621.0
2002-08-26,5.63,5.67,5.61,5.65,276068.0
2002-08-27,5.6,5.67,5.6,5.66,284051.0
2002-08-28,5.67,5.72,5.59,5.71,299999.0
2002-08-29,5.73,5.79,5.72,5.73,958398.0
2002-08-30,5.73,5.74,5.68,5.68,259600.0
2002-09-02,5.68,5.68,5.63,5.66,234136.0
2002-09-03,5.66,5.67,5.63,5.64,332478.0
2002-09-04,5.64,5.67,5.61,5.62,192770.0
2002-09-05,5.61,5.61,5.45,5.48,574800.0
2002-09-06,5.46,5.49,5.44,5.44,280969.0
2002-09-09,5.41,5.44,5.35,5.38,250554.0
2002-09-10,5.38,5.42,5.37,5.38,152093.0
2002-09-11,5.52,5.52,5.34,5.42,275343.0
2002-09-12,5.45,5.45,5.35,5.39,101310.0
2002-09-13,5.39,5.42,5.37,5.41,62856.0
2002-09-16,5.4,5.42,5.28,5.28,174340.0
2002-09-17,5.28,5.31,5.19,5.23,165840.0
2002-09-18,5.24,5.24,5.16,5.18,124334.0
2002-09-19,5.15,5.31,5.14,5.3,201279.0
2002-09-20,5.3,5.3,5.17,5.17,113208.0
2002-09-23,5.26,5.26,5.17,5.17,107551.0
2002-09-24,5.16,5.21,5.16,5.17,93586.0
2002-09-25,5.17,5.29,5.16,5.26,147144.0
2002-09-26,5.28,5.29,5.17,5.18,93399.0
2002-09-27,5.18,5.21,5.16,5.2,113601.0
2002-10-08,5.14,5.17,5.13,5.13,89750.0
2002-10-09,5.13,5.13,4.94,4.99,135700.0
2002-10-10,4.96,5.03,4.96,4.99,106025.0
2002-10-11,4.99,5.01,4.96,4.98,89400.0
2002-10-14,4.95,4.99,4.91,4.98,123400.0
2002-10-15,4.99,5.0,4.96,4.99,78292.0
2002-10-16,5.01,5.1,5.01,5.03,91701.0
2002-10-17,5.03,5.03,4.97,4.97,80760.0
2002-10-18,4.97,4.99,4.93,4.96,144295.0
2002-10-21,4.93,4.98,4.93,4.98,126027.0
2002-10-22,4.98,5.08,4.98,5.07,156538.0
2002-10-23,5.07,5.08,5.03,5.06,166530.0
2002-10-24,5.06,5.1,5.03,5.07,124365.0
2002-10-25,5.07,5.13,5.03,5.03,200636.0
2002-10-28,5.03,5.13,5.02,5.1,294875.0
2002-10-29,5.14,5.14,4.75,4.99,267160.0
2002-10-30,4.89,5.01,4.89,5.0,164645.0
2002-10-31,5.02,5.02,4.92,4.93,182015.0
2002-11-01,5.01,5.08,4.93,5.08,355002.0
2002-11-04,5.1,5.17,5.06,5.17,920476.0
2002-11-05,5.17,5.24,5.14,5.22,705519.0
2002-11-06,5.22,5.22,5.16,5.19,280802.0
2002-11-07,5.2,5.2,5.15,5.16,153630.0
2002-11-08,5.17,5.24,5.0,5.0,277352.0
2002-11-11,4.98,5.07,4.89,4.91,202600.0
2002-11-12,4.89,4.96,4.79,4.8,286785.0
2002-11-13,4.8,4.84,4.74,4.81,233225.0
2002-11-14,4.81,4.81,4.75,4.75,154800.0
2002-11-15,4.74,4.82,4.72,4.76,256960.0
2002-11-18,4.76,4.77,4.66,4.69,126556.0
2002-11-19,4.72,4.78,4.65,4.75,121010.0
2002-11-20,4.41,4.75,4.41,4.57,195100.0
2002-11-21,4.5,4.5,4.41,4.41,295835.0
2002-11-22,4.41,4.48,4.3,4.41,265015.0
2002-11-25,4.41,4.45,4.36,4.41,71266.0
2002-11-26,4.51,4.51,4.3,4.33,131116.0
2002-11-27,4.32,4.43,4.22,4.34,174710.0
2002-11-28,4.33,4.44,4.28,4.43,258582.0
2002-12-02,4.67,4.68,4.43,4.45,1092834.0
2002-12-03,4.41,4.46,4.32,4.45,300046.0
2002-12-04,4.48,4.52,4.41,4.48,336405.0
2002-12-05,4.43,4.44,4.38,4.41,155880.0
2002-12-06,4.41,4.43,4.36,4.39,139327.0
2002-12-09,4.38,4.43,4.32,4.36,167925.0
2002-12-10,4.39,4.41,4.32,4.34,172222.0
2002-12-11,4.34,4.37,4.3,4.36,253151.0
2002-12-12,4.35,4.44,4.35,4.36,198032.0
2002-12-13,4.34,4.44,4.3,4.42,127435.0
2002-12-16,4.44,4.48,4.42,4.46,194900.0
2002-12-17,4.48,4.51,4.45,4.5,175085.0
2002-12-18,4.49,4.5,4.44,4.45,223550.0
2002-12-19,4.5,4.51,4.41,4.44,84340.0
2002-12-20,4.45,4.52,4.44,4.5,191138.0
2002-12-23,4.51,4.59,4.5,4.51,156200.0
2002-12-24,4.51,4.52,4.48,4.52,104428.0
2002-12-25,4.5,4.52,4.48,4.5,109190.0
2002-12-26,4.48,4.48,4.29,4.3,302675.0
2002-12-27,4.3,4.34,4.27,4.31,259797.0
2002-12-31,4.29,4.3,4.23,4.24,253083.0
2003-01-02,4.2,4.28,4.15,4.15,170658.0
2003-01-03,4.11,4.18,4.11,4.16,139185.0
2003-01-06,4.13,4.22,4.06,4.2,140125.0
2003-01-07,4.18,4.25,4.17,4.21,230519.0
2003-01-08,4.14,4.32,4.14,4.31,271372.0
2003-01-09,4.36,4.45,4.31,4.45,720704.0
2003-01-10,4.43,4.47,4.34,4.34,487895.0
2003-01-13,4.34,4.41,4.33,4.36,112190.0
2003-01-14,4.34,4.64,4.32,4.52,920456.0
2003-01-15,4.54,4.77,4.54,4.68,2330522.0
2003-01-16,4.68,4.86,4.66,4.86,2815191.0
2003-01-17,4.86,4.88,4.75,4.77,1144323.0
2003-01-20,4.75,4.75,4.63,4.75,468941.0
2003-01-21,4.75,4.77,4.6,4.6,570666.0
2003-01-22,4.58,4.64,4.55,4.62,318780.0
2003-01-23,4.62,4.67,4.55,4.56,240480.0
2003-01-24,4.56,4.68,4.55,4.65,285283.0
2003-01-27,4.66,4.72,4.66,4.69,309703.0
2003-01-28,4.68,4.72,4.67,4.72,215660.0
2003-01-29,4.71,4.73,4.68,4.71,208435.0
2003-02-10,4.71,4.71,4.6,4.62,159200.0
2003-02-11,4.64,4.65,4.58,4.64,108730.0
2003-02-12,4.63,4.72,4.6,4.72,198736.0
2003-02-13,4.75,4.75,4.65,4.67,291315.0
2003-02-14,4.63,4.71,4.63,4.71,202391.0
2003-02-17,4.74,4.79,4.64,4.67,476392.0
2003-02-18,4.66,4.78,4.66,4.73,470325.0
2003-02-19,4.77,4.77,4.69,4.77,354459.0
2003-02-20,4.77,4.8,4.72,4.72,406151.0
2003-02-21,4.72,4.73,4.58,4.59,561416.0
2003-02-24,4.6,4.63,4.58,4.59,196614.0
2003-02-25,4.58,4.7,4.58,4.67,255560.0
2003-02-26,4.67,4.7,4.66,4.68,159880.0
2003-02-27,4.68,4.71,4.64,4.7,274318.0
2003-02-28,4.68,4.68,4.62,4.63,345270.0
2003-03-03,4.64,4.72,4.64,4.72,201616.0
2003-03-04,4.89,4.89,4.75,4.78,881569.0
2003-03-05,4.78,4.8,4.71,4.76,315793.0
2003-03-06,4.76,4.76,4.65,4.65,237200.0
2003-03-07,4.65,4.68,4.64,4.66,188225.0
2003-03-10,4.66,4.66,4.55,4.56,281765.0
2003-03-11,4.55,4.59,4.52,4.58,142543.0
2003-03-12,4.57,4.6,4.51,4.55,155410.0
2003-03-13,4.55,4.55,4.48,4.5,173630.0
2003-03-14,4.48,4.51,4.46,4.48,164537.0
2003-03-17,4.48,4.49,4.41,4.46,217350.0
2003-03-18,4.46,4.5,4.41,4.49,405804.0
2003-03-19,4.49,4.59,4.48,4.59,490418.0
2003-03-20,4.62,4.63,4.5,4.5,645771.0
2003-03-21,4.48,4.52,4.47,4.48,334741.0
2003-03-24,4.49,4.52,4.48,4.51,77379.0
2003-03-25,4.48,4.5,4.43,4.44,131032.0
2003-03-26,4.43,4.43,4.38,4.38,155215.0
2003-03-27,4.37,4.55,4.32,4.49,239320.0
2003-03-28,4.49,4.53,4.45,4.46,284360.0
2003-03-31,4.45,4.49,4.43,4.48,241220.0
2003-04-01,4.48,4.55,4.45,4.52,496635.0
2003-04-02,4.5,4.55,4.48,4.5,190500.0
2003-04-03,4.49,4.53,4.48,4.49,157716.0
2003-04-04,4.47,4.53,4.43,4.52,342665.0
2003-04-07,4.52,4.56,4.46,4.46,312015.0
2003-04-08,4.48,4.48,4.41,4.46,274805.0
2003-04-09,4.43,4.49,4.41,4.49,387568.0
2003-04-10,4.49,4.57,4.43,4.55,626390.0
2003-04-11,4.55,4.65,4.55,4.63,768032.0
2003-04-14,4.63,4.75,4.63,4.74,996922.0
2003-04-16,4.8,4.86,4.59,4.61,1107205.0
2003-04-17,4.62,4.68,4.52,4.57,625660.0
2003-04-18,4.56,4.63,4.54,4.58,513341.0
2003-04-21,4.55,4.68,4.55,4.68,697816.0
2003-04-22,4.67,4.8,4.58,4.78,1575556.0
2003-04-23,4.75,4.75,4.6,4.64,803975.0
2003-04-24,4.62,4.64,4.41,4.43,651424.0
2003-04-25,4.44,4.49,4.28,4.33,447980.0
2003-04-28,4.32,4.41,4.21,4.41,576340.0
2003-04-29,4.41,4.41,4.25,4.26,491864.0
2003-04-30,4.27,4.31,4.24,4.29,378160.0
2003-05-12,4.28,4.36,4.2,4.33,342133.0
2003-05-13,4.32,4.32,4.17,4.19,608700.0
2003-05-14,4.19,4.41,4.06,4.38,988957.0
2003-05-15,4.36,4.43,4.26,4.39,770711.0
2003-05-16,4.36,4.42,4.33,4.37,609680.0
2003-05-19,4.38,4.45,4.38,4.39,361900.0
2003-05-20,4.4,4.4,4.31,4.34,206470.0
2003-05-21,4.32,4.34,4.27,4.27,403046.0
2003-05-22,4.27,4.3,4.24,4.29,227666.0
2003-05-23,4.28,4.36,4.26,4.33,540998.0
2003-05-26,4.4,4.4,4.31,4.35,372183.0
2003-05-27,4.35,4.44,4.34,4.43,400188.0
2003-05-28,4.41,4.43,4.34,4.41,699048.0
2003-05-29,4.37,4.43,4.36,4.42,402886.0
2003-05-30,4.45,4.55,4.41,4.54,1262800.0
2003-06-02,4.58,4.62,4.52,4.54,1524577.0
2003-06-03,4.53,4.53,4.43,4.44,458300.0
2003-06-04,4.44,4.5,4.44,4.5,441797.0
2003-06-05,4.54,4.54,4.42,4.43,180150.0
2003-06-06,4.43,4.44,4.34,4.35,268705.0
2003-06-09,4.32,4.39,4.27,4.38,397761.0
2003-06-10,4.38,4.44,4.38,4.4,400659.0
2003-06-11,4.4,4.44,4.38,4.43,316837.0
2003-06-12,4.5,4.5,4.4,4.43,187725.0
2003-06-13,4.46,4.46,4.4,4.43,174575.0
2003-06-16,4.43,4.44,4.37,4.39,291642.0
2003-06-17,4.39,4.41,4.38,4.39,137195.0
2003-06-18,4.4,4.4,4.36,4.36,183235.0
2003-06-19,4.35,4.37,4.3,4.3,280340.0
2003-06-20,4.3,4.33,4.3,4.3,130163.0
2003-06-23,4.3,4.33,4.27,4.28,177721.0
2003-06-24,4.26,4.32,4.26,4.32,181446.0
2003-06-25,4.32,4.32,4.29,4.32,114113.0
2003-06-26,4.3,4.32,4.25,4.29,271585.0
2003-06-27,4.3,4.31,4.22,4.23,224591.0
2003-07-01,4.23,4.26,4.16,4.16,195860.0
2003-07-02,4.16,4.2,4.14,4.2,191810.0
2003-07-03,4.23,4.23,4.18,4.2,156750.0
2003-07-04,4.2,4.21,4.18,4.19,136909.0
2003-07-07,4.18,4.22,4.13,4.19,120670.0
2003-07-08,4.18,4.22,4.18,4.21,196892.0
2003-07-09,4.21,4.22,4.19,4.21,132790.0
2003-07-10,4.2,4.33,4.16,4.33,382628.0
2003-07-11,4.35,4.36,4.29,4.33,395834.0
2003-07-14,4.33,4.34,4.27,4.28,123761.0
2003-07-15,4.29,4.3,4.23,4.25,125675.0
2003-07-16,4.25,4.26,4.24,4.24,80800.0
2003-07-17,4.24,4.27,4.23,4.27,199235.0
2003-07-18,4.26,4.3,4.2,4.28,361331.0
2003-07-21,4.29,4.29,4.16,4.18,195749.0
2003-07-22,4.2,4.26,4.18,4.21,134675.0
2003-07-23,4.21,4.25,4.2,4.25,119304.0
2003-07-24,4.26,4.27,4.2,4.2,100185.0
2003-07-25,4.19,4.21,4.13,4.15,132310.0
2003-07-28,4.13,4.13,4.05,4.05,177735.0
2003-07-29,4.06,4.16,4.06,4.07,116985.0
2003-07-30,4.07,4.07,4.05,4.06,102105.0
2003-07-31,4.06,4.06,4.02,4.04,124080.0
2003-08-01,4.03,4.03,3.97,3.98,174886.0
2003-08-04,3.98,4.06,3.94,4.06,178579.0
2003-08-05,4.06,4.08,4.03,4.06,154125.0
2003-08-06,4.04,4.07,4.03,4.06,79325.0
2003-08-07,4.07,4.08,4.04,4.06,74620.0
2003-08-08,4.05,4.06,4.0,4.01,135725.0
2003-08-11,4.01,4.13,4.01,4.11,442787.0
2003-08-12,4.08,4.12,4.08,4.11,125074.0
2003-08-13,4.09,4.09,4.04,4.04,86100.0
2003-08-14,4.0,4.06,4.0,4.01,81345.0
2003-08-15,4.05,4.09,3.98,4.06,159456.0
2003-08-18,3.98,4.03,3.98,3.98,70499.0
2003-08-19,4.01,4.07,3.98,4.05,133800.0
2003-08-20,4.0,4.07,3.98,4.03,67105.0
2003-08-21,4.03,4.03,4.0,4.0,68590.0
2003-08-22,4.0,4.03,3.99,4.01,98575.0
2003-08-25,4.0,4.0,3.91,3.91,147800.0
2003-08-26,3.91,3.94,3.9,3.92,95065.0
2003-08-27,3.97,3.97,3.91,3.91,85500.0
2003-08-28,3.89,3.93,3.88,3.88,78374.0
2003-08-29,3.9,3.91,3.84,3.86,111040.0
2003-09-01,3.86,3.96,3.86,3.95,144501.0
2003-09-02,3.95,3.96,3.91,3.91,197466.0
2003-09-03,3.93,4.14,3.92,4.05,988106.0
2003-09-04,4.04,4.05,3.98,4.03,421580.0
2003-09-05,4.12,4.37,4.05,4.14,1847541.0
2003-09-08,4.11,4.31,4.05,4.23,1134797.0
2003-09-09,4.22,4.26,4.12,4.13,554863.0
2003-09-10,4.13,4.17,4.03,4.09,286501.0
2003-09-11,4.09,4.1,4.05,4.05,234573.0
2003-09-12,4.12,4.35,4.06,4.24,2866440.0
2003-09-15,4.23,4.3,4.16,4.2,903510.0
2003-09-16,4.2,4.3,4.08,4.25,842380.0
2003-09-17,4.25,4.25,4.16,4.17,417700.0
2003-09-18,4.12,4.18,4.1,4.13,395151.0
2003-09-19,4.11,4.19,4.08,4.13,295198.0
2003-09-22,4.11,4.16,4.03,4.03,473390.0
2003-09-23,4.02,4.03,3.92,3.98,561200.0
2003-09-24,3.98,4.05,3.98,4.04,332381.0
2003-09-25,4.04,4.04,3.94,3.95,247609.0
2003-09-26,3.95,3.95,3.88,3.91,283732.0
2003-09-29,3.91,3.95,3.86,3.94,172788.0
2003-09-30,3.91,3.98,3.89,3.97,200597.0
2003-10-08,3.94,4.02,3.91,3.98,189105.0
2003-10-09,4.01,4.01,3.93,3.94,98500.0
2003-10-10,3.94,4.03,3.89,4.01,368382.0
2003-10-13,4.01,4.04,3.95,3.96,273900.0
2003-10-14,3.95,3.96,3.91,3.91,134660.0
2003-10-15,3.91,3.96,3.87,3.89,235930.0
2003-10-16,3.88,3.91,3.84,3.85,182935.0
2003-10-17,3.85,3.85,3.76,3.77,297904.0
2003-10-20,3.76,3.76,3.68,3.7,215696.0
2003-10-21,3.69,3.74,3.66,3.74,166048.0
2003-10-22,3.75,3.81,3.71,3.81,274519.0
2003-10-23,3.82,3.84,3.69,3.7,256100.0
2003-10-24,3.71,3.75,3.68,3.75,170708.0
2003-10-27,3.76,3.79,3.71,3.76,162795.0
2003-10-28,3.75,3.76,3.69,3.73,211394.0
2003-10-29,3.69,3.73,3.57,3.67,335123.0
2003-10-30,3.69,3.69,3.59,3.6,163660.0
2003-10-31,3.66,3.69,3.59,3.67,455114.0
2003-11-03,3.61,3.67,3.61,3.64,303216.0
2003-11-04,3.64,3.8,3.64,3.8,761150.0
2003-11-05,3.84,3.95,3.82,3.89,1955316.0
2003-11-06,3.84,3.88,3.75,3.76,640400.0
2003-11-07,3.75,3.75,3.62,3.68,320850.0
2003-11-10,3.62,3.73,3.62,3.71,153370.0
2003-11-11,3.69,3.76,3.67,3.76,156235.0
2003-11-12,3.84,3.84,3.68,3.68,181200.0
2003-11-13,3.67,3.73,3.63,3.68,135113.0
2003-11-14,3.68,3.7,3.64,3.68,129324.0
2003-11-17,3.69,3.8,3.66,3.74,219650.0
2003-11-18,3.74,3.74,3.66,3.67,113535.0
2003-11-19,3.63,3.75,3.63,3.72,228323.0
2003-11-20,3.7,3.89,3.69,3.84,810156.0
2003-11-21,3.85,3.87,3.75,3.78,621611.0
2003-11-24,3.76,3.89,3.75,3.88,566776.0
2003-11-25,3.91,3.98,3.84,3.9,977097.0
2003-11-26,3.88,3.94,3.84,3.91,520341.0
2003-11-27,3.96,3.96,3.81,3.94,700889.0
2003-11-28,3.96,4.06,3.91,3.98,2369658.0
2003-12-01,3.98,4.03,3.91,4.01,792753.0
2003-12-02,4.01,4.02,3.94,3.95,517121.0
2003-12-03,3.91,3.94,3.89,3.92,689376.0
2003-12-04,3.92,3.94,3.89,3.91,523809.0
2003-12-05,3.91,3.94,3.88,3.92,382102.0
2003-12-08,3.98,3.98,3.91,3.96,497702.0
2003-12-09,3.93,3.94,3.88,3.94,188420.0
2003-12-10,3.94,3.98,3.89,3.97,465585.0
2003-12-11,3.98,4.0,3.91,3.94,263825.0
2003-12-12,3.94,3.96,3.9,3.93,234979.0
2003-12-15,3.93,3.94,3.87,3.88,357870.0
2003-12-16,3.88,3.88,3.77,3.82,540491.0
2003-12-17,3.82,3.86,3.8,3.8,352604.0
2003-12-18,3.78,3.8,3.71,3.71,422648.0
2003-12-19,3.73,3.75,3.47,3.57,661960.0
2003-12-22,3.55,3.67,3.48,3.65,548419.0
2003-12-23,3.66,3.66,3.59,3.64,446018.0
2003-12-24,3.63,3.66,3.59,3.62,426411.0
2003-12-25,3.61,3.67,3.59,3.67,536231.0
2003-12-26,3.65,3.71,3.63,3.66,431079.0
2003-12-29,3.67,3.67,3.62,3.65,397588.0
2003-12-30,3.63,3.68,3.63,3.66,362256.0
2003-12-31,3.66,3.69,3.66,3.67,358543.0
2004-01-02,3.68,3.72,3.67,3.68,629010.0
2004-01-05,3.69,3.69,3.64,3.67,673633.0
2004-01-06,3.67,3.68,3.63,3.64,634210.0
2004-01-07,3.64,3.76,3.63,3.76,1268904.0
2004-01-08,3.8,3.89,3.8,3.87,2081188.0
2004-01-09,3.87,3.92,3.8,3.82,1119790.0
2004-01-12,3.82,3.86,3.76,3.79,534969.0
2004-01-13,3.84,3.85,3.76,3.81,591190.0
2004-01-14,3.82,3.88,3.82,3.87,554227.0
2004-01-15,3.88,3.9,3.79,3.8,464194.0
2004-01-16,3.79,3.85,3.77,3.83,440766.0
2004-01-29,3.84,3.98,3.79,3.97,810863.0
2004-01-30,3.91,3.98,3.84,3.86,765920.0
2004-02-02,3.89,4.01,3.86,4.01,1411280.0
2004-02-03,4.01,4.07,3.96,4.06,1231221.0
2004-02-04,4.09,4.09,4.01,4.09,1247896.0
2004-02-05,4.09,4.14,4.03,4.12,1357228.0
2004-02-06,4.12,4.12,4.02,4.04,1087872.0
2004-02-09,4.03,4.16,4.03,4.14,1121792.0
2004-02-10,4.17,4.17,4.09,4.13,1018643.0
2004-02-11,4.13,4.23,4.13,4.16,1130139.0
2004-02-12,4.18,4.28,4.16,4.25,1578050.0
2004-02-13,4.25,4.3,4.13,4.15,1086256.0
2004-02-16,4.15,4.25,4.11,4.21,855548.0
2004-02-17,4.23,4.29,4.2,4.28,1208742.0
2004-02-18,4.28,4.3,4.23,4.3,988544.0
2004-02-19,4.28,4.31,4.25,4.26,950925.0
2004-02-20,4.27,4.3,4.22,4.28,853545.0
2004-02-23,4.28,4.38,4.25,4.25,1308977.0
2004-02-24,4.25,4.25,4.12,4.18,1120767.0
2004-02-25,4.18,4.25,4.03,4.05,991872.0
2004-02-26,4.01,4.06,3.97,4.02,728736.0
2004-02-27,4.01,4.12,4.01,4.11,594133.0
2004-03-01,4.08,4.12,3.98,4.12,1174114.0
2004-03-02,4.11,4.13,4.05,4.07,704137.0
2004-03-03,4.07,4.11,3.98,3.98,671029.0
2004-03-04,3.98,4.09,3.98,4.06,630916.0
2004-03-05,4.05,4.11,4.05,4.05,567680.0
2004-03-08,4.03,4.05,3.93,3.93,536621.0
2004-03-09,3.92,4.01,3.87,3.88,327400.0
2004-03-10,3.9,4.16,3.88,4.14,1436293.0
2004-03-11,4.14,4.2,4.06,4.18,2147814.0
2004-03-12,4.16,4.16,4.06,4.11,749303.0
2004-03-15,4.08,4.18,4.08,4.17,834241.0
2004-03-16,4.17,4.19,4.11,4.16,653995.0
2004-03-17,4.16,4.18,4.11,4.16,574468.0
2004-03-18,4.16,4.25,4.12,4.12,1306897.0
2004-03-19,4.11,4.18,4.09,4.17,759130.0
2004-03-22,4.17,4.22,4.16,4.19,1007612.0
2004-03-23,4.2,4.2,4.13,4.17,588035.0
2004-03-24,4.17,4.24,4.17,4.23,1167841.0
2004-03-25,4.21,4.23,4.14,4.17,562289.0
2004-03-26,4.19,4.31,4.13,4.28,1746355.0
2004-03-29,4.28,4.29,4.2,4.23,865798.0
2004-03-30,4.22,4.24,4.19,4.24,629619.0
2004-03-31,4.26,4.28,4.21,4.27,856527.0
2004-04-01,4.4,4.53,4.29,4.31,2167162.0
2004-04-05,4.28,4.33,4.23,4.31,1339365.0
2004-04-06,4.31,4.33,4.25,4.32,1069896.0
2004-04-07,4.33,4.38,4.3,4.38,1309734.0
2004-04-08,4.38,4.41,4.35,4.37,1034970.0
2004-04-09,4.37,4.44,4.26,4.4,2812994.0
2004-04-12,4.41,4.58,4.37,4.55,7256637.0
2004-04-13,4.58,4.58,4.46,4.55,2470106.0
2004-04-14,4.51,4.59,4.3,4.34,1693506.0
2004-04-15,4.32,4.37,4.18,4.19,1191150.0
2004-04-16,4.26,4.38,4.17,4.33,1004486.0
2004-04-19,4.35,4.35,4.17,4.18,688265.0
2004-04-20,4.18,4.19,4.07,4.12,643151.0
2004-04-21,4.09,4.19,4.09,4.13,302872.0
2004-04-22,4.1,4.21,4.1,4.2,361598.0
2004-04-23,4.18,4.18,4.11,4.13,526550.0
2004-04-26,4.13,4.15,4.0,4.02,480828.0
2004-04-27,4.04,4.05,3.9,3.9,721199.0
2004-04-28,3.9,4.0,3.89,3.96,343185.0
2004-04-29,3.95,3.97,3.88,3.92,327174.0
2004-04-30,3.93,3.96,3.9,3.92,214755.0
2004-05-10,3.92,3.94,3.77,3.79,376375.0
2004-05-11,3.8,3.9,3.8,3.85,140958.0
2004-05-12,3.9,3.94,3.85,3.93,220392.0
2004-05-13,3.95,3.95,3.86,3.91,197660.0
2004-05-14,3.91,3.91,3.8,3.82,293174.0
2004-05-17,3.8,3.87,3.8,3.83,138908.0
2004-05-18,3.87,3.93,3.83,3.93,273620.0
2004-05-19,3.97,3.98,3.92,3.93,415195.0
2004-05-20,3.92,3.94,3.84,3.87,242075.0
2004-05-21,3.83,3.9,3.83,3.89,203675.0
2004-05-24,3.92,3.92,3.84,3.85,139575.0
2004-05-25,3.85,3.85,3.69,3.72,376894.0
2004-05-26,3.71,3.76,3.7,3.72,167390.0
2004-05-27,3.72,3.8,3.71,3.79,275585.0
2004-05-28,3.8,3.8,3.74,3.77,445595.0
2004-05-31,3.87,3.87,3.77,3.81,553580.0
2004-06-01,3.9,3.9,3.82,3.87,451209.0
2004-06-02,3.9,3.9,3.82,3.85,332990.0
2004-06-03,3.83,3.83,3.74,3.75,245699.0
2004-06-04,3.74,3.8,3.72,3.77,216912.0
2004-06-07,3.58,3.72,3.58,3.68,186563.0
2004-06-08,3.68,3.72,3.64,3.64,199646.0
2004-06-09,3.65,3.67,3.52,3.55,331000.0
2004-06-10,3.55,3.59,3.52,3.53,249380.0
2004-06-11,3.64,3.64,3.55,3.57,235150.0
2004-06-14,3.58,3.59,3.46,3.47,269160.0
2004-06-15,3.46,3.54,3.44,3.54,195059.0
2004-06-16,3.55,3.58,3.47,3.55,182732.0
2004-06-17,3.53,3.53,3.44,3.45,207000.0
2004-06-18,3.46,3.51,3.45,3.47,193821.0
2004-06-21,3.55,3.6,3.49,3.57,335977.0
2004-06-22,3.58,3.6,3.53,3.6,241576.0
2004-06-23,3.58,3.6,3.47,3.53,135200.0
2004-06-24,3.54,3.58,3.49,3.51,163205.0
2004-06-25,3.62,3.62,3.45,3.46,133800.0
2004-06-28,3.44,3.44,3.3,3.3,237850.0
2004-06-29,3.3,3.4,3.28,3.34,176870.0
2004-06-30,3.29,3.38,3.29,3.32,142900.0
2004-07-01,3.29,3.44,3.29,3.41,254597.0
2004-07-02,3.42,3.46,3.35,3.45,241686.0
2004-07-05,3.42,3.42,3.37,3.39,87895.0
2004-07-06,3.42,3.46,3.39,3.43,159670.0
2004-07-07,3.45,3.45,3.37,3.39,92900.0
2004-07-08,3.39,3.4,3.37,3.39,111839.0
2004-07-09,3.4,3.44,3.38,3.38,136500.0
2004-07-12,3.35,3.37,3.29,3.32,210430.0
2004-07-13,3.29,3.35,3.29,3.32,60135.0
2004-07-14,3.33,3.39,3.3,3.36,304625.0
2004-07-15,3.39,3.46,3.38,3.44,614526.0
2004-07-16,3.46,3.52,3.41,3.5,521623.0
2004-07-19,3.49,3.49,3.44,3.47,223950.0
2004-07-20,3.47,3.47,3.42,3.44,192965.0
2004-07-21,3.43,3.59,3.42,3.57,404014.0
2004-07-22,3.65,3.65,3.4,3.44,491295.0
2004-07-23,3.41,3.44,3.34,3.39,250214.0
2004-07-26,3.37,3.4,3.35,3.37,159883.0
2004-07-27,3.41,3.41,3.28,3.32,151576.0
2004-07-28,3.32,3.37,3.32,3.37,162479.0
2004-07-29,3.36,3.42,3.36,3.41,86285.0
2004-07-30,3.41,3.44,3.39,3.39,108135.0
2004-08-02,3.39,3.51,3.33,3.42,387650.0
2004-08-03,3.49,3.49,3.42,3.43,116160.0
2004-08-04,3.42,3.51,3.42,3.48,374800.0
2004-08-05,3.46,3.49,3.43,3.47,265112.0
2004-08-06,3.49,3.51,3.42,3.47,230551.0
2004-08-09,3.47,3.52,3.47,3.51,295057.0
2004-08-10,3.47,3.51,3.47,3.5,126920.0
2004-08-11,3.48,3.51,3.42,3.42,135565.0
2004-08-12,3.4,3.4,3.32,3.34,214995.0
2004-08-13,3.37,3.37,3.31,3.33,133375.0
2004-08-16,3.33,3.35,3.29,3.3,107975.0
2004-08-17,3.3,3.31,3.26,3.31,114760.0
2004-08-18,3.35,3.36,3.29,3.33,86060.0
2004-08-19,3.29,3.29,3.22,3.22,168900.0
2004-08-20,3.19,3.35,3.17,3.27,186519.0
2004-08-23,3.26,3.34,3.22,3.26,64223.0
2004-08-24,3.26,3.59,3.2,3.45,1622882.0
2004-08-25,3.47,3.59,3.44,3.49,1423075.0
2004-08-26,3.48,3.51,3.34,3.39,368945.0
2004-08-27,3.39,3.44,3.36,3.38,176495.0
2004-08-30,3.35,3.38,3.29,3.34,216092.0
2004-08-31,3.39,3.51,3.38,3.44,407970.0
2004-09-02,3.31,3.47,3.31,3.47,390695.0
2004-09-03,3.44,3.47,3.37,3.44,412659.0
2004-09-06,3.42,3.46,3.4,3.44,169992.0
2004-09-07,3.42,3.49,3.42,3.47,157100.0
2004-09-08,3.49,3.53,3.46,3.47,416062.0
2004-09-09,3.47,3.47,3.37,3.4,255600.0
2004-09-10,3.37,3.42,3.34,3.39,145402.0
2004-09-13,3.36,3.4,3.3,3.31,224675.0
2004-09-14,3.33,3.45,3.33,3.45,354614.0
2004-09-15,3.47,3.69,3.45,3.58,1506511.0
2004-09-16,3.65,3.66,3.53,3.65,1234645.0
2004-09-17,3.64,3.75,3.63,3.74,2111162.0
2004-09-20,3.75,3.83,3.7,3.82,1965420.0
2004-09-21,3.83,3.83,3.71,3.74,1328271.0
2004-09-22,3.72,3.72,3.6,3.64,988428.0
2004-09-23,3.6,3.74,3.59,3.72,498414.0
2004-09-24,3.76,3.79,3.62,3.62,1071868.0
2004-09-27,3.62,3.69,3.55,3.58,584105.0
2004-09-28,3.59,3.63,3.57,3.59,401190.0
2004-09-29,3.58,3.62,3.54,3.55,294900.0
2004-09-30,3.54,3.58,3.45,3.46,260700.0
2004-10-08,3.44,3.55,3.44,3.55,210100.0
2004-10-11,3.55,3.56,3.46,3.5,398512.0
2004-10-12,3.48,3.48,3.44,3.44,325599.0
2004-10-13,3.44,3.46,3.39,3.41,266828.0
2004-10-14,3.42,3.44,3.23,3.24,398058.0
2004-10-15,3.22,3.27,3.22,3.25,325807.0
2004-10-18,3.25,3.26,3.17,3.25,242607.0
2004-10-19,3.26,3.4,3.22,3.33,554963.0
2004-10-20,3.31,3.31,3.22,3.23,346181.0
2004-10-21,3.22,3.31,3.22,3.29,490466.0
2004-10-22,3.31,3.33,3.12,3.29,575796.0
2004-10-25,3.31,3.35,3.16,3.17,471290.0
2004-10-26,3.17,3.26,3.15,3.26,273544.0
2004-10-27,3.27,3.29,3.19,3.29,299165.0
2004-10-28,3.29,3.32,3.22,3.25,550732.0
2004-10-29,3.2,3.22,3.09,3.17,244779.0
2004-11-01,3.15,3.19,3.12,3.18,231070.0
2004-11-02,3.14,3.19,3.12,3.18,104815.0
2004-11-03,3.18,3.22,3.09,3.22,295650.0
2004-11-04,3.2,3.2,3.17,3.2,366655.0
2004-11-05,3.27,3.33,3.22,3.26,790937.0
2004-11-08,3.22,3.24,3.17,3.18,275946.0
2004-11-09,3.17,3.22,3.17,3.2,129040.0
2004-11-10,3.2,3.34,3.15,3.32,726766.0
2004-11-11,3.35,3.41,3.32,3.32,1054765.0
2004-11-12,3.28,3.41,3.28,3.32,342946.0
2004-11-15,3.3,3.34,3.27,3.34,304845.0
2004-11-16,3.33,3.33,3.3,3.32,214645.0
2004-11-17,3.32,3.33,3.24,3.26,266720.0
2004-11-18,3.25,3.29,3.25,3.29,203000.0
2004-11-19,3.27,3.33,3.27,3.33,298813.0
2004-11-22,3.33,3.38,3.3,3.38,474354.0
2004-11-23,3.38,3.38,3.32,3.36,236053.0
2004-11-24,3.34,3.39,3.31,3.32,284830.0
2004-11-25,3.32,3.33,3.27,3.32,228800.0
2004-11-26,3.3,3.35,3.29,3.31,183028.0
2004-11-29,3.29,3.32,3.22,3.23,398545.0
2004-11-30,3.24,3.25,3.2,3.22,181244.0
2004-12-01,3.24,3.26,3.21,3.22,650100.0
2004-12-02,3.22,3.28,3.2,3.27,827944.0
2004-12-03,3.28,3.31,3.26,3.29,484131.0
2004-12-06,3.3,3.32,3.27,3.3,454698.0
2004-12-07,3.3,3.31,3.23,3.24,435605.0
2004-12-08,3.27,3.35,3.24,3.34,1219571.0
2004-12-09,3.37,3.44,3.32,3.38,3099743.0
2004-12-10,3.4,3.4,3.29,3.32,561855.0
2004-12-13,3.29,3.29,3.22,3.24,379190.0
2004-12-14,3.21,3.33,3.21,3.25,197959.0
2004-12-15,3.25,3.29,3.19,3.23,254340.0
2004-12-16,3.22,3.26,3.19,3.19,142200.0
2004-12-17,3.19,3.19,3.14,3.14,305205.0
2004-12-20,3.12,3.17,3.11,3.14,176305.0
2004-12-21,3.19,3.19,3.11,3.13,200113.0
2004-12-22,3.14,3.21,3.12,3.21,264220.0
2004-12-23,3.19,3.22,3.12,3.14,150975.0
2004-12-24,3.12,3.14,3.11,3.13,111600.0
2004-12-27,3.13,3.19,3.1,3.12,115482.0
2004-12-28,3.17,3.17,3.09,3.14,236895.0
2004-12-29,3.14,3.18,3.1,3.14,189023.0
2004-12-30,3.16,3.17,3.14,3.17,440384.0
2004-12-31,3.19,3.19,3.12,3.12,165400.0
2005-01-04,3.12,3.12,2.91,2.97,364550.0
2005-01-05,2.98,3.04,2.96,3.03,225505.0
2005-01-06,2.99,3.03,2.97,2.99,100890.0
2005-01-07,2.98,3.0,2.93,2.94,263895.0
2005-01-10,2.88,2.94,2.88,2.94,204637.0
2005-01-11,2.93,2.98,2.91,2.96,85495.0
2005-01-12,2.94,2.96,2.91,2.96,191189.0
2005-01-13,2.96,2.96,2.92,2.94,159455.0
2005-01-14,2.94,2.98,2.91,2.91,234555.0
2005-01-17,2.79,2.86,2.76,2.79,423064.0
2005-01-18,2.78,2.84,2.78,2.83,295455.0
2005-01-19,2.81,2.83,2.79,2.81,140700.0
2005-01-20,2.81,2.84,2.79,2.79,195715.0
2005-01-21,2.81,2.86,2.78,2.85,336712.0
2005-01-24,2.92,2.97,2.85,2.94,500055.0
2005-01-25,2.92,2.92,2.86,2.89,176894.0
2005-01-26,2.89,2.89,2.84,2.85,209920.0
2005-01-27,2.84,2.86,2.81,2.81,84470.0
2005-01-28,2.81,2.84,2.76,2.78,150610.0
2005-01-31,2.76,2.76,2.64,2.65,308050.0
2005-02-01,2.66,2.69,2.56,2.57,301250.0
2005-02-02,2.59,2.73,2.59,2.71,588810.0
2005-02-03,2.71,2.76,2.63,2.64,341800.0
2005-02-04,2.64,2.72,2.63,2.71,286460.0
2005-02-16,2.72,2.79,2.72,2.75,340170.0
2005-02-17,2.75,2.84,2.72,2.84,544327.0
2005-02-18,2.8,2.97,2.78,2.91,1285027.0
2005-02-21,2.9,3.01,2.86,3.01,1185892.0
2005-02-22,3.01,3.09,2.97,3.07,1499899.0
2005-02-23,3.07,3.08,2.99,3.04,1090552.0
2005-02-24,3.03,3.04,3.0,3.04,703782.0
2005-02-25,3.04,3.14,3.04,3.07,1194363.0
2005-02-28,3.08,3.2,3.07,3.15,1686046.0
2005-03-01,3.12,3.21,3.05,3.21,1443641.0
2005-03-02,3.21,3.29,3.15,3.29,3086581.0
2005-03-03,3.24,3.25,3.15,3.22,2089042.0
2005-03-04,3.22,3.26,3.12,3.12,1299726.0
2005-03-07,3.12,3.21,3.09,3.2,1357670.0
2005-03-08,3.28,3.42,3.28,3.34,4177225.0
2005-03-09,3.31,3.35,3.27,3.33,1589284.0
2005-03-10,3.29,3.3,3.15,3.22,1272135.0
2005-03-11,3.16,3.25,3.12,3.21,531952.0
2005-03-14,3.17,3.27,3.12,3.21,853555.0
2005-03-15,3.17,3.21,3.12,3.18,498194.0
2005-03-16,3.15,3.21,3.1,3.11,723199.0
2005-03-17,3.11,3.14,2.97,2.99,834700.0
2005-03-18,2.96,3.04,2.92,2.94,643156.0
2005-03-21,2.91,2.99,2.91,2.98,379271.0
2005-03-22,2.96,2.99,2.86,2.93,420135.0
2005-03-23,2.89,2.97,2.86,2.91,345698.0
2005-03-24,2.92,2.95,2.89,2.94,148180.0
2005-03-25,2.94,2.99,2.91,2.98,277665.0
2005-03-28,2.94,3.02,2.92,3.01,225627.0
2005-03-29,2.94,3.02,2.92,3.02,384675.0
2005-03-30,2.98,3.05,2.93,2.97,921392.0
2005-03-31,2.92,2.92,2.75,2.82,486907.0
2005-04-01,2.83,2.96,2.76,2.91,383586.0
2005-04-04,2.9,2.9,2.8,2.83,251200.0
2005-04-05,2.81,2.83,2.75,2.77,199805.0
2005-04-07,2.85,2.93,2.84,2.85,475462.0
2005-04-08,2.85,2.9,2.8,2.89,389603.0
2005-04-11,2.88,2.88,2.83,2.86,374589.0
2005-04-12,2.84,2.89,2.8,2.81,154200.0
2005-04-13,2.85,2.9,2.85,2.89,302769.0
2005-04-14,2.9,2.93,2.84,2.84,163300.0
2005-04-15,2.84,2.84,2.74,2.76,302000.0
2005-04-18,2.75,2.81,2.74,2.75,100445.0
2005-04-19,2.75,2.75,2.65,2.71,204471.0
2005-04-20,2.7,2.71,2.66,2.69,161701.0
2005-04-21,2.65,2.7,2.6,2.64,236660.0
2005-04-22,2.64,2.64,2.53,2.62,318710.0
2005-04-25,2.58,2.58,2.52,2.58,190508.0
2005-04-26,2.52,2.68,2.52,2.64,245953.0
2005-04-27,2.64,2.69,2.59,2.6,107100.0
2005-04-28,2.6,2.71,2.57,2.7,334234.0
2005-04-29,2.75,2.76,2.68,2.69,244410.0
2005-05-09,2.64,2.71,2.56,2.61,76600.0
2005-05-10,2.49,2.62,2.49,2.61,219235.0
2005-05-11,2.64,2.72,2.55,2.7,317285.0
2005-05-12,2.73,2.82,2.69,2.79,963380.0
2005-05-13,2.77,2.77,2.68,2.74,421925.0
2005-05-16,2.69,2.72,2.62,2.66,202965.0
2005-05-17,2.66,2.71,2.63,2.67,191100.0
2005-05-18,2.71,2.71,2.62,2.66,141152.0
2005-05-19,2.68,2.68,2.61,2.66,215135.0
2005-05-20,2.66,2.68,2.63,2.64,117300.0
2005-05-23,2.55,2.56,2.37,2.37,592995.0
2005-05-24,2.34,2.39,2.26,2.37,593674.0
2005-05-25,2.34,2.38,2.31,2.37,417435.0
2005-05-26,2.39,2.39,2.34,2.34,202275.0
2005-05-27,2.34,2.36,2.34,2.34,158610.0
2005-05-30,2.29,2.38,2.19,2.37,322334.0
2005-05-31,2.4,2.45,2.35,2.36,476230.0
2005-06-01,2.39,2.4,2.33,2.37,334892.0
2005-06-02,2.37,2.4,2.34,2.35,193300.0
2005-06-03,2.33,2.39,2.32,2.37,175611.0
2005-06-06,2.38,2.4,2.29,2.39,231950.0
2005-06-07,2.39,2.45,2.38,2.43,561348.0
2005-06-08,2.45,2.61,2.43,2.6,1261587.0
2005-06-09,2.56,2.77,2.5,2.65,1594295.0
2005-06-10,2.61,2.66,2.53,2.53,575254.0
2005-06-13,2.57,2.61,2.52,2.54,351195.0
2005-06-14,2.55,2.57,2.45,2.45,256400.0
2005-06-15,2.45,2.47,2.34,2.38,167020.0
2005-06-16,2.34,2.4,2.34,2.38,222815.0
2005-06-17,2.4,2.41,2.36,2.37,150890.0
2005-06-21,2.48,2.57,2.45,2.46,1056652.0
2005-06-22,2.4,2.48,2.4,2.45,254701.0
2005-06-23,2.45,2.47,2.42,2.43,155900.0
2005-06-24,2.46,2.46,2.4,2.42,179001.0
2005-06-27,2.46,2.51,2.45,2.49,363036.0
2005-06-28,2.49,2.49,2.42,2.42,175698.0
2005-06-29,2.47,2.48,2.39,2.39,563250.0
2005-06-30,2.39,2.43,2.33,2.41,499788.0
2005-07-01,2.42,2.44,2.24,2.3,543046.0
2005-07-04,2.26,2.26,2.1,2.18,405038.0
2005-07-05,2.18,2.21,2.13,2.18,245960.0
2005-07-06,2.18,2.21,2.16,2.2,224405.0
2005-07-07,2.2,2.27,2.18,2.27,356859.0
2005-07-08,2.27,2.27,2.14,2.18,229480.0
2005-07-11,2.18,2.26,2.16,2.16,109450.0
2005-07-12,2.18,2.23,2.13,2.23,239598.0
2005-07-13,2.21,2.23,2.18,2.21,201130.0
2005-07-14,2.25,2.25,2.16,2.18,162829.0
2005-07-15,2.18,2.19,2.1,2.11,166400.0
2005-07-18,2.07,2.07,1.9,1.91,561690.0
2005-07-19,1.89,1.94,1.89,1.92,242495.0
2005-07-20,1.91,1.97,1.9,1.94,181790.0
2005-07-21,1.94,1.94,1.89,1.94,143800.0
2005-07-22,1.91,1.99,1.91,1.98,458032.0
2005-07-25,1.95,2.01,1.94,2.0,277989.0
2005-07-26,2.06,2.06,2.0,2.02,1269234.0
2005-07-27,2.02,2.15,1.99,2.13,1053345.0
2005-07-28,2.1,2.18,2.1,2.13,1642107.0
2005-07-29,2.14,2.18,2.11,2.16,1907377.0
2005-08-01,2.15,2.15,2.09,2.1,564675.0
2005-08-02,2.1,2.13,2.05,2.13,322345.0
2005-08-03,2.12,2.18,2.11,2.14,791730.0
2005-08-04,2.11,2.13,2.1,2.12,346595.0
2005-08-05,2.1,2.18,2.1,2.18,619917.0
2005-08-08,2.2,2.21,2.15,2.2,870803.0
2005-08-09,2.2,2.25,2.18,2.24,648038.0
2005-08-10,2.23,2.32,2.21,2.28,1259266.0
2005-08-11,2.29,2.31,2.27,2.29,1085047.0
2005-08-12,2.31,2.31,2.18,2.19,1198799.0
2005-08-15,2.18,2.41,2.18,2.37,1707725.0
2005-08-16,2.37,2.46,2.32,2.42,2469389.0
2005-08-17,2.4,2.52,2.32,2.51,2055401.0
2005-08-18,2.53,2.77,2.52,2.54,7468316.0
2005-08-19,2.58,2.71,2.51,2.66,4408784.0
2005-08-22,2.65,2.74,2.53,2.59,2104592.0
2005-08-23,2.59,2.66,2.44,2.66,1950557.0
2005-08-24,2.67,2.77,2.67,2.72,4288813.0
2005-08-25,2.72,2.72,2.59,2.69,1584749.0
2005-08-26,2.66,2.68,2.59,2.61,1094595.0
2005-08-29,2.61,2.65,2.56,2.61,1013243.0
2005-08-30,2.59,2.59,2.47,2.47,1127183.0
2005-08-31,2.48,2.54,2.45,2.53,881125.0
2005-09-01,2.51,2.58,2.47,2.57,1117744.0
2005-09-02,2.57,2.61,2.54,2.58,956978.0
2005-09-05,2.58,2.63,2.56,2.63,938384.0
2005-09-06,2.65,2.71,2.53,2.54,1682307.0
2005-09-07,2.51,2.65,2.51,2.65,911506.0
2005-09-08,2.67,2.69,2.58,2.62,942924.0
2005-09-09,2.62,2.63,2.53,2.55,611800.0
2005-09-12,2.54,2.58,2.53,2.55,516469.0
2005-09-13,2.55,2.64,2.53,2.63,735229.0
2005-09-14,2.66,2.68,2.58,2.66,1257805.0
2005-09-15,2.68,2.69,2.62,2.66,919957.0
2005-09-16,2.66,2.67,2.59,2.67,1575740.0
2005-09-19,2.67,2.81,2.66,2.8,3228620.0
2005-09-20,2.83,2.95,2.77,2.87,4563210.0
2005-09-21,2.87,2.88,2.72,2.72,1811741.0
2005-09-22,2.69,2.72,2.57,2.58,1514377.0
2005-09-23,2.51,2.8,2.51,2.72,2253900.0
2005-09-26,2.69,2.78,2.64,2.76,1224105.0
2005-09-27,2.75,2.84,2.53,2.56,1485680.0
2005-09-28,2.55,2.63,2.52,2.62,764905.0
2005-09-29,2.64,2.74,2.61,2.73,1302870.0
2005-09-30,2.77,2.77,2.66,2.68,762249.0
2005-10-10,2.73,2.82,2.69,2.77,2046236.0
2005-10-11,2.84,2.95,2.79,2.88,4005449.0
2005-10-12,2.91,2.99,2.88,2.93,4215581.0
2005-10-13,2.91,2.92,2.84,2.85,1553515.0
2005-10-14,2.85,2.85,2.77,2.83,1213919.0
2005-10-17,2.8,2.95,2.78,2.95,1324784.0
2005-10-18,2.94,3.06,2.89,3.04,3503665.0
2005-10-19,3.0,3.02,2.91,2.96,2236942.0
2005-10-20,2.95,3.04,2.88,3.04,4191607.0
2005-10-21,3.01,3.04,2.93,2.94,2353005.0
2005-10-24,2.93,2.98,2.85,2.89,1670198.0
2005-10-25,2.88,2.9,2.81,2.82,1423897.0
2005-10-26,2.82,2.88,2.66,2.7,1530741.0
2005-10-27,2.7,2.72,2.56,2.63,1657266.0
2005-10-28,2.69,2.69,2.4,2.45,1292499.0
2005-10-31,2.42,2.53,2.42,2.5,801633.0
2005-11-01,2.46,2.5,2.32,2.4,1192409.0
2005-11-02,2.4,2.52,2.37,2.5,1405309.0
2005-11-03,2.5,2.53,2.42,2.43,1121011.0
2005-11-04,2.41,2.48,2.4,2.47,647079.0
2005-11-07,2.48,2.49,2.42,2.48,702677.0
2005-11-08,2.5,2.57,2.48,2.56,1629500.0
2005-11-09,2.69,2.71,2.55,2.57,2318375.0
2005-11-10,2.53,2.53,2.4,2.4,1005910.0
2005-11-11,2.4,2.48,2.39,2.45,558998.0
2005-11-14,2.42,2.42,2.38,2.41,591556.0
2005-11-15,2.42,2.44,2.4,2.4,489180.0
2005-11-16,2.39,2.42,2.34,2.41,565519.0
2005-11-17,2.42,2.45,2.41,2.43,550771.0
2005-11-18,2.4,2.5,2.4,2.48,1044283.0
2005-11-21,2.48,2.53,2.45,2.53,836815.0
2005-11-22,2.53,2.54,2.45,2.45,703565.0
2005-11-23,2.42,2.48,2.42,2.45,251786.0
2005-11-24,2.5,2.5,2.44,2.45,275600.0
2005-11-25,2.45,2.45,2.42,2.43,289165.0
2005-11-29,2.44,2.45,2.33,2.36,679695.0
2005-11-30,2.36,2.36,2.29,2.32,469840.0
2005-12-01,2.32,2.38,2.3,2.34,415770.0
2005-12-02,2.32,2.34,2.29,2.3,396605.0
2005-12-05,2.3,2.3,2.11,2.18,580180.0
2005-12-06,2.15,2.21,2.15,2.18,339289.0
2005-12-07,2.18,2.25,2.18,2.23,312058.0
2005-12-08,2.21,2.23,2.2,2.22,229305.0
2005-12-09,2.21,2.26,2.21,2.25,476204.0
2005-12-12,2.24,2.29,2.24,2.29,531052.0
2005-12-13,2.27,2.32,2.23,2.32,595355.0
2005-12-14,2.32,2.33,2.28,2.32,405226.0
2005-12-15,2.32,2.32,2.26,2.26,543276.0
2005-12-16,2.27,2.29,2.26,2.29,259296.0
2005-12-19,2.29,2.29,2.25,2.27,331180.0
2005-12-20,2.26,2.3,2.24,2.3,461024.0
2005-12-21,2.3,2.31,2.26,2.26,554878.0
2005-12-22,2.27,2.27,2.23,2.26,296385.0
2005-12-23,2.25,2.3,2.24,2.3,485870.0
2005-12-26,2.29,2.33,2.29,2.31,620290.0
2005-12-27,2.31,2.34,2.31,2.32,431920.0
2005-12-28,2.3,2.34,2.3,2.32,481126.0
2005-12-29,2.34,2.35,2.32,2.34,623209.0
2005-12-30,2.35,2.38,2.31,2.32,353150.0
2006-01-04,2.34,2.35,2.32,2.35,472420.0
2006-01-05,2.38,2.38,2.34,2.37,1029644.0
2006-01-06,2.37,2.45,2.35,2.41,1274916.0
2006-01-09,2.41,2.54,2.38,2.53,1813375.0
2006-01-10,2.54,2.54,2.48,2.53,886774.0
2006-01-11,2.53,2.68,2.5,2.65,3545984.0
2006-01-12,2.66,2.82,2.65,2.72,7157126.0
2006-01-13,2.74,2.74,2.64,2.69,1916726.0
2006-01-16,2.68,2.68,2.56,2.56,1355830.0
2006-01-17,2.55,2.58,2.53,2.58,835005.0
2006-01-18,2.59,2.65,2.56,2.64,784369.0
2006-01-19,2.64,2.67,2.61,2.64,923184.0
2006-01-20,2.64,2.69,2.56,2.68,1642981.0
2006-01-23,2.66,2.73,2.64,2.68,1246775.0
2006-01-24,2.68,2.68,2.61,2.61,895039.0
2006-01-25,2.61,2.65,2.58,2.58,797670.0
2006-02-06,2.61,2.66,2.56,2.65,595552.0
2006-02-07,2.66,2.66,2.58,2.62,1088732.0
2006-02-08,2.62,2.71,2.59,2.7,1377942.0
2006-02-09,2.71,2.72,2.62,2.63,764715.0
2006-02-10,2.63,2.68,2.62,2.64,869383.0
2006-02-13,2.66,2.76,2.66,2.73,2933046.0
2006-02-14,2.73,2.8,2.7,2.75,1374688.0
2006-02-15,2.8,2.8,2.69,2.71,1550425.0
2006-02-16,2.69,2.7,2.56,2.58,1469256.0
2006-02-17,2.58,2.66,2.56,2.57,716925.0
2006-02-20,2.57,2.59,2.49,2.5,685821.0
2006-02-21,2.5,2.56,2.47,2.56,744489.0
2006-02-22,2.56,2.62,2.54,2.56,749104.0
2006-02-23,2.56,2.57,2.48,2.53,637950.0
2006-02-24,2.53,2.56,2.53,2.56,430825.0
2006-02-27,2.56,2.62,2.56,2.58,650390.0
2006-02-28,2.58,2.63,2.53,2.61,536865.0
2006-03-01,2.61,2.61,2.57,2.59,459903.0
2006-03-02,2.58,2.58,2.48,2.5,716150.0
2006-03-03,2.5,2.54,2.48,2.5,448635.0
2006-03-06,2.48,2.54,2.48,2.5,271887.0
2006-03-07,2.51,2.53,2.4,2.4,714670.0
2006-03-08,2.38,2.4,2.33,2.36,545500.0
2006-03-09,2.36,2.38,2.34,2.35,367400.0
2006-03-10,2.37,2.4,2.35,2.4,411972.0
2006-03-13,2.42,2.45,2.39,2.42,713160.0
2006-03-14,2.42,2.42,2.37,2.4,314136.0
2006-03-15,2.36,2.39,2.34,2.37,412785.0
2006-03-16,2.39,2.4,2.32,2.34,962248.0
2006-03-17,2.34,2.34,2.31,2.33,376962.0
2006-03-20,2.33,2.36,2.31,2.36,432572.0
2006-03-21,2.36,2.42,2.35,2.4,763486.0
2006-03-22,2.38,2.42,2.37,2.4,476848.0
2006-03-23,2.39,2.5,2.39,2.47,1186030.0
2006-03-24,2.48,2.5,2.42,2.43,515540.0
2006-03-27,2.41,2.45,2.39,2.44,323295.0
2006-03-28,2.42,2.5,2.42,2.48,568243.0
2006-03-29,2.45,2.48,2.45,2.46,500152.0
2006-03-30,2.45,2.47,2.39,2.4,576559.0
2006-03-31,2.4,2.4,2.34,2.37,570735.0
2006-04-03,2.4,2.42,2.39,2.41,606464.0
2006-04-04,2.4,2.48,2.4,2.48,863643.0
2006-04-05,2.48,2.49,2.45,2.48,831094.0
2006-04-06,2.48,2.5,2.44,2.45,992110.0
2006-04-07,2.45,2.52,2.44,2.5,1150790.0
2006-04-10,2.52,2.58,2.5,2.58,1636666.0
2006-04-11,2.57,2.62,2.53,2.61,1923660.0
2006-04-12,2.6,2.64,2.57,2.58,1178113.0
2006-04-13,2.56,2.6,2.5,2.51,1899554.0
2006-04-14,2.5,2.61,2.5,2.58,984693.0
2006-04-17,2.58,2.65,2.56,2.61,1651590.0
2006-04-18,2.61,2.63,2.54,2.55,1177104.0
2006-04-19,2.55,2.6,2.51,2.58,1179084.0
2006-04-20,2.58,2.58,2.45,2.46,1084863.0
2006-04-21,2.49,2.65,2.46,2.61,2429782.0
2006-05-08,2.87,2.87,2.7,2.71,2966250.0
2006-05-09,2.72,2.98,2.72,2.96,4955229.0
2006-05-10,2.95,2.95,2.8,2.9,3898134.0
2006-05-11,2.94,3.0,2.86,2.88,3059529.0
2006-05-12,2.88,2.98,2.87,2.89,4666073.0
2006-06-21,3.12,3.22,3.04,3.13,14035227.0
2006-06-22,3.09,3.16,3.04,3.14,4608305.0
2006-06-23,3.14,3.17,3.06,3.16,2602297.0
2006-06-26,3.15,3.36,3.14,3.35,4830202.0
2006-06-27,3.32,3.4,3.28,3.38,5811323.0
2006-06-28,3.39,3.39,3.2,3.23,10382927.0
2006-06-29,3.27,3.3,3.22,3.26,6987627.0
2006-06-30,3.27,3.33,3.25,3.31,5987842.0
2006-07-03,3.32,3.41,3.26,3.36,8323344.0
2006-07-04,3.37,3.45,3.31,3.44,9191297.0
2006-07-05,3.44,3.44,3.27,3.36,6759684.0
2006-07-06,3.39,3.51,3.33,3.51,14020285.0
2006-07-07,3.52,3.54,3.43,3.46,4967246.0
2006-07-10,3.44,3.44,3.34,3.4,3379675.0
2006-07-11,3.41,3.44,3.34,3.4,2437527.0
2006-07-12,3.4,3.46,3.36,3.4,3361487.0
2006-07-13,3.38,3.39,3.07,3.07,4471318.0
2006-07-14,3.06,3.13,3.02,3.09,2476820.0
2006-07-17,3.06,3.22,3.06,3.21,1955159.0
2006-07-18,3.17,3.21,3.15,3.2,1316050.0
2006-07-19,3.2,3.22,3.11,3.19,2098893.0
2006-07-20,3.19,3.27,3.15,3.26,1892546.0
2006-07-21,3.26,3.3,3.21,3.27,2243926.0
2006-07-24,3.27,3.33,3.23,3.32,5039513.0
2006-07-25,3.41,3.46,3.31,3.39,7951079.0
2006-07-26,3.42,3.64,3.42,3.5,10762833.0
2006-07-27,3.47,3.52,3.35,3.4,3814711.0
2006-07-28,3.41,3.47,3.25,3.34,2417980.0
2006-07-31,3.32,3.32,3.16,3.18,2380411.0
2006-08-01,3.16,3.26,3.13,3.22,1643262.0
2006-08-02,3.23,3.32,3.2,3.31,2408716.0
2006-08-03,3.3,3.37,3.26,3.34,2094423.0
2006-08-04,3.35,3.39,3.18,3.3,2387527.0
2006-08-07,3.29,3.46,3.23,3.45,7890131.0
2006-08-08,3.42,3.56,3.4,3.56,8496461.0
2006-08-09,3.56,3.56,3.43,3.48,4040834.0
2006-08-10,3.47,3.58,3.44,3.46,4015686.0
2006-08-11,3.45,3.56,3.38,3.54,5574716.0
2006-08-14,3.56,3.56,3.29,3.33,3882256.0
2006-08-15,3.31,3.38,3.24,3.37,2185847.0
2006-08-16,3.35,3.44,3.31,3.36,2123165.0
2006-08-17,3.42,3.52,3.35,3.45,3535543.0
2006-08-18,3.47,3.48,3.35,3.36,2121621.0
2006-08-21,3.26,3.31,3.13,3.31,2843214.0
2006-08-22,3.26,3.41,3.26,3.38,2907606.0
2006-08-23,3.36,3.41,3.32,3.34,1990560.0
2006-08-24,3.36,3.49,3.32,3.46,4164679.0
2006-08-25,3.46,3.5,3.4,3.46,2531325.0
2006-08-28,3.53,3.58,3.48,3.55,9320228.0
2006-08-29,3.53,3.63,3.48,3.52,5212862.0
2006-08-30,3.48,3.56,3.46,3.54,2974100.0
2006-08-31,3.54,3.54,3.44,3.48,2799361.0
2006-09-01,3.48,3.63,3.45,3.57,9726005.0
2006-09-04,3.62,3.74,3.62,3.68,9930149.0
2006-09-05,3.69,3.7,3.58,3.67,3830692.0
2006-09-06,3.66,3.72,3.6,3.7,4162574.0
2006-09-07,3.71,3.71,3.52,3.54,3997623.0
2006-09-08,3.53,3.59,3.52,3.53,2168199.0
2006-09-11,3.51,3.56,3.46,3.56,2556678.0
2006-09-12,3.56,3.56,3.52,3.53,1620327.0
2006-09-13,3.52,3.53,3.41,3.41,2580682.0
2006-09-14,3.41,3.48,3.39,3.48,1937947.0
2006-09-15,3.45,3.53,3.43,3.5,1829449.0
2006-09-18,3.51,3.54,3.45,3.52,2724794.0
2006-09-19,3.53,3.54,3.48,3.49,1650357.0
2006-09-20,3.48,3.49,3.42,3.45,1719528.0
2006-09-21,3.45,3.48,3.39,3.44,2436880.0
2006-09-22,3.45,3.45,3.32,3.35,2744805.0
2006-09-25,3.35,3.41,3.31,3.4,1380973.0
2006-09-26,3.4,3.4,3.31,3.34,1000571.0
2006-09-27,3.37,3.38,3.32,3.36,1198573.0
2006-09-28,3.35,3.44,3.35,3.41,1572589.0
2006-09-29,3.42,3.43,3.38,3.41,1405814.0
2006-10-09,3.41,3.46,3.41,3.44,1768051.0
2006-10-10,3.53,3.64,3.48,3.52,3993097.0
2006-10-11,3.46,3.51,3.41,3.48,2301473.0
2006-10-12,3.47,3.48,3.37,3.39,2031746.0
2006-10-13,3.39,3.43,3.38,3.38,1397318.0
2006-10-16,3.38,3.44,3.38,3.4,1393479.0
2006-10-17,3.38,3.46,3.38,3.41,984169.0
2006-10-18,3.43,3.44,3.38,3.42,943986.0
2006-10-19,3.42,3.48,3.4,3.48,1915649.0
2006-10-20,3.47,3.52,3.45,3.49,3255596.0
2006-10-23,3.5,3.51,3.3,3.31,2134071.0
2006-10-24,3.29,3.37,3.29,3.34,1450232.0
2006-10-25,3.34,3.35,3.23,3.27,2329668.0
2006-10-26,3.26,3.26,3.2,3.22,1848095.0
2006-10-27,3.22,3.26,3.2,3.22,1295860.0
2006-10-30,3.23,3.23,3.06,3.13,2311199.0
2006-10-31,3.13,3.19,3.12,3.17,1149941.0
2006-11-01,3.17,3.18,3.09,3.17,1724969.0
2006-11-02,3.19,3.26,3.18,3.23,2258255.0
2006-11-03,3.22,3.23,3.18,3.19,1291046.0
2006-11-06,3.19,3.19,3.13,3.19,1628750.0
2006-11-07,3.19,3.21,3.12,3.18,1228785.0
2006-11-08,3.21,3.29,3.21,3.25,3961006.0
2006-11-09,3.23,3.28,3.2,3.23,1835092.0
2006-11-10,3.24,3.24,3.1,3.12,1859197.0
2006-11-13,3.12,3.12,2.95,3.01,1718370.0
2006-11-14,3.01,3.02,2.92,3.01,1222938.0
2006-11-15,3.01,3.03,2.97,3.01,974191.0
2006-11-16,3.02,3.04,2.94,2.95,1464300.0
2006-11-17,2.95,3.0,2.94,2.98,958555.0
2006-11-20,2.98,2.98,2.89,2.94,1491769.0
2006-11-21,2.95,2.96,2.89,2.96,1343060.0
2006-11-22,2.96,3.02,2.92,3.01,1624173.0
2006-11-23,3.01,3.04,2.98,3.02,1252724.0
2006-11-24,3.03,3.07,2.97,3.04,1413544.0
2006-11-27,3.04,3.09,3.02,3.08,1392367.0
2006-11-28,3.09,3.19,3.08,3.17,3695803.0
2006-11-29,3.17,3.19,3.07,3.16,1833195.0
2006-11-30,3.14,3.22,3.14,3.19,2165107.0
2006-12-01,3.2,3.23,3.19,3.21,2371596.0
2006-12-04,3.22,3.23,3.19,3.22,2550950.0
2006-12-05,3.22,3.3,3.21,3.29,2751740.0
2006-12-06,3.3,3.3,3.15,3.25,3494930.0
2006-12-07,3.24,3.4,3.2,3.38,4887232.0
2006-12-08,3.36,3.44,3.28,3.3,6176041.0
2006-12-11,3.3,3.58,3.28,3.56,6737902.0
2006-12-12,3.55,3.62,3.5,3.57,4346190.0
2006-12-13,3.61,3.71,3.44,3.48,4817851.0
2006-12-14,3.53,3.65,3.5,3.53,3394084.0
2006-12-15,3.54,3.55,3.45,3.47,2594518.0
2006-12-18,3.44,3.56,3.43,3.48,2661267.0
2006-12-19,3.51,3.53,3.3,3.38,3732482.0
2006-12-20,3.44,3.51,3.31,3.46,3995102.0
2006-12-21,3.45,3.61,3.36,3.56,5447161.0
2006-12-22,3.54,3.54,3.41,3.49,2705432.0
2006-12-25,3.55,3.57,3.5,3.54,3733075.0
2006-12-26,3.51,3.51,3.42,3.45,2144248.0
2006-12-27,3.46,3.51,3.44,3.47,1987656.0
2006-12-28,3.47,3.5,3.31,3.33,2609472.0
2006-12-29,3.34,3.57,3.34,3.49,4146350.0
2007-01-04,3.51,3.54,3.43,3.44,2091833.0
2007-01-05,3.44,3.5,3.37,3.48,2217475.0
2007-01-08,3.53,3.75,3.49,3.73,5850770.0
2007-01-09,3.74,3.78,3.66,3.75,5221691.0
2007-01-10,3.75,3.93,3.73,3.93,6677217.0
2007-01-11,3.93,4.09,3.89,4.0,6512596.0
2007-01-12,4.05,4.08,3.86,3.91,4772531.0
2007-01-15,3.89,4.04,3.89,4.04,3629406.0
2007-01-16,4.04,4.34,4.03,4.26,3290696.0
2007-01-17,4.26,4.43,4.09,4.23,5458744.0
2007-01-18,4.23,4.34,4.16,4.26,2957898.0
2007-01-19,4.26,4.37,4.25,4.3,2958703.0
2007-01-22,4.32,4.47,4.3,4.39,17646806.0
2007-01-23,4.36,4.66,4.23,4.54,13114337.0
2007-01-24,4.57,4.63,4.41,4.52,4303340.0
2007-01-25,4.46,4.53,4.33,4.37,4698252.0
2007-01-26,4.33,4.42,4.11,4.3,3606296.0
2007-01-29,4.3,4.49,4.23,4.43,4635253.0
2007-01-30,4.45,4.52,4.31,4.35,3178055.0
2007-01-31,4.32,4.42,4.22,4.26,3603479.0
2007-02-01,4.23,4.28,4.13,4.19,2849358.0
2007-02-02,4.19,4.3,4.13,4.19,2242889.0
2007-02-05,4.16,4.26,4.09,4.11,2468003.0
2007-02-06,4.13,4.26,4.1,4.25,2481425.0
2007-02-07,4.26,4.3,4.18,4.27,2838414.0
2007-02-08,4.29,4.36,4.22,4.36,3417338.0
2007-02-09,4.37,4.38,4.28,4.34,1922792.0
2007-02-13,4.45,4.51,4.38,4.44,3121361.0
2007-02-14,4.46,4.71,4.46,4.62,4412415.0
2007-02-15,4.63,5.08,4.6,5.03,5922019.0
2007-02-16,5.03,5.33,4.98,5.14,5725992.0
2007-02-26,5.18,5.5,5.18,5.44,3545837.0
2007-02-27,5.44,5.52,4.89,4.89,6285338.0
2007-02-28,4.84,5.28,4.82,5.2,4651408.0
2007-03-01,5.19,5.21,4.8,4.98,4139301.0
2007-03-02,5.0,5.13,4.92,5.01,2892826.0
2007-03-05,5.0,5.15,4.85,5.01,3476643.0
2007-03-06,5.02,5.19,4.97,5.11,2672715.0
2007-03-07,5.13,5.33,5.11,5.28,4387248.0
2007-03-08,5.31,5.4,5.2,5.34,2995297.0
2007-03-09,5.34,5.59,5.3,5.5,3976026.0
2007-03-12,5.49,5.86,5.49,5.78,6218923.0
2007-03-13,5.77,6.05,5.75,5.89,7266179.0
2007-03-14,5.85,5.91,5.58,5.76,5260477.0
2007-03-15,5.94,6.03,5.63,5.65,5847359.0
2007-03-16,5.65,6.22,5.62,6.22,17701676.0
2007-03-19,6.07,6.56,5.84,6.41,18165113.0
2007-03-20,6.42,6.5,6.18,6.39,8382596.0
2007-03-21,6.46,6.46,6.2,6.36,6364531.0
2007-03-22,6.37,6.44,6.32,6.38,6639882.0
2007-03-23,6.37,6.43,6.27,6.41,6441149.0
2007-03-26,6.47,6.68,6.47,6.56,9092842.0
2007-03-27,6.59,6.77,6.47,6.73,7376630.0
2007-03-28,6.71,6.73,6.23,6.51,6226133.0
2007-03-29,6.52,6.53,6.05,6.08,6770590.0
2007-03-30,6.05,6.2,5.97,6.15,3175211.0
2007-04-02,6.17,6.32,6.07,6.29,3966515.0
2007-04-03,6.29,6.34,6.15,6.27,4310640.0
2007-04-04,6.27,6.36,6.17,6.34,5694922.0
2007-04-05,6.33,6.57,6.25,6.5,6053491.0
2007-04-06,6.4,6.63,6.35,6.63,8956154.0
2007-04-09,6.71,6.86,6.63,6.81,10358550.0
2007-04-10,6.86,6.9,6.49,6.78,10538039.0
2007-04-11,6.78,6.89,6.68,6.81,11451522.0
2007-04-12,6.82,6.97,6.69,6.97,9579649.0
2007-04-13,6.97,7.47,6.78,7.2,12487970.0
2007-04-16,7.15,7.78,7.11,7.67,19819860.0
2007-04-17,7.82,7.98,7.59,7.94,19608951.0
2007-04-18,7.96,7.96,7.73,7.85,9982718.0
2007-04-19,7.85,7.85,7.06,7.29,10305302.0
2007-04-20,7.29,7.66,7.29,7.6,7112848.0
2007-04-23,7.64,7.97,7.64,7.9,10630095.0
2007-04-24,7.9,8.05,7.69,7.9,13892391.0
2007-04-25,7.88,7.88,7.5,7.76,8808414.0
2007-04-26,7.76,8.16,7.68,8.03,15883014.0
2007-04-30,7.79,8.07,7.75,7.98,13306324.0
2007-05-08,8.17,8.78,8.09,8.78,22119905.0
2007-05-09,9.21,9.37,8.65,9.04,34402855.0
2007-05-10,9.03,9.21,8.77,9.07,10868444.0
2007-05-11,9.05,9.05,8.79,8.87,7597569.0
2007-05-14,8.76,9.13,8.55,8.98,9717669.0
2007-05-15,9.03,9.88,8.76,9.38,19770115.0
2007-05-16,9.51,10.09,9.51,9.92,27712445.0
2007-05-17,10.0,10.09,9.7,9.89,14814719.0
2007-05-18,9.9,9.94,9.63,9.76,9657433.0
2007-05-21,9.51,10.14,9.37,9.96,12315878.0
2007-05-22,10.14,10.45,9.95,10.03,12955916.0
2007-05-23,10.02,10.28,9.94,10.27,13349214.0
2007-05-24,10.17,10.36,9.66,10.23,16422954.0
2007-05-25,10.37,10.84,10.37,10.7,19710123.0
2007-05-28,10.74,11.23,10.56,11.09,19950178.0
2007-05-29,11.24,11.82,11.24,11.52,21514307.0
2007-05-30,10.67,11.33,10.37,10.37,14925300.0
2007-05-31,9.94,10.54,9.33,9.92,14497218.0
2007-06-01,9.91,9.98,8.92,8.92,7358061.0
2007-06-04,8.22,8.68,8.03,8.03,3669830.0
2007-06-05,7.23,7.69,7.23,7.63,12874086.0
2007-06-06,7.73,7.97,7.06,7.64,9162068.0
2007-06-07,7.64,8.0,7.61,7.96,8814964.0
2007-06-08,8.02,8.6,8.02,8.27,9683856.0
2007-06-11,8.33,8.45,8.15,8.22,8653326.0
2007-06-12,8.2,8.47,7.73,8.33,10035524.0
2007-06-13,8.46,8.94,8.44,8.92,10975698.0
2007-06-14,8.81,8.81,8.51,8.53,7706959.0
2007-06-15,8.43,9.17,8.23,9.08,11629439.0
2007-06-18,9.66,9.8,9.37,9.56,19520435.0
2007-06-19,9.62,9.72,9.28,9.68,10435442.0
2007-06-20,9.68,9.95,9.14,9.23,9480472.0
2007-06-21,9.08,9.31,8.74,8.86,8790389.0
2007-06-22,8.85,8.85,8.07,8.21,12721055.0
2007-06-25,8.05,8.31,7.38,7.38,8463710.0
2007-06-26,7.21,7.6,6.83,7.57,7058411.0
2007-06-27,7.57,7.93,7.42,7.77,5635304.0
2007-06-28,7.75,7.76,7.0,7.0,5790699.0
2007-06-29,6.75,6.86,6.3,6.35,6742016.0
2007-07-02,6.35,6.83,6.35,6.78,6826138.0
2007-07-03,6.78,6.94,6.56,6.89,4116146.0
2007-07-04,6.89,7.19,6.81,7.02,6008995.0
2007-07-05,7.01,7.18,6.81,6.84,5415565.0
2007-07-06,6.77,7.27,6.38,7.25,9459586.0
2007-07-09,7.37,7.9,7.15,7.81,18530097.0
2007-07-10,7.62,7.83,7.37,7.45,11949011.0
2007-07-11,7.35,7.82,7.35,7.8,10062285.0
2007-07-12,7.69,7.97,7.54,7.83,8264572.0
2007-07-13,7.88,7.88,7.35,7.65,5967871.0
2007-07-16,7.54,7.64,6.91,6.92,6624802.0
2007-07-17,6.85,7.18,6.67,7.12,4440817.0
2007-07-18,7.06,7.24,6.91,7.01,3064211.0
2007-07-19,7.02,7.48,6.97,7.37,4827241.0
2007-07-20,7.33,8.11,7.25,7.97,17559839.0
2007-07-23,8.1,8.56,8.02,8.48,16066650.0
2007-07-24,8.39,8.68,8.13,8.23,10342578.0
2007-07-25,8.21,8.58,8.18,8.51,8400614.0
2007-07-26,8.51,8.79,8.43,8.62,7883914.0
2007-07-27,8.62,9.16,8.49,9.13,11288831.0
2007-07-30,9.28,9.83,9.23,9.66,20874992.0
2007-07-31,9.65,9.65,9.04,9.22,21559691.0
2007-08-01,9.23,9.37,8.32,8.38,14237463.0
2007-08-02,8.4,8.82,8.28,8.68,7018800.0
2007-08-03,8.7,8.79,8.36,8.53,7507239.0
2007-08-06,8.63,8.7,8.4,8.6,7934838.0
2007-08-07,8.61,8.82,8.42,8.79,9752511.0
2007-08-08,8.98,9.15,8.66,8.85,15402046.0
2007-08-09,8.77,8.86,8.6,8.66,6064932.0
2007-08-10,8.65,8.66,8.03,8.17,6612382.0
2007-08-13,8.12,8.13,7.86,8.05,4559389.0
2007-08-14,8.05,8.44,8.05,8.36,4434948.0
2007-08-15,8.36,8.49,7.88,8.17,4850051.0
2007-08-16,8.15,8.38,8.02,8.29,3554130.0
2007-08-17,8.31,8.47,8.25,8.33,4376658.0
2007-08-20,8.49,8.66,8.47,8.63,5097750.0
2007-08-21,8.64,8.77,8.49,8.66,5376012.0
2007-08-22,8.56,8.84,8.42,8.8,8606930.0
2007-08-23,8.82,8.89,8.7,8.79,5999398.0
2007-08-24,8.84,9.05,8.78,8.95,9884777.0
2007-08-27,9.05,9.08,8.6,8.66,7168109.0
2007-08-28,8.75,8.87,8.51,8.82,6805476.0
2007-08-29,8.77,9.07,8.67,8.96,10206288.0
2007-08-30,9.01,9.47,8.89,9.46,15115925.0
2007-08-31,9.61,9.81,9.28,9.3,31029776.0
2007-09-03,9.47,9.75,9.38,9.66,18652518.0
2007-09-04,9.77,9.81,9.44,9.53,11925230.0
2007-09-05,9.63,10.15,9.49,10.14,16830981.0
2007-09-06,10.2,10.73,10.05,10.43,24903588.0
2007-09-07,10.27,10.68,10.03,10.29,16099446.0
2007-09-10,10.22,11.33,10.05,11.33,23067442.0
2007-09-11,11.55,11.55,10.2,10.21,21894407.0
2007-09-12,10.05,10.44,9.53,10.13,14333837.0
2007-09-13,10.15,10.24,9.67,10.14,9866987.0
2007-09-14,10.15,10.2,9.8,9.99,7652963.0
2007-09-17,9.95,10.5,9.86,10.33,10345996.0
2007-09-18,10.37,10.44,10.05,10.25,8151322.0
2007-09-19,10.32,10.32,9.86,9.92,7020980.0
2007-09-20,10.0,10.23,9.92,10.14,6082298.0
2007-09-21,10.2,10.75,10.11,10.57,16127617.0
2007-09-24,10.73,11.02,10.46,10.81,14481308.0
2007-09-25,10.78,10.78,10.2,10.25,7703912.0
2007-09-26,10.2,10.58,10.13,10.24,5007796.0
2007-09-27,10.27,10.39,10.04,10.1,4438516.0
2007-09-28,10.13,10.49,10.12,10.32,7123720.0
2007-10-08,10.52,10.53,10.13,10.16,5416294.0
2007-10-09,10.15,10.24,9.93,10.2,4930772.0
2007-10-10,10.24,10.3,9.98,10.04,5149418.0
2007-10-11,10.07,10.1,9.67,9.74,6622431.0
2007-10-12,9.74,9.76,8.78,9.29,7781531.0
2007-10-15,9.3,9.35,8.86,9.16,4312916.0
2007-10-16,9.16,9.58,9.12,9.56,4206887.0
2007-10-17,9.57,9.71,9.37,9.39,3623118.0
2007-10-18,9.33,9.57,9.28,9.44,2904871.0
2007-10-19,9.47,9.61,9.1,9.15,3249944.0
2007-10-22,9.04,9.05,8.67,8.89,3780593.0
2007-10-23,8.78,9.14,8.75,9.13,2947226.0
2007-10-24,9.07,9.28,8.93,9.19,4096444.0
2007-10-25,9.11,9.2,8.27,8.39,5181716.0
2007-10-26,8.49,8.66,8.27,8.6,7601996.0
2007-10-29,8.6,8.61,8.12,8.52,4318847.0
2007-10-30,8.39,8.67,8.33,8.64,3075679.0
2007-10-31,8.64,9.08,8.64,8.99,5158242.0
2007-11-01,8.99,8.99,8.47,8.49,3479097.0
2007-11-02,8.22,8.39,8.0,8.01,3603489.0
2007-11-05,7.93,8.17,7.75,8.08,2529865.0
2007-11-06,8.08,8.31,8.08,8.2,1830951.0
2007-11-07,8.21,8.29,7.94,8.22,1950973.0
2007-11-08,8.36,8.36,7.93,7.98,1834054.0
2007-11-09,7.83,8.22,7.81,8.2,2230155.0
2007-11-12,8.12,8.44,7.94,8.41,5184412.0
2007-11-13,8.64,8.99,8.58,8.81,14931840.0
2007-11-14,8.73,8.97,8.6,8.85,5509817.0
2007-11-15,8.87,8.87,8.51,8.54,3577842.0
2007-11-16,8.41,8.55,8.29,8.48,2255718.0
2007-11-19,8.4,8.72,8.4,8.6,1966370.0
2007-11-20,8.65,8.74,8.55,8.65,2149097.0
2007-11-21,8.7,8.81,8.37,8.41,2906234.0
2007-11-22,8.22,8.29,7.79,7.88,3237130.0
2007-11-23,7.85,8.06,7.8,8.05,1529147.0
2007-11-26,8.21,8.21,7.88,7.89,1729620.0
2007-11-27,7.93,7.99,7.88,7.92,1448211.0
2007-11-28,7.93,8.06,7.89,7.93,956476.0
2007-11-29,8.02,8.12,7.91,8.11,1656730.0
2007-11-30,8.12,8.13,7.84,7.93,1747461.0
2007-12-03,7.99,8.01,7.81,8.0,1535376.0
2007-12-04,8.01,8.11,7.97,8.04,1241541.0
2007-12-05,8.03,8.22,7.98,8.2,2366991.0
2007-12-06,8.22,8.35,8.15,8.22,2698823.0
2007-12-07,8.26,8.36,8.2,8.34,2365749.0
2007-12-10,8.26,8.52,8.22,8.5,3325281.0
2007-12-11,8.51,8.57,8.39,8.55,3418379.0
2007-12-12,8.52,8.75,8.46,8.64,4295483.0
2007-12-13,8.6,8.71,8.43,8.48,3749943.0
2007-12-14,8.44,8.94,8.36,8.92,5728641.0
2007-12-17,9.2,9.32,9.03,9.14,15880440.0
2007-12-18,9.07,9.14,8.81,8.83,3843902.0
2007-12-19,8.88,9.09,8.88,9.08,3123288.0
2007-12-20,9.08,9.26,8.99,9.0,3570890.0
2007-12-21,8.94,9.18,8.89,9.15,4389311.0
2007-12-24,9.24,9.32,9.09,9.18,5596095.0
2007-12-25,9.21,9.28,9.08,9.28,3899061.0
2007-12-26,9.33,9.52,9.21,9.49,5999812.0
2007-12-27,9.57,9.94,9.47,9.88,8292114.0
2007-12-28,10.05,10.13,9.76,9.8,16407397.0
2008-01-02,9.82,10.08,9.66,10.01,4694777.0
2008-01-03,9.9,10.15,9.86,10.12,6070795.0
2008-01-04,10.12,10.2,9.9,10.01,4386114.0
2008-01-07,10.0,10.1,9.81,10.01,5998890.0
2008-01-08,10.01,10.01,9.45,9.55,7757787.0
2008-01-09,9.49,9.9,9.43,9.86,5538899.0
2008-01-10,9.92,10.05,9.76,9.79,5490868.0
2008-01-11,9.79,9.85,9.52,9.68,4260214.0
2008-01-14,9.68,10.04,9.68,10.0,6013669.0
2008-01-16,10.05,10.32,9.95,10.18,11662090.0
2008-01-17,10.1,10.29,9.53,9.93,6666142.0
2008-01-18,9.93,10.05,9.68,9.91,3311860.0
2008-01-21,9.95,10.23,9.72,9.92,7216992.0
2008-01-22,9.67,9.69,8.92,8.92,5405362.0
2008-01-23,8.58,9.26,8.58,9.1,4907522.0
2008-01-24,9.21,9.36,9.01,9.25,4615026.0
2008-01-25,9.26,9.46,9.1,9.27,4032090.0
2008-01-28,9.28,9.28,8.36,8.39,3436574.0
2008-01-29,8.29,8.74,8.29,8.64,1589371.0
2008-01-30,8.64,8.79,8.39,8.59,2439023.0
2008-01-31,8.6,8.74,8.39,8.4,1672875.0
2008-02-01,8.49,8.6,7.74,7.99,2148306.0
2008-02-04,8.21,8.69,8.2,8.67,3342007.0
2008-02-05,8.65,8.73,8.46,8.59,2150865.0
2008-02-13,8.51,8.74,8.41,8.51,1989208.0
2008-02-14,8.57,8.86,8.57,8.76,2080358.0
2008-02-15,8.7,8.76,8.37,8.59,2839946.0
2008-02-18,8.7,8.93,8.69,8.84,3084109.0
2008-02-19,8.84,9.04,8.7,8.99,3182243.0
2008-02-20,9.07,9.17,8.92,9.03,4239980.0
2008-02-21,8.99,9.43,8.87,9.41,6040397.0
2008-02-22,9.55,9.62,9.08,9.31,7069786.0
2008-02-25,9.31,9.43,8.72,8.79,3244381.0
2008-02-26,9.15,9.18,8.68,9.0,2358903.0
2008-02-27,9.12,9.57,8.96,9.53,4557284.0
2008-02-28,9.56,9.9,9.31,9.66,9845135.0
2008-02-29,9.55,9.75,9.47,9.66,4377868.0
2008-03-03,9.66,10.03,9.52,9.95,7490377.0
2008-03-04,10.09,10.13,9.82,10.1,10277856.0
2008-03-05,10.05,10.44,9.94,10.42,15202899.0
2008-03-06,10.71,11.4,10.32,10.41,25870527.0
2008-03-07,9.87,10.03,9.45,9.58,19803348.0
2008-03-10,9.37,9.54,9.15,9.36,7245486.0
2008-03-11,9.33,9.66,9.17,9.66,5127149.0
2008-03-12,9.86,10.03,9.31,9.43,5561589.0
2008-03-13,9.28,9.57,8.69,8.9,4638189.0
2008-03-14,8.9,9.1,8.62,8.96,3774540.0
2008-03-17,8.89,8.89,8.06,8.06,5880364.0
2008-03-18,7.76,8.08,7.26,7.35,5521777.0
2008-03-19,7.64,7.91,7.4,7.82,4651018.0
2008-03-20,7.06,8.26,7.04,8.07,4416182.0
2008-03-21,8.06,8.25,7.89,8.1,3733938.0
2008-03-24,8.12,8.2,7.73,7.74,4029340.0
2008-03-25,7.56,8.01,7.45,7.95,2928876.0
2008-03-26,7.99,8.2,7.88,7.94,2687442.0
2008-03-27,7.74,7.92,7.35,7.37,2844079.0
2008-03-28,7.3,7.73,7.13,7.7,2796375.0
2008-03-31,7.42,7.63,7.27,7.35,1687797.0
2008-04-01,7.42,7.51,6.61,6.65,3044519.0
2008-04-02,6.73,6.82,6.08,6.21,2458187.0
2008-04-03,6.21,6.48,6.0,6.41,2133701.0
2008-04-07,6.33,6.87,6.2,6.82,2628706.0
2008-04-08,6.77,7.01,6.68,6.86,2836838.0
2008-04-09,6.82,6.9,6.33,6.4,2522322.0
2008-04-10,6.31,6.52,6.21,6.51,2018694.0
2008-04-11,6.55,6.77,6.49,6.69,1974776.0
2008-04-14,6.52,6.59,6.14,6.17,1914811.0
2008-04-15,6.14,6.46,6.1,6.45,1500608.0
2008-04-16,6.38,6.55,6.3,6.39,1528808.0
2008-04-17,6.48,6.52,6.03,6.2,1404411.0
2008-04-18,6.2,6.2,5.62,5.65,2031562.0
2008-04-21,6.09,6.12,5.65,5.71,1836103.0
2008-04-22,5.68,5.68,5.23,5.52,1798401.0
2008-04-23,5.52,5.78,5.41,5.75,1928993.0
2008-04-24,6.28,6.33,6.09,6.33,5499594.0
2008-04-25,6.37,6.62,6.26,6.34,4558103.0
2008-04-28,6.19,6.28,6.05,6.11,2848592.0
2008-04-30,6.1,6.32,6.0,6.28,7841690.0
2008-05-05,6.24,6.54,5.99,6.46,7583522.0
2008-05-06,6.41,6.87,6.2,6.64,10805739.0
2008-05-07,6.66,6.73,6.17,6.27,6249012.0
2008-05-08,6.52,6.52,6.19,6.51,6070926.0
2008-05-09,6.43,6.56,6.17,6.32,4386499.0
2008-05-12,6.19,6.3,5.93,6.2,4765026.0
2008-05-13,5.94,6.15,5.91,6.01,4813387.0
2008-05-14,6.05,6.28,6.05,6.25,3771700.0
2008-05-15,6.36,6.54,6.28,6.3,5831917.0
2008-05-16,6.31,6.51,6.25,6.4,5137299.0
2008-05-19,6.48,6.49,6.2,6.25,2197074.0
2008-05-20,6.23,6.34,5.63,5.65,3433939.0
2008-05-21,5.69,5.88,5.51,5.88,3338123.0
2008-05-22,5.8,6.09,5.71,5.88,2640018.0
2008-05-23,5.86,5.99,5.7,5.87,2210941.0
2008-05-26,5.89,5.91,5.62,5.62,1740954.0
2008-05-27,5.57,5.68,5.53,5.63,1089255.0
2008-05-28,5.64,5.82,5.58,5.78,1349383.0
2008-05-29,5.79,5.79,5.52,5.54,1411038.0
2008-05-30,5.53,5.61,5.33,5.5,2172869.0
2008-06-02,5.47,5.59,5.42,5.54,1366356.0
2008-06-03,5.51,5.54,5.41,5.48,1592258.0
2008-06-04,5.47,5.47,5.31,5.37,1329555.0
2008-06-05,5.37,5.47,5.33,5.43,959687.0
2008-06-06,5.43,5.46,5.34,5.39,781782.0
2008-06-10,5.26,5.26,4.85,4.85,2215119.0
2008-06-11,4.75,4.76,4.48,4.57,2028512.0
2008-06-12,4.57,4.62,4.36,4.45,1675442.0
2008-06-13,4.46,4.51,4.26,4.29,1134687.0
2008-06-16,4.27,4.39,4.18,4.31,1334099.0
2008-06-17,4.34,4.34,3.88,3.88,2189350.0
2008-06-18,3.85,4.17,3.7,4.12,3065737.0
2008-06-20,3.8,4.37,3.7,4.04,5498399.0
2008-06-23,3.92,4.2,3.78,4.08,3235909.0
2008-06-24,4.12,4.21,3.96,4.17,4575919.0
2008-06-25,4.12,4.39,4.05,4.39,5282205.0
2008-06-26,4.34,4.45,4.22,4.34,4181927.0
2008-06-27,4.15,4.23,3.91,3.92,2709794.0
2008-06-30,3.89,4.01,3.85,3.97,1101534.0
2008-07-01,4.0,4.0,3.81,3.82,1256662.0
2008-07-02,3.85,3.99,3.78,3.87,1284140.0
2008-07-03,3.86,4.11,3.78,4.06,2544598.0
2008-07-04,4.0,4.21,4.0,4.07,2357766.0
2008-07-07,4.1,4.29,4.07,4.27,2709803.0
2008-07-08,4.25,4.39,4.18,4.35,3501433.0
2008-07-09,4.4,4.57,4.32,4.56,5464148.0
2008-07-10,4.46,4.54,4.34,4.35,4418366.0
2008-07-11,4.29,4.37,4.17,4.29,2516878.0
2008-07-14,4.28,4.43,4.26,4.43,2098073.0
2008-07-15,4.5,4.64,4.45,4.51,7782159.0
2008-07-16,4.41,4.48,4.06,4.11,3898521.0
2008-07-17,4.17,4.27,4.05,4.09,2473389.0
2008-07-18,4.17,4.24,3.98,4.22,2428908.0
2008-07-21,4.22,4.41,4.12,4.37,3222014.0
2008-07-22,4.35,4.63,4.29,4.55,4743947.0
2008-07-23,4.5,4.54,4.39,4.41,3108496.0
2008-07-24,4.42,4.51,4.39,4.48,3465245.0
2008-07-25,4.44,4.46,4.31,4.38,2457269.0
2008-07-28,4.41,4.54,4.38,4.49,2959495.0
2008-07-29,4.46,4.59,4.39,4.56,4289132.0
2008-07-30,4.61,4.73,4.44,4.47,4977784.0
2008-07-31,4.44,4.49,4.18,4.2,2908472.0
2008-08-01,4.29,4.45,4.24,4.33,3972678.0
2008-08-04,4.26,4.27,4.1,4.12,1974619.0
2008-08-05,4.12,4.15,4.0,4.09,1380665.0
2008-08-06,4.09,4.12,3.95,4.04,997869.0
2008-08-07,4.05,4.12,4.02,4.11,907993.0
2008-08-08,4.12,4.12,3.71,3.72,1320150.0
2008-08-11,3.63,3.72,3.34,3.34,1667217.0
2008-08-12,3.29,3.39,3.26,3.32,963978.0
2008-08-13,3.32,3.35,3.16,3.31,930102.0
2008-08-14,3.31,3.36,3.27,3.33,620565.0
2008-08-15,3.29,3.38,3.28,3.32,542745.0
2008-08-18,3.34,3.34,2.99,3.0,1220656.0
2008-08-19,3.0,3.07,2.94,3.06,732116.0
2008-08-20,3.04,3.34,2.97,3.31,1831383.0
2008-08-21,3.28,3.3,3.17,3.19,1190948.0
2008-08-22,3.16,3.2,3.08,3.12,767704.0
2008-08-25,3.12,3.21,3.09,3.15,614315.0
2008-08-26,3.19,3.19,2.95,3.04,941630.0
2008-08-27,3.0,3.08,2.94,3.05,654000.0
2008-08-28,3.06,3.09,3.01,3.04,551129.0
2008-08-29,3.06,3.19,3.04,3.14,1200041.0
2008-09-01,3.12,3.13,2.94,3.04,850815.0
2008-09-02,3.03,3.19,2.98,3.15,1365754.0
2008-09-03,3.15,3.28,3.14,3.28,2943918.0
2008-09-04,3.28,3.31,3.14,3.24,2257340.0
2008-09-05,3.14,3.16,3.03,3.05,1560696.0
2008-09-08,3.03,3.08,2.88,2.9,1312824.0
2008-09-09,2.93,3.01,2.91,2.99,943497.0
2008-09-10,2.99,3.05,2.94,2.98,804990.0
2008-09-11,2.96,3.0,2.92,2.95,816145.0
2008-09-12,2.94,2.99,2.93,2.95,625793.0
2008-09-17,2.84,2.91,2.78,2.81,1304884.0
2008-09-18,2.77,2.77,2.55,2.7,1743164.0
2008-09-19,2.94,2.97,2.89,2.97,1956139.0
2008-09-22,3.17,3.26,2.99,3.07,3724496.0
2008-09-23,3.0,3.0,2.82,2.83,1583111.0
2008-09-24,2.8,2.89,2.77,2.88,787848.0
2008-09-25,2.94,3.17,2.94,3.17,2518389.0
2008-09-26,3.24,3.28,3.1,3.13,6322872.0
2008-10-06,3.1,3.1,2.89,2.97,2469548.0
2008-10-07,2.93,2.95,2.84,2.93,1511597.0
2008-10-08,2.92,2.92,2.8,2.84,1153889.0
2008-10-09,2.84,2.91,2.81,2.82,1165500.0
2008-10-10,2.65,2.74,2.58,2.63,1463950.0
2008-10-13,2.65,2.7,2.55,2.68,931546.0
2008-10-14,2.75,2.77,2.6,2.62,1576147.0
2008-10-15,2.53,2.6,2.52,2.58,916687.0
2008-10-16,2.4,2.5,2.38,2.4,835602.0
2008-10-17,2.41,2.45,2.38,2.45,766828.0
2008-10-20,2.45,2.53,2.39,2.5,888291.0
2008-10-21,2.51,2.67,2.5,2.56,1867360.0
2008-10-22,2.44,2.69,2.44,2.59,3129142.0
2008-10-23,2.54,2.55,2.43,2.53,1778405.0
2008-10-24,2.49,2.6,2.49,2.55,1511851.0
2008-10-27,2.53,2.53,2.29,2.3,1719181.0
2008-10-28,2.27,2.36,2.26,2.36,1389564.0
2008-10-29,2.36,2.39,2.26,2.27,964949.0
2008-10-30,2.26,2.32,2.22,2.28,1053474.0
2008-10-31,2.3,2.3,2.16,2.18,818391.0
2008-11-03,2.14,2.2,2.14,2.16,397044.0
2008-11-04,2.16,2.17,2.08,2.12,514022.0
2008-11-05,2.18,2.22,2.12,2.21,1550028.0
2008-11-06,2.19,2.19,2.12,2.16,734810.0
2008-11-07,2.12,2.23,2.11,2.22,993600.0
2008-11-10,2.23,2.37,2.23,2.36,2789681.0
2008-11-11,2.35,2.38,2.29,2.33,1696751.0
2008-11-12,2.31,2.47,2.3,2.46,4502162.0
2008-11-13,2.41,2.58,2.41,2.54,4424996.0
2008-11-14,2.56,2.66,2.48,2.66,5366260.0
2008-11-17,2.63,2.77,2.56,2.77,4744215.0
2008-11-18,2.77,2.88,2.5,2.5,6186052.0
2008-11-19,2.5,2.76,2.48,2.76,4977274.0
2008-11-20,2.94,2.99,2.84,2.89,12809369.0
2008-11-21,2.76,2.86,2.62,2.75,6147523.0
2008-11-24,2.76,2.77,2.55,2.57,3082627.0
2008-11-25,2.6,2.7,2.55,2.68,3860962.0
2008-11-26,2.64,2.82,2.6,2.79,3797163.0
2008-11-27,2.94,3.08,2.84,3.08,20315608.0
2008-11-28,3.08,3.36,2.99,3.3,26291598.0
2008-12-02,3.33,3.58,3.12,3.26,14609425.0
2008-12-03,3.24,3.4,3.17,3.3,18037744.0
2008-12-04,3.28,3.61,3.23,3.34,17110528.0
2008-12-05,3.29,3.56,3.27,3.49,17518974.0
2008-12-08,3.53,3.71,3.42,3.55,16760301.0
2008-12-09,3.58,3.58,3.28,3.33,9325345.0
2008-12-10,3.3,3.42,3.28,3.41,6355166.0
2008-12-11,3.41,3.41,3.13,3.15,6314400.0
2008-12-12,3.13,3.26,3.04,3.19,6938231.0
2008-12-15,3.22,3.27,3.1,3.18,3898526.0
2008-12-16,3.18,3.44,3.02,3.37,7043955.0
2008-12-17,3.33,3.43,3.29,3.32,6847429.0
2008-12-18,3.31,3.43,3.25,3.39,7592594.0
2008-12-19,3.39,3.48,3.34,3.37,7240711.0
2008-12-22,3.41,3.41,3.28,3.3,3945017.0
2008-12-23,3.31,3.35,3.02,3.02,5409992.0
2008-12-24,3.02,3.11,2.95,3.0,3830813.0
2008-12-25,3.0,3.3,2.99,3.3,10443872.0
2008-12-26,3.34,3.37,3.11,3.21,11833584.0
2008-12-29,3.15,3.32,3.08,3.2,7326957.0
2008-12-30,3.15,3.23,3.02,3.02,6095947.0
2008-12-31,3.04,3.05,2.95,2.95,2268406.0
2009-01-05,2.96,3.04,2.95,3.04,2164548.0
2009-01-06,3.04,3.14,3.01,3.12,3460385.0
2009-01-07,3.13,3.17,3.09,3.14,3813829.0
2009-01-08,3.1,3.1,2.98,3.02,2472428.0
2009-01-09,3.0,3.11,2.99,3.1,2401817.0
2009-01-12,3.32,3.41,3.3,3.41,21194364.0
2009-01-13,3.31,3.37,3.18,3.21,10748661.0
2009-01-14,3.2,3.33,3.15,3.31,6417746.0
2009-01-15,3.28,3.51,3.26,3.48,13851571.0
2009-01-16,3.49,3.57,3.35,3.41,11849946.0
2009-01-19,3.44,3.45,3.29,3.32,5518998.0
2009-01-20,3.36,3.36,3.27,3.35,2914105.0
2009-01-21,3.31,3.42,3.29,3.33,4972522.0
2009-01-22,3.35,3.37,3.29,3.35,3865009.0
2009-01-23,3.33,3.34,3.26,3.28,3283819.0
2009-02-02,3.28,3.37,3.28,3.36,2749008.0
2009-02-03,3.35,3.53,3.35,3.5,8301352.0
2009-02-04,3.47,3.64,3.43,3.57,13103554.0
2009-02-05,3.57,3.61,3.39,3.42,10442330.0
2009-02-06,3.41,3.61,3.41,3.59,11084253.0
2009-02-09,3.63,3.95,3.58,3.95,21272002.0
2009-02-10,4.03,4.34,3.97,4.34,25892372.0
2009-02-11,4.22,4.33,4.02,4.15,20621806.0
2009-02-12,4.15,4.15,3.9,4.08,10777962.0
2009-02-13,4.08,4.22,4.02,4.2,12188026.0
2009-02-16,4.21,4.23,4.04,4.21,12121857.0
2009-02-17,4.29,4.59,4.21,4.22,19244448.0
2009-02-18,4.02,4.17,3.79,3.81,10354683.0
2009-02-19,3.86,3.95,3.81,3.91,5591176.0
2009-02-20,3.85,4.14,3.84,4.12,8332806.0
2009-02-23,4.11,4.24,4.0,4.21,8455346.0
2009-02-24,4.15,4.21,3.94,3.99,8017940.0
2009-02-25,4.03,4.17,3.93,4.16,7973014.0
2009-02-26,4.23,4.34,3.78,3.84,12697425.0
2009-02-27,3.77,3.78,3.46,3.46,7439737.0
2009-03-02,3.34,3.57,3.34,3.54,3727780.0
2009-03-03,3.42,3.57,3.38,3.51,3182874.0
2009-03-04,3.5,3.73,3.47,3.72,5833433.0
2009-03-05,3.76,3.9,3.67,3.84,8114680.0
2009-03-06,3.75,3.95,3.69,3.85,6306711.0
2009-03-09,3.87,3.92,3.55,3.56,5311578.0
2009-03-10,3.53,3.66,3.51,3.65,3203415.0
2009-03-11,3.69,3.76,3.64,3.72,4785540.0
2009-03-12,3.72,3.82,3.59,3.8,5557780.0
2009-03-13,3.9,3.9,3.67,3.78,5612481.0
2009-03-16,3.73,3.88,3.71,3.86,4455953.0
2009-03-17,3.88,4.0,3.82,3.98,7749350.0
2009-03-18,3.97,4.05,3.93,3.93,7507410.0
2009-03-19,3.92,4.01,3.9,4.0,5722655.0
2009-03-20,3.99,3.99,3.81,3.89,6725287.0
2009-03-23,3.87,4.01,3.85,3.97,6260126.0
2009-03-24,4.01,4.19,3.99,4.16,14522982.0
2009-03-25,4.17,4.23,3.96,3.97,16156371.0
2009-03-26,3.97,4.15,3.95,4.12,8667970.0
2009-03-27,4.18,4.39,4.16,4.29,15171588.0
2009-03-30,4.3,4.43,4.22,4.33,11740607.0
2009-03-31,4.22,4.31,4.05,4.3,10522493.0
2009-04-01,4.34,4.38,4.26,4.29,9828572.0
2009-04-02,4.28,4.57,4.19,4.55,17836796.0
2009-04-03,4.58,4.91,4.37,4.44,28206324.0
2009-04-07,4.31,4.47,4.28,4.41,10067285.0
2009-04-08,4.41,4.45,4.1,4.12,10221510.0
2009-04-09,4.14,4.29,4.06,4.28,5874773.0
2009-04-10,4.29,4.41,4.22,4.39,9598043.0
2009-04-13,4.34,4.41,4.29,4.33,10626304.0
2009-04-14,4.3,4.36,4.26,4.36,8010473.0
2009-04-15,4.34,4.44,4.28,4.42,10564654.0
2009-04-16,4.4,4.86,4.35,4.86,28697826.0
2009-04-17,4.9,5.08,4.66,4.66,35285140.0
2009-04-21,4.61,5.05,4.56,4.94,22800036.0
2009-04-22,4.98,5.03,4.45,4.53,19665548.0
2009-04-23,4.52,4.56,4.31,4.49,8476991.0
2009-04-24,4.52,4.88,4.34,4.76,14323738.0
2009-04-27,4.8,4.86,4.66,4.79,20405346.0
2009-04-28,4.79,4.84,4.55,4.79,13465745.0
2009-04-29,4.78,5.04,4.73,4.97,20600338.0
2009-04-30,4.99,4.99,4.81,4.88,13372117.0
2009-05-04,4.93,5.05,4.85,5.0,16204107.0
2009-05-05,5.0,5.24,4.86,5.09,20354194.0
2009-05-06,5.04,5.08,4.92,5.03,12874268.0
2009-05-07,5.05,5.39,4.96,5.27,25075552.0
2009-05-08,5.2,5.36,5.11,5.22,17859844.0
2009-05-11,5.19,5.2,4.79,4.82,12981729.0
2009-05-12,4.82,5.0,4.79,4.99,5982924.0
2009-05-13,5.0,5.42,4.91,5.36,17604074.0
2009-05-14,5.29,5.33,5.17,5.2,14476276.0
2009-05-18,5.22,5.44,5.14,5.34,17192140.0
2009-05-19,5.49,5.49,5.3,5.34,21280218.0
2009-05-20,5.39,5.43,5.24,5.29,11390826.0
2009-05-21,5.22,5.42,5.15,5.32,10868245.0
2009-05-22,5.25,5.59,5.25,5.48,22367206.0
2009-05-25,5.34,5.53,5.12,5.49,12573605.0
2009-05-26,5.46,5.81,5.41,5.55,19719248.0
2009-05-27,5.59,5.69,5.38,5.58,12095209.0
2009-06-01,5.6,5.66,5.5,5.62,11147972.0
2009-06-02,5.64,5.64,5.47,5.6,10245890.0
2009-06-03,5.56,5.59,5.44,5.49,9291095.0
2009-06-04,5.48,5.54,5.38,5.51,8380845.0
2009-06-05,5.49,5.55,5.34,5.35,7777477.0
2009-06-08,5.34,5.46,5.24,5.29,6882812.0
2009-06-09,5.3,5.33,5.12,5.31,7195991.0
2009-06-10,5.29,5.46,5.23,5.43,8183975.0
2009-06-11,5.4,5.53,5.26,5.31,6756278.0
2009-06-12,5.29,5.31,4.95,5.09,9058678.0
2009-06-15,5.05,5.21,5.03,5.2,4354473.0
2009-06-16,5.17,5.22,5.1,5.15,3274081.0
2009-06-17,5.17,5.28,5.14,5.25,3705258.0
2009-06-18,5.25,5.29,5.2,5.22,4189748.0
2009-06-19,5.26,5.26,5.13,5.21,5319167.0
2009-06-22,5.2,5.24,5.08,5.12,4877607.0
2009-06-23,5.06,5.17,5.06,5.11,3353424.0
2009-06-24,5.1,5.22,5.07,5.21,4958779.0
2009-06-25,5.18,5.28,5.12,5.17,4662830.0
2009-06-26,5.13,5.2,5.08,5.13,3472306.0
2009-06-29,5.15,5.23,5.09,5.21,5125245.0
2009-06-30,5.2,5.25,5.06,5.08,4991257.0
2009-07-01,5.05,5.19,5.05,5.18,5470462.0
2009-07-02,5.2,5.7,5.19,5.7,18707824.0
2009-07-03,5.92,6.27,5.69,6.08,46133540.0
2009-07-06,5.96,6.44,5.8,6.2,29553484.0
2009-07-07,6.15,6.16,5.86,5.93,21063520.0
2009-07-08,5.89,6.22,5.87,6.11,16934830.0
2009-07-09,6.13,6.34,5.91,6.11,18510698.0
2009-07-10,6.06,6.16,5.93,6.08,11287530.0
2009-07-13,6.03,6.16,6.0,6.03,11516533.0
2009-07-14,6.05,6.27,6.01,6.17,11435993.0
2009-07-15,6.23,6.67,6.12,6.48,21135332.0
2009-07-16,6.4,6.48,6.14,6.2,17540664.0
2009-07-17,6.15,6.21,5.96,6.07,11435004.0
2009-07-20,6.1,6.27,6.01,6.17,8556549.0
2009-07-21,6.17,6.17,5.88,5.92,9791318.0
2009-07-22,5.92,6.17,5.92,6.0,8077074.0
2009-07-23,5.98,6.1,5.92,6.06,7078372.0
2009-07-24,6.1,6.13,5.9,5.96,7684581.0
2009-07-27,5.98,6.06,5.94,6.04,7062688.0
2009-07-28,6.06,6.45,6.04,6.35,18111416.0
2009-07-29,6.28,6.32,5.72,5.83,13019518.0
2009-07-30,5.83,5.96,5.52,5.75,7499402.0
2009-07-31,5.75,5.91,5.72,5.9,5906729.0
2009-08-03,5.96,6.06,5.81,6.01,7481323.0
2009-08-04,6.04,6.05,5.84,5.97,7043665.0
2009-08-05,5.97,6.02,5.85,6.0,6690902.0
2009-08-06,5.97,6.04,5.73,5.94,8148844.0
2009-08-07,5.92,6.0,5.73,5.77,6466821.0
2009-08-10,5.81,5.85,5.65,5.75,3716411.0
2009-08-11,5.78,5.83,5.69,5.83,3185069.0
2009-08-12,6.04,6.35,6.04,6.12,35290992.0
2009-08-13,5.91,6.06,5.54,5.89,15386689.0
2009-08-14,5.84,5.84,5.3,5.3,10208492.0
2009-08-17,5.2,5.2,4.78,4.78,7786282.0
2009-08-18,4.79,4.9,4.61,4.84,4959780.0
2009-08-19,4.87,4.87,4.36,4.42,6085579.0
2009-08-20,4.42,4.57,4.38,4.56,5756426.0
2009-08-21,4.55,4.68,4.46,4.66,5696499.0
2009-08-24,4.71,4.79,4.6,4.76,5985030.0
2009-08-25,4.74,4.74,4.45,4.58,5524057.0
2009-08-26,4.54,4.89,4.54,4.82,7044330.0
2009-08-27,4.82,4.97,4.77,4.92,7417095.0
2009-08-28,4.9,4.9,4.63,4.79,5267229.0
2009-08-31,4.73,4.73,4.38,4.39,4016122.0
2009-09-01,4.39,4.54,4.37,4.46,2727896.0
2009-09-02,4.41,4.67,4.39,4.62,6250346.0
2009-09-03,4.62,4.91,4.59,4.89,9728687.0
2009-09-04,4.9,5.05,4.8,5.01,8847636.0
2009-09-07,5.02,5.1,4.95,5.01,7004240.0
2009-09-08,5.03,5.08,4.89,5.01,14476656.0
2009-09-09,5.0,5.06,4.89,5.02,8739030.0
2009-09-10,4.99,5.28,4.95,5.16,14411831.0
2009-09-11,5.07,5.19,5.01,5.12,7938419.0
2009-09-14,5.09,5.29,5.07,5.24,9373860.0
2009-09-15,5.18,5.25,5.08,5.22,7967059.0
2009-09-16,5.16,5.24,5.08,5.19,6685589.0
2009-09-17,5.2,5.37,5.2,5.29,10208585.0
2009-09-18,5.31,5.44,5.07,5.14,10068665.0
2009-09-21,5.08,5.28,4.9,5.2,6529886.0
2009-09-22,5.15,5.44,4.95,5.33,16428154.0
2009-09-23,5.25,5.34,5.05,5.14,7359250.0
2009-09-24,5.03,5.1,4.85,4.96,5555063.0
2009-09-25,4.95,5.01,4.86,4.89,3513030.0
2009-09-28,4.9,5.0,4.62,4.65,3202026.0
2009-09-29,4.67,4.73,4.5,4.61,3004045.0
2009-09-30,4.63,4.79,4.63,4.68,1988881.0
2009-10-09,4.74,4.87,4.72,4.86,2686917.0
2009-10-12,4.86,5.03,4.82,4.96,3093290.0
2009-10-13,4.95,5.1,4.91,5.09,3968332.0
2009-10-14,5.04,5.14,5.02,5.08,4196954.0
2009-10-15,5.06,5.14,5.0,5.04,3421153.0
2009-10-16,5.05,5.08,4.9,5.01,3773339.0
2009-10-19,4.98,5.17,4.96,5.17,5783841.0
2009-10-20,5.15,5.36,5.15,5.32,11418676.0
2009-10-21,5.34,5.45,5.25,5.26,15776134.0
2009-10-22,5.21,5.31,5.13,5.28,6545851.0
2009-10-23,5.29,5.45,5.25,5.34,9267228.0
2009-10-26,5.46,5.46,5.23,5.29,4896399.0
2009-10-27,5.28,5.28,5.04,5.09,4974901.0
2009-10-28,5.08,5.27,5.05,5.25,3844218.0
2009-10-29,5.2,5.27,5.07,5.1,3374705.0
2009-10-30,5.2,5.27,5.13,5.18,3536634.0
2009-11-02,5.15,5.58,5.13,5.5,13585426.0
2009-11-03,5.51,5.65,5.44,5.58,11673327.0
2009-11-04,5.59,5.61,5.45,5.54,7963041.0
2009-11-05,5.51,5.88,5.5,5.78,14037007.0
2009-11-06,5.78,5.8,5.67,5.71,9152305.0
2009-11-09,5.77,5.98,5.71,5.93,13299258.0
2009-11-10,5.89,5.94,5.79,5.83,7522471.0
2009-11-11,5.82,5.88,5.71,5.86,8014902.0
2009-11-12,5.86,6.06,5.8,5.98,12155385.0
2009-11-13,5.95,6.32,5.94,6.27,19214366.0
2009-11-16,6.32,6.57,6.25,6.3,20358508.0
2009-11-17,6.3,6.92,6.28,6.92,29561612.0
2009-11-18,6.92,6.95,6.68,6.82,17086068.0
2009-11-19,6.8,6.86,6.65,6.82,12945824.0
2009-11-20,6.81,7.04,6.67,6.95,12234617.0
2009-11-23,7.11,7.11,6.71,6.94,14077566.0
2009-11-24,6.89,6.93,6.3,6.38,13707476.0
2009-11-25,6.38,6.75,6.33,6.67,9936866.0
2009-11-26,6.68,6.69,6.25,6.26,11134151.0
2009-11-27,6.16,6.33,6.07,6.17,7069086.0
2009-11-30,6.27,6.79,5.73,6.72,15687297.0
2009-12-01,6.8,7.16,6.77,6.97,21466052.0
2009-12-02,6.97,7.02,6.81,6.99,15230973.0
2009-12-03,6.94,7.19,6.94,7.16,16928196.0
2009-12-04,7.19,7.21,6.69,6.81,13941054.0
2009-12-07,6.77,6.91,6.77,6.87,7047130.0
2009-12-08,6.89,6.91,6.75,6.85,4985390.0
2009-12-09,6.84,6.84,6.67,6.71,4062932.0
2009-12-11,6.86,6.93,6.7,6.71,4669109.0
2009-12-14,6.71,6.73,6.45,6.6,5158381.0
2009-12-15,6.62,6.7,6.57,6.66,3004735.0
2009-12-16,6.6,6.69,6.47,6.53,3676365.0
2009-12-17,6.47,6.59,6.28,6.29,3235550.0
2009-12-18,6.27,6.27,6.02,6.05,3393877.0
2009-12-21,6.12,6.3,5.96,6.29,3111168.0
2009-12-22,6.24,6.29,6.02,6.06,2184415.0
2009-12-23,6.06,6.2,6.03,6.18,1824157.0
2009-12-24,6.06,6.8,6.06,6.8,11722220.0
2009-12-25,6.77,6.81,6.61,6.7,7571679.0
2009-12-28,6.73,6.83,6.64,6.81,5965161.0
2009-12-29,6.77,6.86,6.68,6.84,5728667.0
2009-12-30,6.83,6.91,6.67,6.74,4513732.0
2009-12-31,6.75,7.14,6.69,7.04,13309667.0
2010-01-04,7.09,7.1,6.91,6.93,5747853.0
2010-01-05,6.94,7.09,6.77,7.0,6736224.0
2010-01-06,7.01,7.01,6.81,6.84,5767485.0
2010-01-08,6.63,6.73,6.55,6.71,4546251.0
2010-01-11,6.77,6.81,6.61,6.76,3470626.0
2010-01-12,6.76,6.89,6.67,6.89,4193433.0
2010-01-13,6.74,6.88,6.67,6.7,3559809.0
2010-01-14,6.7,6.81,6.66,6.8,4475778.0
2010-01-15,6.85,7.23,6.81,6.99,9205430.0
2010-01-18,6.97,7.4,6.96,7.25,11487257.0
2010-01-19,7.31,7.34,7.0,7.15,7141376.0
2010-01-20,7.09,7.15,6.72,6.83,7944027.0
2010-01-21,6.81,6.9,6.72,6.82,3734881.0
2010-01-22,6.76,6.76,6.4,6.56,5329671.0
2010-01-25,6.52,6.63,6.52,6.57,1830287.0
2010-01-26,6.57,6.61,6.32,6.54,3525594.0
2010-01-27,6.53,6.8,6.42,6.75,3746699.0
2010-01-28,6.76,6.86,6.59,6.84,4954361.0
2010-01-29,6.79,6.89,6.7,6.72,3806639.0
2010-02-01,6.7,6.7,6.33,6.35,4508880.0
2010-02-02,6.36,6.49,6.32,6.33,2469049.0
2010-02-03,6.34,6.45,6.16,6.39,2464986.0
2010-02-04,6.39,6.46,6.3,6.42,2542830.0
2010-02-05,6.3,6.41,6.22,6.26,1956042.0
2010-02-08,6.27,6.42,6.24,6.35,1704013.0
2010-02-09,6.36,6.39,6.27,6.31,1471401.0
2010-02-10,6.35,6.35,6.27,6.31,1879207.0
2010-02-11,6.32,6.35,6.27,6.28,1733257.0
2010-02-12,6.34,6.65,6.34,6.53,5327479.0
2010-02-22,6.47,6.53,6.33,6.48,2784682.0
2010-02-23,6.47,6.54,6.36,6.53,3602311.0
2010-02-24,6.53,6.7,6.48,6.69,4188060.0
2010-02-25,6.68,6.83,6.62,6.77,4633856.0
2010-02-26,6.72,6.81,6.69,6.72,3741257.0
2010-03-01,6.74,6.87,6.71,6.84,6679263.0
2010-03-02,6.88,7.14,6.83,6.95,10543342.0
2010-03-03,6.99,7.25,6.92,7.15,11990616.0
2010-03-04,7.25,7.25,6.75,6.8,10657285.0
2010-03-05,6.78,6.84,6.68,6.72,4811329.0
2010-03-08,6.77,6.92,6.73,6.85,3520343.0
2010-03-09,6.86,6.86,6.71,6.81,3342993.0
2010-03-10,6.83,6.91,6.69,6.79,2673088.0
2010-03-11,6.82,6.82,6.65,6.76,2625526.0
2010-03-12,6.75,6.8,6.67,6.68,2415875.0
2010-03-15,6.67,6.69,6.49,6.55,2358266.0
2010-03-16,6.57,6.62,6.5,6.61,1823809.0
2010-03-17,6.64,6.79,6.58,6.77,3401783.0
2010-03-18,6.82,7.14,6.81,7.1,14169235.0
2010-03-19,7.05,7.17,6.99,7.11,9911462.0
2010-03-22,7.13,7.55,7.08,7.52,19144098.0
2010-03-23,7.46,7.63,7.41,7.5,19012784.0
2010-03-24,7.52,8.13,7.36,7.4,18005392.0
2010-03-25,7.44,7.49,7.3,7.41,10305157.0
2010-03-26,7.35,7.55,7.35,7.42,8869142.0
2010-03-29,7.47,7.5,7.29,7.39,8994211.0
2010-03-30,7.39,7.49,7.35,7.45,6753524.0
2010-03-31,7.47,7.77,7.4,7.63,12824935.0
2010-04-01,7.63,7.75,7.55,7.69,9754133.0
2010-04-02,7.71,7.89,7.62,7.65,8240239.0
2010-04-06,7.66,7.68,7.5,7.61,6699948.0
2010-04-07,7.55,7.74,7.55,7.62,6228500.0
2010-04-08,7.63,7.78,7.55,7.71,6499396.0
2010-04-09,7.76,7.92,7.67,7.87,8177555.0
2010-04-12,7.89,7.96,7.69,7.78,8986487.0
2010-04-13,7.72,7.8,7.29,7.54,9687557.0
2010-04-14,7.53,7.62,7.4,7.59,5134689.0
2010-04-15,7.58,7.61,7.38,7.42,4463609.0
2010-04-16,7.45,7.54,7.31,7.52,3578323.0
2010-04-19,7.48,7.64,7.21,7.22,5824256.0
2010-04-20,7.23,7.35,7.09,7.35,3708237.0
2010-04-21,7.37,7.55,7.3,7.53,4823463.0
2010-04-22,7.47,7.74,7.43,7.63,7549371.0
2010-04-23,7.63,7.89,7.57,7.67,9222015.0
2010-04-26,7.65,7.73,7.53,7.61,5080055.0
2010-04-27,7.55,7.88,7.53,7.82,17973360.0
2010-04-28,7.75,7.97,7.37,7.39,14761814.0
2010-04-30,6.94,7.02,6.66,6.66,8725966.0
2010-05-04,6.29,6.48,6.27,6.33,6615606.0
2010-05-05,6.32,6.5,6.28,6.49,5101134.0
2010-05-06,6.47,6.66,6.27,6.28,6462491.0
2010-05-07,6.13,6.26,6.05,6.08,5072394.0
2010-05-10,6.1,6.23,6.03,6.2,5358193.0
2010-05-11,6.31,6.33,5.99,6.1,4326655.0
2010-05-12,6.11,6.26,6.03,6.2,5129855.0
2010-05-13,6.16,6.58,6.12,6.36,5438476.0
2010-05-14,6.31,6.42,6.22,6.38,4366392.0
2010-05-17,6.3,6.47,6.03,6.09,7425115.0
2010-05-18,6.04,6.15,5.57,6.09,7466110.0
2010-05-19,5.98,6.34,5.95,6.27,10888713.0
2010-05-20,6.18,6.28,5.8,5.87,6865361.0
2010-05-21,5.65,5.96,5.54,5.87,6168025.0
2010-05-24,5.9,6.21,5.9,6.21,6382864.0
2010-05-25,6.16,6.23,5.95,6.06,5585599.0
2010-05-26,6.05,6.15,6.01,6.08,3042742.0
2010-05-27,6.09,6.27,5.97,6.26,5322868.0
2010-05-28,6.34,6.35,6.11,6.16,5904772.0
2010-05-31,6.15,6.21,5.9,5.91,3866744.0
2010-06-01,5.88,5.88,5.5,5.66,4493999.0
2010-06-02,5.62,5.78,5.57,5.74,2620180.0
2010-06-03,5.77,5.8,5.62,5.62,3121284.0
2010-06-04,5.57,5.69,5.53,5.67,2992128.0
2010-06-07,5.52,5.61,5.41,5.49,2852357.0
2010-06-08,5.49,5.55,5.41,5.5,3002776.0
2010-06-09,5.5,5.69,5.49,5.66,4486236.0
2010-06-10,5.61,5.76,5.59,5.68,4402298.0
2010-06-11,5.72,5.74,5.56,5.58,3332812.0
2010-06-17,5.65,5.69,5.6,5.6,2155178.0
2010-06-18,5.6,5.64,5.36,5.39,2633445.0
2010-06-21,5.39,5.52,5.31,5.51,2593650.0
2010-06-22,5.49,5.57,5.47,5.55,2701482.0
2010-06-23,5.49,5.57,5.42,5.48,1832749.0
2010-06-24,5.48,5.57,5.45,5.55,2080811.0
2010-06-25,5.47,5.53,5.37,5.42,2439062.0
2010-06-29,5.38,5.5,4.94,4.95,4293736.0
2010-06-30,4.88,4.93,4.66,4.74,2616470.0
2010-07-01,4.73,4.79,4.67,4.68,1631258.0
2010-07-02,4.69,4.71,4.44,4.66,2130935.0
2010-07-05,4.63,4.7,4.53,4.62,1724559.0
2010-07-06,4.66,5.03,4.62,4.97,6330717.0
2010-07-07,4.97,4.99,4.78,4.89,5705842.0
2010-07-08,4.91,5.29,4.82,5.04,8209370.0
2010-07-12,5.08,5.09,4.98,5.04,4675042.0
2010-07-13,4.96,5.09,4.9,5.04,3269081.0
2010-07-14,5.05,5.11,5.0,5.05,3685761.0
2010-07-15,5.03,5.15,4.94,5.06,3497398.0
2010-07-16,5.01,5.06,4.9,5.04,2615531.0
2010-07-19,4.98,5.13,4.97,5.1,3129333.0
2010-07-20,5.1,5.26,5.08,5.23,5056058.0
2010-07-21,5.26,5.36,5.16,5.2,4985115.0
2010-07-22,5.18,5.26,5.13,5.24,4605838.0
2010-07-26,5.26,5.42,5.21,5.37,5590810.0
2010-07-27,5.37,5.37,5.28,5.3,2830134.0
2010-07-28,5.28,5.48,5.27,5.41,4846885.0
2010-07-29,5.44,5.61,5.36,5.6,6455105.0
2010-07-30,5.57,5.63,5.49,5.52,4913493.0
2010-08-02,5.49,5.65,5.49,5.63,6174513.0
2010-08-03,5.6,5.64,5.46,5.48,4901105.0
2010-08-04,5.47,5.62,5.31,5.6,5949823.0
2010-08-05,5.57,5.65,5.56,5.6,6586663.0
2010-08-06,5.59,5.72,5.53,5.69,4921408.0
2010-08-09,5.69,5.74,5.62,5.71,6426941.0
2010-08-10,5.68,5.7,5.48,5.49,5382619.0
2010-08-11,5.44,5.98,5.43,5.9,15500724.0
2010-08-12,5.79,5.86,5.62,5.68,7955219.0
2010-08-13,5.68,5.79,5.54,5.76,4902287.0
2010-08-16,5.75,5.86,5.68,5.81,4200212.0
2010-08-17,5.81,5.94,5.79,5.89,4623902.0
2010-08-18,5.89,5.89,5.75,5.8,4045655.0
2010-08-19,5.78,5.88,5.74,5.81,3594508.0
2010-08-20,5.79,6.06,5.77,5.92,7391109.0
2010-08-23,6.0,6.51,6.0,6.51,19617828.0
2010-08-24,6.45,6.83,6.38,6.53,19660786.0
2010-08-25,6.4,6.47,6.3,6.46,7773309.0
2010-08-26,6.42,6.52,6.3,6.37,4610725.0
2010-08-27,6.36,6.37,6.23,6.35,3728570.0
2010-08-30,6.37,6.5,6.31,6.46,5522753.0
2010-08-31,6.42,6.63,6.35,6.62,6278369.0
2010-09-01,6.68,6.85,6.4,6.48,9444222.0
2010-09-02,6.52,6.57,6.43,6.56,4805426.0
2010-09-03,6.54,6.83,6.54,6.7,8410003.0
2010-09-06,6.74,6.81,6.49,6.51,6178133.0
2010-09-07,6.52,6.71,6.51,6.57,3707034.0
2010-09-08,6.57,6.7,6.52,6.61,3363842.0
2010-09-09,6.65,6.67,6.34,6.41,4927098.0
2010-09-10,6.44,6.48,6.28,6.48,3689526.0
2010-09-14,6.51,6.74,6.51,6.72,8063114.0
2010-09-15,6.81,6.81,6.45,6.51,5044462.0
2010-09-16,6.48,6.51,6.17,6.26,3875725.0
2010-09-17,6.26,6.32,6.19,6.3,1643098.0
2010-09-20,6.3,6.31,6.11,6.14,1935418.0
2010-09-21,6.16,6.29,6.16,6.26,1787129.0
2010-09-27,6.28,6.4,6.28,6.39,1722864.0
2010-09-28,6.41,6.47,6.34,6.45,2172902.0
2010-09-29,6.45,6.53,6.37,6.4,2311412.0
2010-09-30,6.45,6.53,6.37,6.52,2315152.0
2010-10-08,6.54,6.72,6.48,6.64,3751883.0
2010-10-11,6.6,6.73,6.57,6.66,4422085.0
2010-10-12,6.66,6.7,6.55,6.59,3552302.0
2010-10-13,6.59,6.85,6.51,6.75,5381393.0
2010-10-14,6.75,6.78,6.28,6.34,5459006.0
2010-10-15,6.34,6.42,6.27,6.3,3573411.0
2010-10-18,6.28,6.28,6.08,6.2,3059109.0
2010-10-19,6.18,6.35,6.18,6.34,1683168.0
2010-10-20,6.27,6.33,6.18,6.26,2244781.0
2010-10-21,6.3,6.36,6.22,6.32,2459855.0
2010-10-22,6.32,6.43,6.28,6.4,2792440.0
2010-10-25,6.41,6.51,6.37,6.47,4010254.0
2010-10-26,6.47,6.64,6.36,6.6,5533409.0
2010-10-27,6.57,6.62,6.48,6.56,3192951.0
2010-10-28,6.62,6.63,6.5,6.53,2631188.0
2010-11-01,6.55,6.74,6.52,6.67,6215108.0
2010-11-02,6.68,6.68,6.5,6.53,4977118.0
2010-11-03,6.51,6.64,6.48,6.61,4510106.0
2010-11-04,6.61,6.75,6.55,6.74,6838354.0
2010-11-05,6.77,7.04,6.7,6.82,10023561.0
2010-11-08,6.86,7.23,6.86,7.1,8817488.0
2010-11-09,7.15,7.22,6.95,7.13,7321915.0
2010-11-10,7.09,7.1,6.88,6.98,5407365.0
2010-11-11,6.98,7.34,6.92,7.28,9426175.0
2010-11-12,7.21,8.0,7.19,8.0,22696428.0
2010-11-15,8.04,8.81,7.68,8.66,40594872.0
2010-11-16,8.57,8.57,7.8,7.8,22816432.0
2010-11-17,7.4,7.59,7.02,7.14,19004724.0
2010-11-18,7.11,7.21,6.8,7.0,11953370.0
2010-11-19,6.94,7.21,6.75,7.16,17080512.0
2010-11-22,7.02,7.18,6.88,7.06,12131992.0
2010-11-23,6.94,7.01,6.55,6.7,10803034.0
2010-11-24,6.65,6.94,6.57,6.9,9200359.0
2010-11-25,6.9,7.21,6.81,7.13,12805356.0
2010-11-26,7.1,7.23,6.95,7.01,7908786.0
2010-11-29,7.0,7.11,6.89,7.1,5695601.0
2010-11-30,7.06,7.3,6.77,7.0,10095874.0
2010-12-01,6.95,7.06,6.9,6.92,4935892.0
2010-12-02,7.03,7.28,6.92,7.26,10829784.0
2010-12-03,7.29,7.6,7.19,7.38,15803633.0
2010-12-06,7.32,7.4,7.07,7.16,7324178.0
2010-12-07,7.12,7.13,6.84,7.03,5718661.0
2010-12-08,7.01,7.19,6.96,7.05,4298584.0
2010-12-09,6.97,6.98,6.7,6.72,5835204.0
2010-12-10,6.66,6.82,6.64,6.79,3438332.0
2010-12-13,6.8,6.96,6.78,6.95,3970608.0
2010-12-14,6.93,7.0,6.91,7.0,4310939.0
2010-12-15,7.04,7.31,6.99,7.09,8241359.0
2010-12-16,7.06,7.16,7.05,7.08,4197671.0
2010-12-17,7.06,7.1,6.96,7.04,3016386.0
2010-12-20,7.06,7.14,6.72,6.91,4834065.0
2010-12-21,6.98,7.21,6.85,7.2,7213475.0
2010-12-22,7.21,7.28,7.1,7.24,5441018.0
2010-12-23,7.2,7.2,7.07,7.1,3329779.0
2010-12-24,7.09,7.31,7.07,7.28,7717157.0
2010-12-27,7.25,7.56,7.12,7.31,13180389.0
2010-12-28,7.12,7.29,6.92,6.96,7214931.0
2010-12-29,6.94,7.04,6.72,7.01,4697150.0
2010-12-30,6.94,7.05,6.87,6.9,3920225.0
2010-12-31,6.96,7.04,6.89,7.03,2881548.0
2011-01-04,7.1,7.35,7.01,7.26,6454644.0
2011-01-05,7.29,7.72,7.19,7.65,12451905.0
2011-01-06,7.57,7.68,7.45,7.46,9300437.0
2011-01-07,7.45,7.95,7.36,7.85,14112698.0
2011-01-10,7.82,8.18,7.62,7.67,15186533.0
2011-01-11,7.62,7.62,7.04,7.14,17585156.0
2011-01-12,7.12,7.21,6.9,7.13,7214894.0
2011-01-13,7.13,7.15,6.99,7.08,4871505.0
2011-01-14,7.08,7.08,6.81,6.83,6601466.0
2011-01-17,6.75,6.75,6.5,6.51,6183743.0
2011-01-18,6.49,6.63,6.45,6.63,2639108.0
2011-01-19,6.57,6.78,6.57,6.77,3607975.0
2011-01-20,6.75,6.75,6.39,6.4,4119368.0
2011-01-21,6.35,6.47,6.11,6.42,5120466.0
2011-01-24,6.42,6.43,6.16,6.16,3331976.0
2011-01-25,6.18,6.19,5.91,5.97,3154840.0
2011-01-26,5.98,6.13,5.98,6.08,2216104.0
2011-01-27,6.08,6.23,5.98,6.18,3666642.0
2011-01-28,6.16,6.3,6.14,6.22,2790041.0
2011-01-31,6.23,6.31,6.12,6.29,2944088.0
2011-02-01,6.28,6.39,6.26,6.34,2575717.0
2011-02-09,6.29,6.41,6.21,6.25,2608555.0
2011-02-10,6.25,6.42,6.14,6.41,3862031.0
2011-02-11,6.41,6.51,6.36,6.48,3899644.0
2011-02-14,6.54,6.6,6.45,6.58,4812899.0
2011-02-15,6.59,6.71,6.49,6.66,7049469.0
2011-02-16,6.67,6.8,6.63,6.75,7674800.0
2011-02-17,6.75,6.85,6.56,6.8,7835419.0
2011-02-18,6.8,7.47,6.8,7.47,21574784.0
2011-02-21,7.5,8.04,7.34,7.86,39857716.0
2011-02-22,7.7,7.84,7.31,7.36,21946486.0
2011-02-23,7.34,7.98,7.29,7.73,21936010.0
2011-02-24,7.55,7.8,7.39,7.72,12031843.0
2011-02-25,7.75,8.08,7.6,7.74,14522857.0
2011-02-28,7.77,7.8,7.45,7.79,10448367.0
2011-03-01,7.75,8.08,7.64,7.88,14181977.0
2011-03-02,7.91,8.31,7.74,8.23,18505204.0
2011-03-03,8.21,8.21,7.65,7.7,17009708.0
2011-03-04,7.72,7.76,7.53,7.75,7308615.0
2011-03-07,7.77,7.82,7.67,7.72,8403809.0
2011-03-08,7.75,7.79,7.65,7.78,6359426.0
2011-03-09,7.79,7.8,7.66,7.69,6169733.0
2011-03-10,7.68,7.68,7.51,7.55,6816964.0
2011-03-11,7.6,7.83,7.57,7.65,9229959.0
2011-03-14,7.58,8.29,7.56,8.12,17520084.0
2011-03-15,8.07,8.38,7.8,8.3,22154860.0
2011-03-16,8.22,8.47,8.05,8.34,16121044.0
2011-03-17,8.25,8.37,7.89,7.9,11164488.0
2011-03-18,7.97,8.07,7.86,7.91,7381364.0
2011-03-21,7.86,7.97,7.59,7.68,6874173.0
2011-03-22,7.73,7.79,7.62,7.73,4333760.0
2011-03-23,7.73,7.98,7.65,7.91,6359761.0
2011-03-24,7.91,7.92,7.7,7.82,6086715.0
2011-03-25,7.79,8.24,7.73,8.21,10449473.0
2011-03-28,8.1,8.58,8.05,8.32,17658520.0
2011-03-29,8.27,8.51,8.03,8.08,11409368.0
2011-03-30,8.04,8.88,7.92,8.87,29467956.0
2011-03-31,8.63,9.02,8.36,8.44,29437552.0
2011-04-01,8.24,8.39,8.09,8.29,12878782.0
2011-04-06,8.29,9.12,8.26,9.12,17114980.0
2011-04-07,9.41,9.91,9.32,9.67,49888664.0
2011-04-08,9.47,10.56,9.36,10.28,42541080.0
2011-04-11,10.19,10.67,9.9,10.08,38480244.0
2011-04-12,9.94,10.44,9.81,10.1,25435424.0
2011-04-13,9.95,10.02,9.61,9.98,18625904.0
2011-04-14,9.9,10.34,9.82,10.09,19597524.0
2011-04-15,9.85,11.1,9.85,11.1,32987264.0
2011-04-18,11.36,11.95,11.16,11.68,42516964.0
2011-04-19,11.47,12.32,11.3,11.68,39330736.0
2011-04-20,11.62,11.93,10.96,11.02,28467156.0
2011-04-21,10.86,11.26,10.6,11.23,24127392.0
2011-04-22,11.03,11.94,10.84,11.69,29571450.0
2011-04-25,11.45,11.65,10.6,10.78,20203156.0
2011-04-26,10.49,10.74,10.22,10.44,16633554.0
2011-04-27,10.57,11.49,10.54,11.38,37208008.0
2011-04-29,10.88,11.44,10.57,11.35,23841000.0
2011-05-03,11.27,12.49,11.17,12.49,46798576.0
2011-05-04,12.35,12.6,11.85,12.31,33559648.0
2011-05-05,12.22,13.23,12.16,12.35,42464256.0
2011-05-06,11.85,12.92,11.51,12.52,33165984.0
2011-05-09,12.34,13.78,12.26,13.59,47748204.0
2011-05-10,13.39,14.07,13.15,14.02,39763536.0
2011-05-11,13.79,15.42,13.74,15.42,54008792.0
2011-05-12,15.2,16.45,14.91,15.03,54705728.0
2011-05-13,14.83,16.53,14.71,16.45,50790636.0
2011-05-16,16.26,17.01,15.7,16.5,46659788.0
2011-05-17,16.08,16.5,14.86,14.87,39291984.0
2011-05-18,14.56,15.2,14.27,14.73,26509632.0
2011-05-19,14.67,16.08,14.49,15.44,36724696.0
2011-05-20,15.38,15.87,14.93,15.04,25953416.0
2011-05-23,14.71,14.71,13.67,14.14,29616168.0
2011-05-24,13.98,14.74,13.98,14.3,23251004.0
2011-05-25,14.1,14.49,13.79,14.26,17603184.0
2011-05-26,14.37,15.68,14.32,14.65,31224920.0
2011-05-27,14.22,14.37,13.19,13.19,27299466.0
2011-05-30,12.5,12.73,11.87,11.87,25905566.0
2011-05-31,11.7,12.66,11.7,12.56,28360296.0
2011-06-01,12.4,12.9,12.22,12.56,23221120.0
2011-06-02,12.2,12.83,11.96,12.59,23009932.0
2011-06-03,12.38,13.14,12.38,12.65,21323616.0
2011-06-07,12.6,13.13,12.48,13.01,21160244.0
2011-06-08,12.93,14.11,12.85,13.64,31226892.0
2011-06-09,13.44,13.69,12.92,12.94,22485608.0
2011-06-10,12.75,13.1,12.06,12.9,18526344.0
2011-06-13,12.61,12.86,12.33,12.77,10378271.0
2011-06-14,12.72,13.45,12.66,13.08,15733263.0
2011-06-15,13.06,13.36,12.64,12.69,13723248.0
2011-06-16,12.37,12.59,11.98,12.02,12197736.0
2011-06-17,12.02,12.28,11.89,11.96,8659838.0
2011-06-20,11.91,12.05,11.04,11.42,13934529.0
2011-06-21,11.4,11.75,11.21,11.66,10912675.0
2011-06-22,11.63,11.98,11.47,11.83,12845287.0
2011-06-23,11.72,12.11,11.35,12.01,15114201.0
2011-06-24,11.91,12.42,11.84,12.2,19084612.0
2011-06-27,12.22,12.97,12.21,12.92,20925156.0
2011-06-28,12.85,12.89,12.67,12.79,16599598.0
2011-06-29,12.81,12.82,12.21,12.23,12617424.0
2011-06-30,12.22,13.36,12.22,13.33,29989376.0
2011-07-01,13.2,13.98,13.15,13.32,34697176.0
2011-07-04,13.28,14.14,13.28,13.99,31014888.0
2011-07-05,13.89,14.44,13.71,14.33,29550220.0
2011-07-06,14.22,14.26,13.9,14.21,20767816.0
2011-07-07,14.17,14.37,13.82,13.84,17483304.0
2011-07-08,13.69,14.74,13.69,14.61,28546832.0
2011-07-11,14.33,14.53,14.09,14.39,20600912.0
2011-07-12,14.18,14.22,13.84,13.85,17064758.0
2011-07-13,13.79,14.15,13.76,13.99,14075458.0
2011-07-14,13.99,14.48,13.88,14.43,22511072.0
2011-07-15,14.38,14.38,14.0,14.08,16728238.0
2011-07-18,14.14,14.21,13.77,13.85,12704182.0
2011-07-19,13.78,13.99,13.62,13.87,8950942.0
2011-07-20,14.02,14.14,13.62,13.99,9490592.0
2011-07-21,13.99,14.06,13.41,13.45,9479666.0
2011-07-22,13.5,13.82,13.4,13.45,7791126.0
2011-07-25,13.3,13.3,12.28,12.41,13733815.0
2011-07-26,12.26,12.75,12.26,12.61,5879107.0
2011-07-27,12.56,12.76,12.4,12.72,6186627.0
2011-07-28,12.53,12.89,12.3,12.41,6162971.0
2011-07-29,12.44,12.51,11.95,12.06,6526975.0
2011-08-01,12.02,12.18,11.7,12.12,5289922.0
2011-08-02,12.0,12.01,11.66,11.88,5746383.0
2011-08-03,11.73,12.01,11.58,11.8,4736977.0
2011-08-04,11.92,12.98,11.92,12.97,26885820.0
2011-08-05,12.51,12.88,12.21,12.52,21382082.0
2011-08-08,12.05,12.3,11.31,11.52,13139774.0
2011-08-09,10.85,11.69,10.55,11.43,12064030.0
2011-08-10,11.76,12.31,11.63,11.88,14393153.0
2011-08-11,11.51,12.18,11.39,12.13,11037861.0
2011-08-12,12.31,12.5,12.08,12.24,12771027.0
2011-08-15,12.24,12.68,12.24,12.55,10413460.0
2011-08-16,12.55,12.6,12.26,12.34,8488455.0
2011-08-17,12.34,12.52,12.19,12.25,6143561.0
2011-08-18,12.25,12.4,11.82,11.86,7857058.0
2011-08-19,11.53,11.73,11.48,11.71,5586587.0
2011-08-22,11.71,12.08,11.7,11.83,5990105.0
2011-08-23,11.86,12.06,11.73,12.04,5462429.0
2011-08-24,12.12,12.24,11.77,11.79,6773439.0
2011-08-25,11.81,12.14,11.77,12.12,8254594.0
2011-08-26,12.09,12.58,12.02,12.32,11743319.0
2011-08-29,12.21,12.36,12.04,12.13,6863014.0
2011-08-30,12.2,12.31,11.82,11.83,7006654.0
2011-08-31,11.81,11.87,11.49,11.68,5398792.0
2011-09-01,11.7,11.8,11.51,11.56,3920181.0
2011-09-02,11.56,11.67,11.23,11.29,3867147.0
2011-09-05,11.04,11.04,10.65,10.84,5390941.0
2011-09-06,10.74,10.88,10.66,10.74,3361111.0
2011-09-07,10.87,11.1,10.84,11.05,4984396.0
2011-09-08,11.13,11.46,11.03,11.05,6153515.0
2011-09-09,10.99,11.15,10.86,10.89,3171004.0
2011-09-13,10.73,10.73,10.45,10.52,3907631.0
2011-09-14,10.69,10.78,10.35,10.77,3990876.0
2011-09-15,10.79,11.13,10.7,10.95,5236025.0
2011-09-16,11.21,11.99,11.21,11.32,12043330.0
2011-09-19,11.03,11.39,10.92,11.03,5745567.0
2011-09-20,10.91,11.26,10.84,11.19,5642576.0
2011-09-21,11.18,11.59,11.01,11.48,8883845.0
2011-09-22,11.33,11.57,11.03,11.04,7367490.0
2011-09-23,10.79,10.98,10.64,10.86,4737390.0
2011-09-26,10.87,11.28,10.77,10.89,6145490.0
2011-09-27,10.98,11.13,10.65,10.87,4595716.0
2011-09-28,11.02,11.09,10.57,10.59,3937280.0
2011-09-29,10.52,10.56,9.9,10.01,4989590.0
2011-09-30,10.1,10.18,9.75,10.06,2672968.0
2011-10-10,10.1,10.12,9.86,9.93,2361337.0
2011-10-11,10.2,10.36,9.85,10.03,3469869.0
2011-10-12,9.92,10.97,9.76,10.71,9182290.0
2011-10-13,10.64,10.92,10.54,10.78,8338700.0
2011-10-14,10.67,10.79,10.42,10.54,5664054.0
2011-10-17,10.55,10.73,10.49,10.57,3960096.0
2011-10-18,10.44,10.45,9.91,9.93,5465628.0
2011-10-19,10.01,10.1,9.83,9.91,3168356.0
2011-10-20,9.87,9.87,9.32,9.46,4641213.0
2011-10-21,9.41,9.55,9.24,9.25,2260699.0
2011-10-24,9.31,9.34,8.73,9.22,5266812.0
2011-10-25,9.25,9.58,9.07,9.53,5917837.0
2011-10-26,9.44,9.74,9.36,9.66,7221471.0
2011-10-27,9.6,9.8,9.52,9.59,6046209.0
2011-10-28,9.69,9.91,9.6,9.84,7331812.0
2011-10-31,9.85,9.91,9.73,9.78,4502904.0
2011-11-01,9.71,9.8,9.54,9.68,5861036.0
2011-11-02,9.36,9.88,9.26,9.86,9833586.0
2011-11-03,9.86,10.07,9.82,9.86,8936369.0
2011-11-04,9.87,10.34,9.87,10.09,12557707.0
2011-11-07,10.05,10.14,9.81,9.92,7421984.0
2011-11-08,10.14,10.34,9.98,9.98,10390952.0
2011-11-10,10.18,10.51,10.15,10.32,19272672.0
2011-11-11,10.36,10.48,10.09,10.26,10721284.0
2011-11-14,10.25,10.61,10.19,10.47,11040225.0
2011-11-15,10.47,10.53,10.35,10.51,6529764.0
2011-11-16,10.51,10.53,9.95,10.05,5994669.0
2011-11-17,10.05,10.14,9.87,9.93,4785321.0
2011-11-18,9.9,9.9,9.37,9.43,5048867.0
2011-11-21,9.36,9.61,9.36,9.55,2214246.0
2011-11-22,9.39,9.49,9.27,9.48,2140866.0
2011-11-23,9.42,9.52,9.39,9.44,1850737.0
2011-11-24,9.34,9.42,9.14,9.32,2832002.0
2011-11-25,9.55,9.69,9.42,9.56,8947707.0
2011-11-28,9.52,9.54,9.17,9.4,4187838.0
2011-11-29,9.46,9.61,9.38,9.55,5291968.0
2011-11-30,9.51,9.55,8.98,9.02,5259519.0
2011-12-01,9.27,9.4,9.12,9.17,5251297.0
2011-12-02,9.12,9.16,8.76,8.87,4205821.0
2011-12-05,8.89,8.9,8.51,8.53,2726841.0
2011-12-06,8.53,8.62,8.36,8.56,2372542.0
2011-12-07,8.56,8.87,8.55,8.79,7699517.0
2011-12-08,8.72,8.73,8.37,8.58,4635792.0
2011-12-09,8.47,8.51,8.16,8.2,4126009.0
2011-12-12,8.25,8.25,7.98,8.03,2424639.0
2011-12-13,7.93,8.02,7.54,7.73,3376433.0
2011-12-14,7.66,7.81,7.57,7.65,1983148.0
2011-12-15,7.61,7.75,7.36,7.38,2531202.0
2011-12-16,7.35,7.68,7.29,7.65,2527553.0
2011-12-19,7.6,7.6,7.31,7.6,2903333.0
2011-12-20,7.68,8.36,7.64,8.01,15496091.0
2011-12-21,7.89,7.96,7.57,7.57,8823320.0
2011-12-22,7.31,7.39,6.9,7.21,6046237.0
2011-12-23,7.15,7.46,7.1,7.26,4147882.0
2011-12-26,7.25,7.36,7.16,7.23,2515380.0
2011-12-27,7.16,7.22,6.92,6.92,2709832.0
2011-12-28,6.93,7.13,6.72,7.12,3128558.0
2011-12-29,7.07,7.27,7.0,7.18,5585977.0
2011-12-30,7.16,7.28,7.11,7.19,4830518.0
2012-01-04,7.21,7.26,6.79,6.81,3308850.0
2012-01-05,6.78,6.78,6.3,6.32,3417364.0
2012-01-06,6.24,6.48,6.13,6.42,2556456.0
2012-01-09,6.43,6.76,6.26,6.75,3787074.0
2012-01-10,6.7,7.38,6.65,7.27,8329035.0
2012-01-11,7.14,7.27,7.06,7.13,7592883.0
2012-01-12,7.1,7.42,7.06,7.32,9183480.0
2012-01-13,7.24,7.3,6.9,6.95,5467275.0
2012-01-16,6.85,6.89,6.51,6.54,3305793.0
2012-01-17,6.56,7.04,6.5,7.01,6744275.0
2012-01-18,6.99,7.17,6.73,6.79,5960489.0
2012-01-19,6.8,6.92,6.65,6.89,3196199.0
2012-01-20,7.03,7.13,6.95,7.01,4426093.0
2012-01-30,7.07,7.09,6.88,6.93,3125299.0
2012-01-31,6.92,7.06,6.84,6.94,5298321.0
2012-02-01,6.92,7.01,6.83,6.87,3532336.0
2012-02-02,6.85,6.97,6.83,6.97,4594114.0
2012-02-03,6.99,7.35,6.95,7.22,10831417.0
2012-02-06,7.23,7.42,7.15,7.34,9119473.0
2012-02-07,7.33,7.33,7.04,7.1,6563832.0
2012-02-08,7.14,7.73,7.1,7.56,18014218.0
2012-02-09,7.42,7.71,7.41,7.61,13538414.0
2012-02-10,7.52,7.68,7.49,7.57,8053514.0
2012-02-13,7.54,8.15,7.46,7.95,15414659.0
2012-02-14,7.9,7.95,7.73,7.82,9854517.0
2012-02-15,7.78,7.98,7.62,7.98,11282416.0
2012-02-16,7.9,8.06,7.79,8.0,9120294.0
2012-02-17,8.03,8.03,7.81,7.89,5875341.0
2012-02-20,8.01,8.04,7.85,7.87,5736509.0
2012-02-21,7.83,7.9,7.59,7.89,6528163.0
2012-02-22,7.89,8.09,7.8,8.07,12028248.0
2012-02-23,8.07,8.25,8.02,8.1,10393490.0
2012-02-24,8.11,8.28,8.04,8.27,11606467.0
2012-02-27,8.31,8.41,8.17,8.21,12174372.0
2012-02-28,8.08,8.18,7.94,8.08,6793810.0
2012-02-29,8.04,8.08,7.9,7.91,4974191.0
2012-03-01,7.88,8.04,7.8,7.96,4121342.0
2012-03-02,7.97,8.13,7.97,8.13,5621181.0
2012-03-05,8.15,8.22,8.05,8.18,7860072.0
2012-03-06,8.18,8.52,8.18,8.38,20475802.0
2012-03-07,8.25,8.45,8.18,8.33,10641345.0
2012-03-08,8.35,8.47,8.29,8.45,9074786.0
2012-03-09,8.48,8.65,8.41,8.5,9254799.0
2012-03-12,8.5,8.56,8.29,8.46,8637089.0
2012-03-13,8.46,8.52,8.36,8.51,7528524.0
2012-03-14,8.56,8.85,7.93,8.02,16945510.0
2012-03-15,8.0,8.12,7.57,7.78,9077505.0
2012-03-16,7.78,8.02,7.7,8.0,6198623.0
2012-03-19,8.01,8.25,7.95,8.21,6728805.0
2012-03-20,8.18,8.23,7.88,7.89,6773613.0
2012-03-21,7.92,8.18,7.82,8.09,6694081.0
2012-03-22,8.04,8.5,8.02,8.37,10847406.0
2012-03-23,8.35,8.52,8.22,8.35,10936262.0
2012-03-26,8.36,8.81,8.3,8.78,20055126.0
2012-03-27,8.79,8.84,8.6,8.75,12870664.0
2012-03-28,8.68,8.68,7.87,7.87,11773575.0
2012-03-29,7.73,7.98,7.6,7.88,7230477.0
2012-03-30,7.87,7.88,7.15,7.27,8638554.0
2012-04-05,7.32,7.5,7.21,7.48,4587810.0
2012-04-06,7.48,7.66,7.41,7.6,6790389.0
2012-04-09,7.55,7.55,7.3,7.35,4298090.0
2012-04-10,7.29,7.54,7.27,7.52,4533300.0
2012-04-11,7.3,8.25,7.18,8.04,15670426.0
2012-04-12,7.86,8.3,7.71,8.08,16902860.0
2012-04-13,7.96,8.18,7.83,7.93,11490915.0
2012-04-16,7.84,8.02,7.8,7.95,5905830.0
2012-04-17,7.95,7.95,7.57,7.61,5712564.0
2012-04-18,7.68,7.85,7.52,7.76,6222405.0
2012-04-19,7.78,8.18,7.76,7.9,11607409.0
2012-04-23,7.88,7.88,7.57,7.69,8192581.0
2012-04-24,7.52,7.95,7.34,7.92,8105901.0
2012-04-25,7.88,8.2,7.79,8.09,18068088.0
2012-04-26,8.0,8.04,7.83,7.85,9329708.0
2012-04-27,7.84,7.84,7.5,7.53,7320159.0
2012-05-02,7.63,7.69,7.29,7.37,6988529.0
2012-05-03,7.37,7.44,7.24,7.42,4513643.0
2012-05-04,7.39,7.44,7.3,7.35,4039382.0
2012-05-07,7.32,7.32,7.17,7.27,5694227.0
2012-05-08,7.27,7.44,7.22,7.42,5311186.0
2012-05-09,7.37,7.38,7.18,7.18,4092357.0
2012-05-10,7.16,7.29,7.09,7.15,3293716.0
2012-05-11,7.28,7.28,7.17,7.18,3320623.0
2012-05-14,7.21,7.29,7.19,7.2,3151522.0
2012-05-15,7.08,7.11,6.92,7.07,3700788.0
2012-05-16,7.04,7.04,6.8,6.83,4227685.0
2012-05-17,6.81,6.99,6.79,6.9,3804346.0
2012-05-18,6.89,6.89,6.68,6.77,3253674.0
2012-05-21,6.79,7.08,6.69,6.93,5029804.0
2012-05-22,6.91,7.0,6.91,6.95,2911127.0
2012-05-23,6.88,6.95,6.73,6.81,2794892.0
2012-05-24,6.82,6.87,6.66,6.68,2866809.0
2012-05-25,6.63,6.77,6.57,6.73,3487223.0
2012-05-28,6.73,6.94,6.73,6.93,5554404.0
2012-05-29,6.92,7.27,6.9,7.22,10049975.0
2012-05-30,7.19,7.29,7.16,7.18,5376994.0
2012-05-31,7.25,7.32,7.1,7.3,5707755.0
2012-06-01,7.28,7.39,7.22,7.24,3986688.0
2012-06-04,7.18,7.18,6.97,7.0,3729007.0
2012-06-05,7.01,7.09,6.91,7.07,2441670.0
2012-06-06,7.07,7.49,7.07,7.42,16107504.0
2012-06-07,7.39,7.42,7.27,7.35,7846571.0
2012-06-08,7.36,7.46,6.96,7.15,17228028.0
2012-06-11,7.06,7.38,6.92,6.99,16297915.0
2012-06-12,6.79,6.87,6.38,6.84,17509036.0
2012-06-13,6.67,7.52,6.64,7.45,24683108.0
2012-06-14,7.26,7.45,7.23,7.29,23421764.0
2012-06-15,7.25,7.43,7.06,7.32,13056400.0
2012-06-18,7.26,7.4,7.26,7.34,8042263.0
2012-06-19,7.34,7.46,7.33,7.34,7411699.0
2012-06-20,7.33,7.4,7.15,7.3,5633798.0
2012-06-21,7.32,7.43,7.14,7.34,15350999.0
2012-06-25,7.3,7.39,7.22,7.33,6082839.0
2012-06-26,7.3,7.3,6.95,7.23,11696687.0
2012-06-27,7.17,7.23,6.84,7.04,11265544.0
2012-06-28,6.95,7.33,6.85,7.24,12892450.0
2012-06-29,7.09,7.79,7.08,7.65,19954498.0
2012-07-02,7.57,7.99,7.48,7.85,26168256.0
2012-07-03,7.75,7.91,7.57,7.81,27390540.0
2012-07-04,7.7,7.79,7.58,7.65,16670258.0
2012-07-05,7.54,8.39,7.38,8.02,27088952.0
2012-07-06,7.94,8.09,7.75,8.0,22349112.0
2012-07-09,7.89,8.28,7.47,7.49,14464366.0
2012-07-10,6.8,7.1,6.74,6.74,10658120.0
2012-07-11,6.46,6.46,6.07,6.11,14602746.0
2012-07-12,6.11,6.22,5.86,6.12,7870956.0
2012-07-13,6.14,6.17,5.93,5.96,6866985.0
2012-07-16,5.99,6.02,5.46,5.51,8386270.0
2012-07-17,5.46,5.67,5.42,5.58,5255323.0
2012-07-18,5.6,5.71,5.55,5.66,5120865.0
2012-07-19,5.61,5.79,5.58,5.74,6137399.0
2012-07-20,5.74,6.21,5.71,6.16,14054314.0
2012-07-23,6.11,6.11,5.85,5.89,6879120.0
2012-07-24,5.8,5.86,5.65,5.84,6368454.0
2012-07-25,5.8,5.8,5.62,5.65,4176656.0
2012-07-26,5.65,5.74,5.53,5.55,3548057.0
2012-07-27,5.6,5.65,5.51,5.54,2092762.0
2012-07-30,5.51,5.58,5.24,5.25,4166825.0
2012-07-31,5.24,5.29,5.01,5.02,3701714.0
2012-08-01,5.01,5.2,4.98,5.19,3412885.0
2012-08-02,5.16,5.24,5.06,5.08,2640831.0
2012-08-03,5.09,5.34,5.04,5.28,4137923.0
2012-08-06,5.22,5.58,5.21,5.46,6724259.0
2012-08-07,5.51,5.63,5.37,5.49,6844266.0
2012-08-08,5.46,5.63,5.39,5.52,5684847.0
2012-08-09,5.54,5.62,5.4,5.57,6394960.0
2012-08-10,5.55,5.56,5.41,5.5,4482573.0
2012-08-13,5.48,5.48,5.22,5.23,4126158.0
2012-08-14,5.17,5.25,5.06,5.2,3663443.0
2012-08-15,5.18,5.45,5.16,5.3,6217392.0
2012-08-16,5.19,5.29,5.12,5.17,3296680.0
2012-08-17,5.19,5.3,5.12,5.25,2729274.0
2012-08-20,5.19,5.28,5.17,5.25,1956276.0
2012-08-21,5.25,5.38,5.22,5.32,3741600.0
2012-08-22,5.34,5.41,5.24,5.27,4491159.0
2012-08-23,5.24,5.38,5.23,5.37,3835182.0
2012-08-24,5.36,5.55,5.22,5.22,5888432.0
2012-08-27,5.12,5.13,5.01,5.02,3286734.0
2012-08-28,5.03,5.08,4.99,5.03,2650810.0
2012-08-29,5.03,5.1,4.94,4.94,2860234.0
2012-08-30,4.92,5.0,4.7,4.85,3090350.0
2012-08-31,4.85,5.0,4.81,4.95,3038675.0
2012-09-03,4.96,5.03,4.92,4.99,2520144.0
2012-09-04,5.0,5.06,4.94,4.99,3011360.0
2012-09-05,4.97,5.14,4.9,5.04,4311860.0
2012-09-06,5.03,5.11,5.02,5.08,2768963.0
2012-09-07,5.12,5.3,5.08,5.22,6912432.0
2012-09-10,5.21,5.3,5.21,5.26,4792178.0
2012-09-11,5.25,5.25,5.15,5.21,4222556.0
2012-09-12,5.23,5.39,5.21,5.32,6703247.0
2012-09-13,5.29,5.32,5.17,5.17,4627486.0
2012-09-14,5.22,5.26,5.08,5.22,4067807.0
2012-09-17,5.16,5.28,5.03,5.05,3787748.0
2012-09-18,5.01,5.05,4.93,4.98,2840179.0
2012-09-19,5.02,5.02,4.94,4.99,2442498.0
2012-09-20,4.99,5.03,4.85,4.88,3601674.0
2012-09-21,4.89,5.02,4.79,4.84,4227027.0
2012-09-24,4.85,4.96,4.74,4.92,3352245.0
2012-09-25,4.88,4.93,4.74,4.79,2697873.0
2012-09-26,4.79,4.81,4.6,4.68,2552489.0
2012-09-27,4.7,4.83,4.63,4.77,3423193.0
2012-09-28,4.77,4.89,4.74,4.86,4271828.0
2012-10-08,4.85,4.89,4.81,4.87,2408775.0
2012-10-09,4.85,5.02,4.85,5.0,3879320.0
2012-10-10,5.03,5.11,4.96,5.08,5755100.0
2012-10-11,5.05,5.08,4.92,4.93,4325695.0
2012-10-12,4.95,5.05,4.91,4.98,3560137.0
2012-10-15,4.94,4.99,4.8,4.88,2820186.0
2012-10-16,4.89,4.94,4.83,4.84,2023050.0
2012-10-17,4.84,5.04,4.69,4.94,6414034.0
2012-10-18,4.91,5.01,4.87,4.99,5128554.0
2012-10-19,4.97,5.03,4.94,4.97,2819610.0
2012-10-22,4.93,5.01,4.9,5.0,2430865.0
2012-10-23,5.02,5.02,4.87,4.88,3886795.0
2012-10-24,4.88,4.89,4.81,4.87,2742649.0
2012-10-25,4.85,4.94,4.81,4.83,2887227.0
2012-10-26,4.84,4.85,4.64,4.65,3302572.0
2012-10-29,4.59,4.68,4.59,4.62,1517285.0
2012-10-30,4.62,4.71,4.62,4.66,1974126.0
2012-10-31,4.71,4.82,4.68,4.74,3144745.0
2012-11-01,4.72,4.82,4.7,4.79,3724257.0
2012-11-02,4.79,4.86,4.75,4.85,3226497.0
2012-11-05,4.85,4.88,4.77,4.79,2389527.0
2012-11-06,4.78,4.82,4.67,4.71,2288571.0
2012-11-07,4.73,4.8,4.67,4.77,2097938.0
2012-11-08,4.71,4.75,4.49,4.51,3149487.0
2012-11-09,4.51,4.58,4.48,4.51,1649459.0
2012-11-12,4.53,4.58,4.51,4.57,1170968.0
2012-11-13,4.61,4.62,4.49,4.5,1629512.0
2012-11-14,4.52,4.64,4.5,4.57,1682285.0
2012-11-15,4.55,4.62,4.37,4.4,2274429.0
2012-11-16,4.42,4.44,4.34,4.39,1910377.0
2012-11-19,4.38,4.4,4.26,4.37,2009800.0
2012-11-20,4.37,4.41,4.32,4.32,1411656.0
2012-11-21,4.36,4.39,4.25,4.37,1596251.0
2012-11-22,4.36,4.47,4.31,4.45,3727691.0
2012-11-23,4.44,4.46,4.37,4.38,2243632.0
2012-11-26,4.38,4.41,4.29,4.31,1353790.0
2012-11-27,4.35,4.35,4.05,4.06,2035115.0
2012-11-28,4.05,4.05,3.85,3.91,1877137.0
2012-11-29,3.92,3.94,3.79,3.82,1277450.0
2012-11-30,3.81,3.89,3.77,3.87,1005779.0
2012-12-03,3.85,3.89,3.67,3.68,1504249.0
2012-12-04,3.67,3.76,3.63,3.76,1489819.0
2012-12-05,3.77,3.94,3.71,3.91,2618249.0
2012-12-06,3.91,3.95,3.87,3.92,1901298.0
2012-12-07,3.92,4.02,3.87,4.01,2404733.0
2012-12-10,4.05,4.12,3.99,4.11,2945228.0
2012-12-11,4.08,4.15,4.01,4.07,2958790.0
2012-12-12,4.11,4.11,3.99,4.08,2609095.0
2012-12-13,4.05,4.2,4.02,4.16,5524514.0
2012-12-14,4.13,4.37,4.09,4.28,7008733.0
2012-12-17,4.27,4.37,4.25,4.29,5011981.0
2012-12-18,4.29,4.32,4.18,4.23,4102476.0
2012-12-19,4.24,4.32,4.19,4.27,2924747.0
2012-12-20,4.26,4.32,4.17,4.26,3854229.0
2012-12-21,4.24,4.29,4.15,4.19,3718154.0
2012-12-24,4.18,4.23,4.15,4.17,1863984.0
2012-12-25,4.16,4.29,4.16,4.26,3908417.0
2012-12-26,4.26,4.35,4.26,4.35,4421639.0
2012-12-27,4.33,4.36,4.27,4.27,4128757.0
2012-12-28,4.26,4.45,4.26,4.35,5667254.0
2012-12-31,4.32,4.39,4.27,4.35,3734545.0
2013-01-04,4.4,4.44,4.3,4.33,2988950.0
2013-01-07,4.31,4.39,4.27,4.37,3369454.0
2013-01-08,4.38,4.5,4.35,4.45,6318105.0
2013-01-09,4.46,4.58,4.4,4.47,5514099.0
2013-01-10,4.48,4.61,4.47,4.58,6534884.0
2013-01-11,4.58,4.58,4.37,4.38,5593739.0
2013-01-14,4.56,4.75,4.47,4.62,10187729.0
2013-01-15,4.63,4.72,4.54,4.71,9700398.0
2013-01-16,4.66,4.78,4.59,4.73,9134938.0
2013-01-17,4.67,4.71,4.58,4.59,4916420.0
2013-01-18,4.58,4.65,4.54,4.62,3669840.0
2013-01-21,4.62,4.65,4.59,4.63,3590454.0
2013-01-22,4.63,4.63,4.48,4.51,4380544.0
2013-01-23,4.5,4.53,4.39,4.47,3239710.0
2013-01-24,4.47,4.52,4.31,4.35,4732766.0
2013-01-25,4.33,4.4,4.27,4.3,3091871.0
2013-01-28,4.3,4.42,4.3,4.41,3641636.0
2013-01-29,4.4,4.61,4.4,4.56,8762505.0
2013-01-30,4.57,4.73,4.49,4.7,12489770.0
2013-01-31,4.67,4.68,4.55,4.56,6053259.0
2013-02-01,4.56,4.62,4.49,4.52,4298185.0
2013-02-04,4.53,4.59,4.43,4.46,3822839.0
2013-02-05,4.45,4.51,4.38,4.49,2450144.0
2013-02-06,4.51,4.54,4.47,4.53,2251347.0
2013-02-07,4.56,4.57,4.47,4.52,2076725.0
2013-02-08,4.53,4.6,4.5,4.57,3349766.0
2013-02-18,4.6,4.65,4.57,4.65,4309103.0
2013-02-19,4.66,4.68,4.56,4.59,3098666.0
2013-02-20,4.59,4.75,4.57,4.75,6419715.0
2013-02-21,4.69,4.81,4.66,4.69,7702836.0
2013-02-22,4.77,5.15,4.77,5.15,10989756.0
2013-02-25,5.17,5.32,5.03,5.23,27818488.0
2013-02-26,5.04,5.14,5.0,5.1,13330555.0
2013-02-27,5.07,5.13,4.88,4.95,9030932.0
2013-02-28,4.93,5.03,4.86,5.03,7501363.0
2013-03-01,5.0,5.25,4.92,5.15,15148198.0
2013-03-04,5.08,5.09,4.81,4.9,8455306.0
2013-03-05,4.9,5.38,4.9,5.38,15343403.0
2013-03-06,5.64,5.92,5.63,5.92,47000096.0
2013-03-07,5.74,6.39,5.67,6.19,45866092.0
2013-03-08,5.96,6.03,5.66,5.67,26940992.0
2013-03-11,5.63,5.71,5.43,5.61,16158892.0
2013-03-12,5.56,5.91,5.47,5.86,21251232.0
2013-03-13,5.75,6.05,5.65,5.72,20723996.0
2013-03-14,5.63,6.03,5.37,6.01,21656556.0
2013-03-15,5.86,6.12,5.72,5.76,18300142.0
2013-03-18,5.65,6.06,5.54,5.79,13308752.0
2013-03-19,5.76,6.18,5.63,6.16,22631856.0
2013-03-20,6.11,6.2,5.96,6.18,21365720.0
2013-03-21,6.11,6.18,5.92,6.09,19528448.0
2013-03-22,6.05,6.33,5.98,6.05,19651568.0
2013-03-25,6.0,6.0,5.79,5.84,14584388.0
2013-03-26,5.77,5.81,5.54,5.58,13594821.0
2013-03-27,5.58,5.65,5.49,5.63,9211463.0
2013-03-28,5.56,5.56,5.13,5.17,10446731.0
2013-03-29,5.2,5.35,5.17,5.18,5399154.0
2013-04-01,5.22,5.29,5.13,5.21,3993565.0
2013-04-02,5.2,5.3,5.17,5.26,5055404.0
2013-04-03,5.2,5.26,5.03,5.06,5997927.0
2013-04-08,4.97,5.05,4.82,5.01,5192948.0
2013-04-09,5.01,5.19,5.01,5.13,5650288.0
2013-04-10,5.11,5.15,5.01,5.08,4083747.0
2013-04-11,5.1,5.28,5.08,5.13,5137112.0
2013-04-12,5.12,5.24,4.91,5.13,7412595.0
2013-04-15,5.11,5.11,4.93,4.95,3706502.0
2013-04-16,4.92,4.93,4.78,4.91,3170846.0
2013-04-17,4.91,4.97,4.83,4.95,3256349.0
2013-04-18,4.93,4.96,4.87,4.9,2315025.0
2013-04-19,4.9,5.02,4.88,4.98,4078352.0
2013-04-22,4.97,4.97,4.85,4.91,4071148.0
2013-04-23,4.91,4.91,4.57,4.57,5736020.0
2013-04-24,4.55,4.66,4.47,4.6,4121184.0
2013-04-25,4.53,4.61,4.43,4.44,3692803.0
2013-04-26,4.46,4.52,4.38,4.39,2612845.0
2013-05-02,4.39,4.43,4.35,4.39,2002346.0
2013-05-03,4.41,4.6,4.41,4.54,3823636.0
2013-05-06,4.56,4.65,4.5,4.63,3824035.0
2013-05-07,4.62,5.09,4.55,5.09,13716482.0
2013-05-08,4.97,5.14,4.94,5.01,12029718.0
2013-05-09,4.99,5.21,4.88,5.11,11002180.0
2013-05-10,5.03,5.16,5.0,5.06,7431900.0
2013-05-13,5.08,5.29,4.98,5.22,10802541.0
2013-05-14,5.14,5.19,5.02,5.04,6090339.0
2013-05-15,5.03,5.11,5.03,5.09,3637754.0
2013-05-16,5.07,5.17,5.03,5.16,5896415.0
2013-05-17,5.13,5.41,5.11,5.29,9757529.0
2013-05-20,5.28,5.4,5.23,5.35,8806505.0
2013-05-21,5.35,5.54,5.31,5.5,10564331.0
2013-05-22,5.49,5.5,5.23,5.25,9442307.0
2013-05-23,5.21,5.31,5.06,5.06,7058080.0
2013-05-24,5.08,5.18,5.06,5.16,5295401.0
2013-05-27,5.16,5.29,5.11,5.25,4882460.0
2013-05-28,5.32,5.41,5.25,5.31,6686835.0
2013-05-29,5.31,5.51,5.24,5.45,11699690.0
2013-05-30,5.48,5.6,5.39,5.43,11319813.0
2013-05-31,5.38,5.44,5.29,5.31,6528780.0
2013-06-03,5.35,5.38,5.22,5.36,4947819.0
2013-06-04,5.38,5.38,5.12,5.2,4484924.0
2013-06-05,5.2,5.2,5.06,5.13,3019693.0
2013-06-06,5.13,5.14,4.99,5.02,2816907.0
2013-06-07,5.03,5.07,4.77,4.89,3723457.0
2013-06-13,4.89,4.89,4.57,4.65,3134210.0
2013-06-14,4.64,4.75,4.64,4.74,2180519.0
2013-06-17,4.74,4.81,4.57,4.76,3160833.0
2013-06-18,4.75,4.84,4.67,4.82,2826762.0
2013-06-19,4.77,4.77,4.61,4.7,3103140.0
2013-06-20,4.66,4.75,4.55,4.55,3140005.0
2013-06-21,4.43,4.52,4.29,4.48,3136663.0
2013-06-24,4.45,4.49,4.1,4.13,3797854.0
2013-06-25,4.16,4.19,3.71,4.1,4357830.0
2013-06-26,4.09,4.17,3.95,4.12,2038707.0
2013-06-27,4.14,4.19,3.97,4.01,3017316.0
2013-06-28,4.01,4.11,3.92,3.99,2600483.0
2013-07-01,3.97,4.18,3.88,4.17,3030253.0
2013-07-02,4.16,4.2,4.1,4.17,2104392.0
2013-07-03,4.37,4.55,4.28,4.36,9011136.0
2013-07-04,4.25,4.41,4.2,4.33,4576337.0
2013-07-05,4.31,4.4,4.22,4.29,3184285.0
2013-07-08,4.23,4.23,3.97,4.04,3168025.0
2013-07-09,4.02,4.13,4.01,4.1,2131931.0
2013-07-10,4.07,4.23,4.05,4.22,2465386.0
2013-07-11,4.15,4.35,4.15,4.32,4564436.0
2013-07-12,4.32,4.35,4.2,4.22,3109069.0
2013-07-15,4.23,4.3,4.19,4.29,2436876.0
2013-07-16,4.3,4.39,4.29,4.36,2685191.0
2013-07-17,4.35,4.37,4.18,4.19,3072478.0
2013-07-18,4.19,4.23,4.08,4.09,2539030.0
2013-07-19,4.09,4.14,3.98,4.0,2224334.0
2013-07-22,3.96,4.06,3.92,4.05,1381969.0
2013-07-23,4.09,4.15,4.03,4.14,2348621.0
2013-07-24,4.14,4.15,4.02,4.09,2016304.0
2013-07-25,4.08,4.2,4.05,4.14,3228699.0
2013-07-26,4.1,4.21,4.06,4.1,2890598.0
2013-07-29,4.07,4.37,4.02,4.21,5265478.0
2013-07-30,4.17,4.21,4.08,4.13,3211944.0
2013-07-31,4.11,4.17,4.08,4.11,2159030.0
2013-08-01,4.15,4.27,4.12,4.25,4102563.0
2013-08-02,4.25,4.29,4.19,4.22,3956539.0
2013-08-05,4.24,4.29,4.2,4.29,2468484.0
2013-08-06,4.27,4.39,4.25,4.39,5072354.0
2013-08-07,4.35,4.38,4.3,4.34,3760007.0
2013-08-08,4.32,4.36,4.24,4.27,2738710.0
2013-08-09,4.29,4.33,4.19,4.3,3173986.0
2013-08-12,4.3,4.41,4.28,4.4,4855465.0
2013-08-13,4.43,4.49,4.35,4.47,5077424.0
2013-08-14,4.47,4.55,4.4,4.45,6154338.0
2013-08-15,4.45,4.66,4.42,4.52,8487927.0
2013-08-16,4.5,4.63,4.38,4.42,7995727.0
2013-08-19,4.44,4.56,4.31,4.55,5706871.0
2013-08-20,4.55,4.64,4.49,4.55,4937411.0
2013-08-21,4.56,4.67,4.49,4.6,7697553.0
2013-08-22,4.61,4.64,4.47,4.49,5368471.0
2013-08-23,4.52,4.66,4.4,4.62,9838886.0
2013-08-26,4.67,4.84,4.6,4.71,9984824.0
2013-08-27,4.7,4.79,4.62,4.73,7735917.0
2013-08-28,4.71,4.71,4.6,4.67,5661839.0
2013-08-29,4.86,5.02,4.74,4.76,10177136.0
2013-08-30,4.69,5.03,4.66,4.99,15018187.0
2013-09-02,5.04,5.04,4.84,4.89,8238760.0
2013-09-03,4.89,4.91,4.79,4.89,5216544.0
2013-09-04,4.89,4.97,4.82,4.82,4445602.0
2013-09-05,4.79,4.82,4.67,4.71,5601587.0
2013-09-06,4.71,4.74,4.64,4.72,4368126.0
2013-09-09,4.72,4.77,4.69,4.75,4460604.0
2013-09-10,4.75,4.85,4.72,4.77,5821503.0
2013-09-11,4.77,4.79,4.62,4.64,8167559.0
2013-09-12,4.62,4.74,4.59,4.69,4797224.0
2013-09-13,4.68,4.75,4.63,4.71,5004969.0
2013-09-16,4.71,4.88,4.67,4.87,6765631.0
2013-09-17,4.84,4.85,4.65,4.66,5160826.0
2013-09-18,4.66,4.69,4.61,4.68,2528317.0
2013-09-23,4.69,4.79,4.67,4.76,4068348.0
2013-09-24,4.79,4.89,4.75,4.77,5752938.0
2013-09-25,4.73,4.76,4.66,4.7,4593044.0
2013-09-26,4.68,4.71,4.45,4.47,5261964.0
2013-09-27,4.45,4.52,4.45,4.49,2133017.0
2013-09-30,4.5,4.56,4.47,4.55,2189685.0
2013-10-08,4.56,4.64,4.52,4.62,2819007.0
2013-10-09,4.62,4.67,4.59,4.65,2459641.0
2013-10-10,4.7,4.79,4.65,4.68,5482030.0
2013-10-11,4.67,4.77,4.66,4.75,3862131.0
2013-10-14,4.76,4.8,4.72,4.77,3156540.0
2013-10-15,4.72,4.78,4.67,4.77,4651915.0
2013-10-16,4.76,4.79,4.57,4.62,4261670.0
2013-10-17,4.62,4.73,4.61,4.7,2944355.0
2013-10-18,4.7,4.76,4.64,4.71,2477794.0
2013-10-21,4.72,4.8,4.68,4.78,4226431.0
2013-10-22,4.78,4.84,4.75,4.8,4765600.0
2013-10-23,4.77,4.83,4.62,4.65,4803926.0
2013-10-24,4.65,4.67,4.58,4.61,2153547.0
2013-10-25,4.61,4.69,4.57,4.61,3631867.0
2013-10-28,4.63,4.65,4.51,4.54,2802847.0
2013-10-29,4.6,4.75,4.27,4.43,7166635.0
2013-10-30,4.44,4.49,4.35,4.45,2923606.0
2013-10-31,4.45,4.45,4.36,4.39,2661990.0
2013-11-01,4.45,4.53,4.4,4.41,1929715.0
2013-11-04,4.39,4.47,4.39,4.44,1804244.0
2013-11-05,4.42,4.47,4.37,4.45,1997940.0
2013-11-06,4.44,4.5,4.42,4.44,2431749.0
2013-11-07,4.43,4.44,4.33,4.34,1748867.0
2013-11-08,4.35,4.35,4.2,4.25,2282699.0
2013-11-11,4.26,4.31,4.21,4.27,920562.0
2013-11-12,4.3,4.33,4.24,4.33,1325798.0
2013-11-13,4.34,4.46,4.26,4.34,3097332.0
2013-11-14,4.29,4.33,4.18,4.3,2551794.0
2013-11-15,4.26,4.4,4.26,4.36,1940153.0
2013-11-18,4.37,4.5,4.36,4.48,3365867.0
2013-11-19,4.46,4.48,4.43,4.47,2903659.0
2013-11-20,4.46,4.55,4.43,4.54,3440134.0
2013-11-21,4.5,4.6,4.49,4.56,3190874.0
2013-11-22,4.52,4.6,4.52,4.57,1738403.0
2013-11-25,4.52,4.69,4.52,4.64,3937457.0
2013-11-26,4.67,4.83,4.62,4.69,6474784.0
2013-11-27,4.69,4.69,4.57,4.63,4119929.0
2013-11-28,4.62,4.7,4.62,4.63,2424762.0
2013-11-29,4.62,4.67,4.61,4.62,2103488.0
2013-12-02,4.53,4.6,4.37,4.4,4230235.0
2013-12-03,4.42,4.49,4.37,4.48,1964950.0
2013-12-04,4.47,4.57,4.47,4.54,2393397.0
2013-12-05,4.52,4.64,4.52,4.61,2899472.0
2013-12-06,4.6,4.68,4.58,4.61,2150075.0
2013-12-09,4.75,4.85,4.65,4.7,7513065.0
2013-12-10,4.66,4.75,4.62,4.68,3943925.0
2013-12-11,4.63,4.7,4.56,4.69,3621858.0
2013-12-12,4.68,4.72,4.6,4.62,2504726.0
2013-12-13,4.63,4.67,4.59,4.6,2375011.0
2013-12-16,4.59,4.74,4.54,4.71,5748649.0
2013-12-17,4.71,4.73,4.56,4.59,4644144.0
2013-12-18,4.55,4.64,4.52,4.56,2764937.0
2013-12-19,4.57,4.61,4.48,4.49,1910955.0
2013-12-20,4.5,4.55,4.4,4.46,1697118.0
2013-12-23,4.45,4.48,4.35,4.4,2452918.0
2013-12-24,4.42,4.5,4.37,4.4,2599440.0
2013-12-25,4.4,4.45,4.37,4.43,1590377.0
2013-12-26,4.44,4.44,4.33,4.37,1501547.0
2013-12-27,4.39,4.49,4.36,4.44,2075964.0
2013-12-30,4.45,4.48,4.4,4.46,2363528.0
2013-12-31,4.47,4.51,4.41,4.49,2528336.0
2014-01-02,4.47,4.53,4.45,4.49,1476419.0
2014-01-03,4.5,4.5,4.38,4.43,2273251.0
2014-01-06,4.42,4.42,4.25,4.27,1861451.0
2014-01-07,4.3,4.34,4.21,4.3,2178071.0
2014-01-08,4.32,4.32,4.22,4.27,1744606.0
2014-01-09,4.26,4.34,4.16,4.16,2611360.0
2014-01-10,4.16,4.19,3.98,4.03,2023831.0
2014-01-13,4.02,4.06,3.97,3.99,1552849.0
2014-01-14,3.98,4.05,3.97,4.05,2031064.0
2014-01-15,4.04,4.07,4.0,4.06,1687910.0
2014-01-16,4.08,4.15,4.02,4.04,3358963.0
2014-01-17,4.05,4.08,4.02,4.04,1058800.0
2014-01-20,4.06,4.13,4.02,4.12,2071251.0
2014-01-21,4.09,4.21,4.09,4.2,2901729.0
2014-01-22,4.21,4.26,4.19,4.26,2252611.0
2014-01-23,4.27,4.34,4.24,4.29,2475652.0
2014-01-24,4.25,4.39,4.25,4.33,2614101.0
2014-01-27,4.31,4.38,4.28,4.31,2542709.0
2014-01-28,4.32,4.37,4.27,4.31,1623236.0
2014-01-29,4.29,4.35,4.27,4.33,1401676.0
2014-01-30,4.29,4.36,4.29,4.3,681103.0
2014-02-07,4.32,4.38,4.26,4.37,1445144.0
2014-02-10,4.39,4.79,4.38,4.76,16958158.0
2014-02-11,4.72,5.14,4.68,5.04,28525946.0
2014-02-12,5.0,5.06,4.92,5.03,15856413.0
2014-02-13,4.99,5.46,4.96,5.38,33525432.0
2014-02-14,5.36,5.38,5.24,5.32,17440448.0
2014-02-17,5.35,5.41,5.22,5.37,16404058.0
2014-02-18,5.33,5.8,5.24,5.64,30767908.0
2014-02-19,5.58,5.77,5.46,5.6,21307264.0
2014-02-20,5.58,5.64,5.33,5.49,22503580.0
2014-02-21,5.46,5.67,5.41,5.6,19135844.0
2014-02-24,5.62,6.01,5.42,5.89,30284316.0
2014-02-25,5.88,6.11,5.51,5.59,26544008.0
2014-02-26,5.53,5.56,5.03,5.39,12127604.0
2014-02-27,5.36,5.68,5.23,5.41,10567955.0
2014-02-28,5.36,5.51,5.31,5.43,5626371.0
2014-03-03,5.45,5.6,5.39,5.5,5669407.0
2014-03-04,5.56,5.91,5.4,5.75,10073289.0
2014-03-05,5.72,6.04,5.71,5.73,8551409.0
2014-03-06,5.7,5.85,5.52,5.6,5664107.0
2014-03-07,5.6,5.67,5.47,5.56,4890146.0
2014-03-10,5.59,5.59,5.11,5.16,6623857.0
2014-03-11,5.11,5.23,5.03,5.12,4041048.0
2014-03-12,5.12,5.12,4.87,4.97,6370756.0
2014-03-13,4.99,5.05,4.94,4.99,3249154.0
2014-03-14,4.98,5.18,4.92,5.13,5114801.0
2014-03-17,5.06,5.23,5.06,5.18,4133006.0
2014-03-18,5.16,5.23,5.11,5.12,3771832.0
2014-03-19,5.08,5.58,5.07,5.53,9566211.0
2014-03-20,5.53,5.53,5.23,5.24,5651194.0
2014-03-21,5.17,5.29,4.98,5.29,4740035.0
2014-03-24,5.27,5.45,5.24,5.28,4265710.0
2014-03-25,5.24,5.32,5.18,5.22,3697664.0
2014-03-26,5.21,5.33,5.2,5.25,2817310.0
2014-03-27,5.26,5.26,5.05,5.06,3141454.0
2014-03-28,5.07,5.13,4.89,4.91,5287417.0
2014-03-31,4.93,4.95,4.78,4.82,4307128.0
2014-04-01,4.82,4.92,4.79,4.9,2912259.0
2014-04-02,4.9,4.94,4.84,4.88,2024779.0
2014-04-03,4.91,5.01,4.86,4.92,2680801.0
2014-04-04,4.92,5.06,4.9,5.05,2397842.0
2014-04-08,5.05,5.15,5.01,5.1,2998393.0
2014-04-09,5.1,5.16,5.06,5.11,2665986.0
2014-04-10,5.12,5.13,4.98,5.02,5172563.0
2014-04-11,4.97,5.05,4.92,5.05,3720178.0
2014-04-14,5.04,5.05,4.95,5.03,2308848.0
2014-04-15,5.03,5.24,4.97,5.2,6382059.0
2014-04-16,5.2,5.33,5.14,5.21,4678868.0
2014-04-17,5.24,5.3,5.11,5.26,3576222.0
2014-04-18,5.18,5.3,5.18,5.19,2808437.0
2014-04-21,5.14,5.23,5.08,5.09,2446161.0
2014-04-22,5.08,5.08,4.97,5.03,2472200.0
2014-04-23,5.03,5.04,4.95,4.99,1727577.0
2014-04-24,4.99,5.06,4.92,4.98,1921551.0
2014-04-25,4.98,5.03,4.88,4.89,2251238.0
2014-04-28,4.88,4.89,4.68,4.68,2203963.0
2014-04-29,4.72,4.76,4.64,4.74,1223246.0
2014-04-30,4.74,4.86,4.74,4.83,1267543.0
2014-05-05,4.87,5.03,4.81,4.98,2298646.0
2014-05-06,4.97,5.03,4.92,4.98,1412860.0
2014-05-07,4.96,5.03,4.89,4.92,1052911.0
2014-05-08,4.92,5.02,4.87,4.94,1224220.0
2014-05-09,4.93,5.08,4.92,5.08,3557957.0
2014-05-12,5.08,5.19,5.06,5.15,3768850.0
2014-05-13,5.15,5.19,5.02,5.05,1872344.0
2014-05-14,5.06,5.11,5.03,5.1,1402508.0
2014-05-15,5.1,5.1,4.85,4.88,2362625.0
2014-05-16,4.88,4.91,4.81,4.85,1062530.0
2014-05-19,4.85,4.89,4.8,4.89,751759.0
2014-05-20,4.9,4.97,4.85,4.89,1202306.0
2014-05-21,4.88,4.91,4.77,4.88,2152361.0
2014-05-22,4.87,4.96,4.84,4.88,1540287.0
2014-05-23,4.91,4.91,4.82,4.91,1064839.0
2014-05-26,4.9,5.03,4.87,5.02,2913963.0
2014-05-27,5.0,5.08,4.98,5.06,2513613.0
2014-05-28,5.06,5.36,5.03,5.27,6406529.0
2014-05-29,5.35,5.44,5.22,5.27,6641967.0
2014-05-30,5.26,5.3,5.16,5.26,3167318.0
2014-06-03,5.26,5.33,5.17,5.19,3029761.0
2014-06-04,5.17,5.18,5.01,5.13,3038593.0
2014-06-05,5.11,5.28,5.1,5.26,3076830.0
2014-06-06,5.27,5.32,5.16,5.23,2341600.0
2014-06-09,5.24,5.38,5.19,5.26,3606235.0
2014-06-10,5.24,5.36,5.23,5.35,2496052.0
2014-06-11,5.36,5.36,5.25,5.28,2620897.0
2014-06-12,5.27,5.27,5.16,5.22,2115863.0
2014-06-13,5.19,5.32,5.19,5.27,2608012.0
2014-06-16,5.26,5.28,5.19,5.25,2533958.0
2014-06-17,5.27,5.61,5.25,5.58,11838975.0
2014-06-18,5.53,6.14,5.48,5.85,25146728.0
2014-06-19,5.72,5.76,5.37,5.43,14734577.0
2014-06-20,5.37,5.43,5.21,5.38,6500927.0
2014-06-23,5.38,5.53,5.38,5.42,5327387.0
2014-06-24,5.38,5.45,5.27,5.43,5324647.0
2014-06-25,5.41,5.41,5.27,5.28,3865997.0
2014-06-26,5.26,5.5,5.22,5.47,6916280.0
2014-06-27,5.42,5.73,5.4,5.62,9787761.0
2014-06-30,5.58,5.99,5.56,5.76,10082902.0
2014-07-01,5.79,5.84,5.63,5.79,5639772.0
2014-07-02,5.73,5.81,5.65,5.73,4419831.0
2014-07-03,5.72,5.91,5.62,5.88,7329470.0
2014-07-04,5.83,5.99,5.68,5.69,5578896.0
2014-07-07,5.69,5.8,5.64,5.72,3101998.0
2014-07-08,5.72,5.84,5.57,5.82,6201602.0
2014-07-09,5.79,5.85,5.66,5.76,5544575.0
2014-07-10,5.73,6.34,5.72,6.34,20526686.0
2014-07-11,6.49,6.98,6.49,6.98,34693984.0
2014-07-14,7.19,7.68,7.14,7.68,16292783.0
2014-07-15,7.99,8.44,7.45,7.53,57932920.0
2014-07-16,7.29,7.35,6.96,7.0,35884936.0
2014-07-17,6.93,7.23,6.78,7.06,27576204.0
2014-07-18,6.86,7.46,6.8,7.23,25683916.0
2014-07-21,7.12,7.95,7.01,7.95,37413172.0
2014-07-22,7.87,8.63,7.6,8.18,42934264.0
2014-07-23,8.12,8.58,7.69,7.87,32623826.0
2014-07-24,7.89,7.92,7.08,7.32,25274288.0
2014-07-25,7.28,7.46,7.09,7.44,14853345.0
2014-07-28,7.37,7.67,7.21,7.63,16715204.0
2014-07-29,7.54,7.96,7.49,7.73,20918626.0
2014-07-30,7.69,7.74,7.39,7.59,13756142.0
2014-07-31,7.59,7.85,7.46,7.78,13633568.0
2014-08-01,7.65,7.72,7.37,7.41,9922733.0
2014-08-04,7.37,7.96,7.36,7.82,14126020.0
2014-08-05,7.84,8.48,7.71,8.25,28489064.0
2014-08-06,8.29,8.87,8.17,8.53,26280996.0
2014-08-07,8.38,8.47,8.14,8.25,16837838.0
2014-08-08,8.19,8.46,8.09,8.3,12646405.0
2014-08-11,8.27,8.51,8.17,8.46,10863749.0
2014-08-12,8.46,8.46,8.19,8.27,10078762.0
2014-08-13,8.29,8.29,7.89,8.11,13124750.0
2014-08-14,8.09,8.21,7.92,7.94,8403831.0
2014-08-15,7.87,8.08,7.85,8.06,6932640.0
2014-08-18,8.11,8.86,8.1,8.86,31172716.0
2014-08-19,9.29,9.75,9.06,9.75,31825140.0
2014-08-20,9.83,9.84,9.26,9.44,26507072.0
2014-08-21,9.3,9.42,8.99,9.27,18942590.0
2014-08-22,9.23,9.73,9.11,9.46,21671606.0
2014-08-25,9.56,9.56,8.99,9.1,17007056.0
2014-08-26,8.97,9.33,8.88,9.17,13292177.0
2014-08-27,9.05,9.27,8.9,8.97,9109011.0
2014-08-28,8.93,9.37,8.74,9.29,15095414.0
2014-08-29,9.08,10.22,9.0,9.74,26427744.0
2014-09-01,9.72,9.94,9.43,9.89,17986156.0
2014-09-02,9.83,9.9,9.63,9.72,16283829.0
2014-09-03,9.62,9.96,9.45,9.67,17826202.0
2014-09-04,9.46,9.59,9.26,9.4,20889844.0
2014-09-05,9.39,9.59,9.28,9.49,13057687.0
2014-09-09,9.43,9.74,9.38,9.53,15903439.0
2014-09-10,9.43,9.46,9.2,9.38,12817350.0
2014-09-11,9.38,9.43,9.13,9.15,14198784.0
2014-09-12,9.03,9.35,9.03,9.33,10237420.0
2014-09-15,9.35,9.37,9.13,9.19,11503820.0
2014-09-16,9.19,9.2,8.63,8.65,15531696.0
2014-09-17,8.6,8.73,8.29,8.42,10535735.0
2014-09-18,8.41,8.73,8.33,8.62,7670854.0
2014-09-19,8.63,8.88,8.48,8.87,9926969.0
2014-09-22,8.8,8.83,8.53,8.56,5129986.0
2014-09-23,8.48,8.63,8.36,8.54,11126812.0
2014-09-24,8.48,8.66,8.39,8.6,9151011.0
2014-09-25,8.63,9.04,8.46,9.01,17038524.0
2014-09-26,8.88,9.88,8.86,9.68,35467020.0
2014-09-29,9.53,9.87,9.37,9.42,31773150.0
2014-09-30,9.29,9.39,9.0,9.1,19966316.0
2014-10-08,9.1,9.22,8.99,9.21,9261523.0
2014-10-09,9.22,9.26,9.04,9.15,9016618.0
2014-10-10,9.18,9.47,9.09,9.19,14700031.0
2014-10-13,9.15,9.15,8.7,8.9,8939772.0
2014-10-14,8.83,9.21,8.78,9.02,7805441.0
2014-10-15,9.04,9.23,8.82,9.18,13808207.0
2014-10-16,9.48,10.1,9.31,9.73,50070568.0
2014-10-17,9.38,9.38,8.76,8.78,39718120.0
2014-10-20,8.55,8.67,8.21,8.56,17690768.0
2014-10-21,8.45,8.45,8.27,8.27,10376715.0
2014-10-22,8.28,8.41,8.28,8.33,6040411.0
2014-10-23,8.33,8.33,7.84,7.89,9937092.0
2014-10-24,7.95,8.06,7.72,7.77,5455607.0
2014-10-27,7.77,7.87,7.64,7.83,4285295.0
2014-10-28,7.83,8.11,7.83,8.1,6392567.0
2014-10-29,8.12,8.26,8.02,8.16,6897678.0
2014-10-30,8.13,8.22,8.06,8.11,7722840.0
2014-10-31,8.11,8.2,8.03,8.13,6042501.0
2014-11-03,8.15,8.35,8.14,8.29,6982525.0
2014-11-04,8.31,8.33,8.19,8.21,4724304.0
2014-11-05,8.2,8.53,8.17,8.26,4820985.0
2014-11-06,8.26,8.26,7.9,8.13,5800354.0
2014-11-07,8.13,8.16,7.97,8.01,4966552.0
2014-11-10,8.05,8.11,7.94,8.04,3343813.0
2014-11-11,8.04,8.04,7.53,7.63,6370824.0
2014-11-12,7.63,7.85,7.62,7.84,3928915.0
2014-11-13,7.84,7.85,7.54,7.63,4528389.0
2014-11-14,7.64,7.81,7.57,7.78,4040396.0
2014-11-17,7.79,7.89,7.7,7.84,3629023.0
2014-11-18,7.81,7.89,7.72,7.84,4075795.0
2014-11-19,7.84,8.03,7.76,7.87,5606812.0
2014-11-20,7.79,7.94,7.74,7.78,4212445.0
2014-11-21,7.79,8.0,7.73,7.93,5362471.0
2014-11-24,7.99,8.14,7.91,8.1,7713238.0
2014-11-25,8.11,8.14,8.02,8.12,6897660.0
2014-11-26,8.13,8.31,8.05,8.24,11644943.0
2014-11-27,8.27,8.38,8.15,8.29,10797812.0
2014-11-28,8.31,8.31,8.1,8.14,6898438.0
2014-12-01,8.16,8.48,7.99,8.47,11436047.0
2014-12-02,8.39,8.54,8.33,8.42,10294979.0
2014-12-03,8.4,8.56,8.18,8.51,13824119.0
2014-12-04,8.48,8.62,8.41,8.53,16257710.0
2014-12-05,8.54,8.56,7.99,8.2,12157586.0
2014-12-08,8.18,8.4,8.04,8.2,14590179.0
2014-12-09,8.17,8.36,8.01,8.22,16281021.0
2014-12-10,8.19,8.78,8.14,8.71,27061306.0
2014-12-11,8.63,8.78,8.48,8.77,17894878.0
2014-12-12,8.8,8.85,8.65,8.71,9976673.0
2014-12-15,8.67,9.16,8.65,8.93,18986548.0
2014-12-16,8.86,8.94,8.56,8.67,12338225.0
2014-12-17,8.6,8.62,8.3,8.34,11009855.0
2014-12-18,8.29,8.35,8.17,8.24,6860087.0
2014-12-19,8.18,8.21,7.79,7.83,11276631.0
2014-12-22,7.82,7.82,7.05,7.05,13768692.0
2014-12-23,6.93,7.07,6.71,6.85,7319583.0
2014-12-24,6.85,7.07,6.85,7.06,4851660.0
2014-12-25,7.07,7.11,6.97,7.06,4767566.0
2014-12-26,7.06,7.06,6.96,7.01,4403208.0
2014-12-29,7.02,7.03,6.71,6.77,6778403.0
2014-12-30,6.77,6.82,6.67,6.72,4022433.0
2014-12-31,6.7,6.83,6.63,6.77,4292841.0
2015-01-05,6.8,6.95,6.79,6.91,5731114.0
2015-01-06,6.95,7.09,6.84,7.08,6507175.0
2015-01-07,7.08,7.16,6.98,7.01,5326127.0
2015-01-08,6.98,7.1,6.97,7.04,4628767.0
2015-01-09,7.0,7.04,6.85,6.86,4373537.0
2015-01-12,6.84,6.84,6.65,6.69,3615394.0
2015-01-13,6.68,6.96,6.65,6.87,3291146.0
2015-01-14,6.87,6.97,6.8,6.82,3091015.0
2015-01-15,6.82,6.87,6.74,6.83,3288669.0
2015-01-16,6.78,6.87,6.77,6.86,3617095.0
2015-01-19,6.81,6.81,6.35,6.42,5794791.0
2015-01-20,6.43,6.77,6.43,6.76,5445251.0
2015-01-21,6.81,7.36,6.81,7.23,15990394.0
2015-01-22,7.18,7.46,7.06,7.29,9241058.0
2015-01-23,7.28,7.39,7.22,7.29,7288239.0
2015-01-26,7.29,7.48,7.27,7.43,5727972.0
2015-01-27,7.49,7.49,7.29,7.45,5180937.0
2015-01-28,7.44,7.44,7.34,7.4,3613271.0
2015-01-29,7.37,7.64,7.35,7.59,6805744.0
2015-01-30,7.49,7.57,7.28,7.49,6841097.0
2015-02-02,7.43,7.66,7.26,7.56,5241517.0
2015-02-03,7.56,7.65,7.45,7.57,4176031.0
2015-02-04,7.55,7.63,7.48,7.6,3212080.0
2015-02-05,7.67,7.68,7.39,7.39,3750312.0
2015-02-06,7.38,7.4,7.27,7.29,2627422.0
2015-02-09,7.25,7.57,7.13,7.54,3779955.0
2015-02-10,7.53,7.59,7.34,7.46,2126701.0
2015-02-11,7.46,7.56,7.39,7.47,2591552.0
2015-02-12,7.45,7.59,7.45,7.48,2922023.0
2015-02-13,7.48,7.74,7.46,7.73,5385910.0
2015-02-16,7.73,7.91,7.7,7.81,5336331.0
2015-02-17,7.79,8.07,7.79,7.9,4980139.0
2015-02-25,7.89,8.07,7.84,7.9,3864855.0
2015-02-26,7.89,8.0,7.84,7.96,3343560.0
2015-02-27,7.96,7.99,7.86,7.95,3891940.0
2015-03-02,7.96,8.34,7.91,8.26,7794991.0
2015-03-03,8.27,8.34,7.99,8.13,6558440.0
2015-03-04,8.1,8.37,8.09,8.35,5352969.0
2015-03-05,8.35,8.6,8.28,8.54,8895237.0
2015-03-06,8.54,8.69,8.26,8.34,7123602.0
2015-03-09,8.34,8.66,8.18,8.57,6501283.0
2015-03-10,8.57,8.68,8.48,8.5,5063922.0
2015-03-11,8.44,8.92,8.34,8.76,10771490.0
2015-03-12,8.65,9.16,8.61,8.63,12221170.0
2015-03-13,8.63,8.83,8.49,8.77,6627283.0
2015-03-16,8.77,8.96,8.71,8.87,8541473.0
2015-03-17,8.87,9.33,8.84,9.27,13465682.0
2015-03-18,9.22,9.33,9.08,9.26,8658280.0
2015-03-19,9.26,9.28,9.13,9.18,7013639.0
2015-03-20,9.19,9.33,8.96,9.29,10708191.0
2015-03-23,9.29,9.36,9.19,9.29,8722838.0
2015-03-24,9.28,9.3,8.78,9.03,12036199.0
2015-03-25,9.03,9.12,8.76,9.0,8437840.0
2015-03-26,9.0,9.35,8.8,9.32,13050815.0
2015-03-27,9.31,9.7,9.28,9.32,9579388.0
2015-03-30,9.34,9.44,9.14,9.31,10063502.0
2015-03-31,9.3,9.51,9.11,9.5,10680701.0
2015-04-01,9.58,9.77,9.52,9.68,11547516.0
2015-04-02,9.68,10.05,9.55,9.86,11559827.0
2015-04-03,9.87,10.26,9.66,10.25,13184925.0
2015-04-07,10.36,10.74,10.25,10.47,14432242.0
2015-04-08,10.43,10.49,9.98,10.47,14608823.0
2015-04-09,10.53,10.76,9.96,10.17,12228109.0
2015-04-10,10.05,10.48,10.01,10.41,9408366.0
2015-04-13,10.4,11.19,10.3,10.91,13762287.0
2015-04-14,10.77,11.08,10.54,10.82,10218321.0
2015-04-15,10.84,11.47,10.67,10.87,13738196.0
2015-04-16,10.78,11.18,10.48,10.97,9754873.0
2015-04-17,10.95,11.12,10.68,10.77,10662464.0
2015-04-20,10.78,10.78,10.14,10.15,12623831.0
2015-04-21,10.0,10.51,9.96,10.48,8488446.0
2015-04-22,10.58,11.53,10.53,11.38,17309424.0
2015-04-23,11.37,12.48,11.13,12.05,21343912.0
2015-04-24,11.95,12.97,11.7,12.86,16047313.0
2015-04-27,13.28,13.44,12.73,12.96,14970788.0
2015-04-28,12.83,12.84,11.85,12.25,12075838.0
2015-04-29,12.08,12.73,12.0,12.4,7407297.0
2015-04-30,12.58,12.6,12.08,12.09,7143808.0
2015-05-04,12.08,12.32,11.88,12.19,5332932.0
2015-05-05,12.23,12.68,11.38,11.84,7391172.0
2015-05-06,11.72,12.19,11.55,11.85,7835393.0
2015-05-07,11.87,12.52,11.66,12.24,12299387.0
2015-05-08,12.3,13.47,12.3,13.34,21551698.0
2015-05-11,13.65,14.5,13.07,14.44,17956132.0
2015-05-12,14.45,14.75,13.78,14.13,16005903.0
2015-05-13,14.13,14.51,13.8,14.0,12226600.0
2015-05-14,14.07,15.4,14.07,15.4,17332474.0
2015-05-15,15.17,16.1,14.9,15.12,13775495.0
2015-05-18,15.07,15.37,14.4,14.67,14596113.0
2015-05-19,14.48,14.8,14.26,14.72,12265649.0
2015-05-20,14.99,16.17,14.4,15.88,15724322.0
2015-05-21,15.57,17.47,15.57,17.47,18929992.0
2015-05-22,17.97,17.97,16.86,17.19,15350108.0
2015-05-25,16.89,17.55,16.87,17.27,14230047.0
2015-05-26,17.28,17.78,17.13,17.56,15408392.0
2015-05-27,17.57,17.57,16.53,16.78,22232054.0
2015-05-28,16.64,17.02,15.1,15.18,18240408.0
2015-05-29,15.16,15.76,13.78,14.97,12484649.0
2015-06-01,15.07,16.12,14.98,15.89,9499592.0
2015-06-02,16.17,17.07,16.07,16.85,12128665.0
2015-06-03,16.87,17.17,16.1,16.45,12940114.0
2015-06-04,16.1,16.36,14.8,16.03,11773070.0
2015-06-05,16.53,17.51,16.27,16.92,18254052.0
2015-06-08,17.05,17.25,16.39,16.73,18860944.0
2015-06-09,16.73,16.95,16.08,16.6,11102885.0
2015-06-10,16.37,16.99,16.13,16.96,21484652.0
2015-06-11,16.96,18.66,16.82,18.66,31905968.0
2015-06-12,18.77,20.06,18.43,19.6,28933598.0
2015-06-15,19.63,19.66,18.37,18.68,19783306.0
2015-06-16,18.38,19.56,17.57,19.12,20747288.0
2015-06-17,18.97,21.03,18.65,20.54,23624000.0
2015-06-18,20.46,21.01,19.27,19.75,16427006.0
2015-06-19,18.85,19.32,17.78,17.78,13799161.0
2015-06-23,17.37,17.37,16.0,16.01,16519398.0
2015-06-24,16.15,16.8,15.66,16.52,15400254.0
2015-06-25,16.57,16.71,14.87,14.88,14352001.0
2015-06-26,14.37,14.37,13.4,13.4,9934204.0
2015-06-29,13.68,13.74,12.06,12.06,15375713.0
2015-06-30,11.21,12.57,10.85,12.17,23886104.0
2015-07-01,11.98,12.42,10.95,10.95,17574624.0
2015-07-02,10.48,10.66,9.85,9.85,16181154.0
2015-07-03,9.09,9.58,8.86,8.86,18242296.0
2015-07-06,9.58,9.58,7.98,7.98,20655440.0
2015-07-07,7.29,7.29,7.18,7.18,6976200.0
2015-07-08,6.46,6.46,6.46,6.46,1410700.0
2015-07-09,5.82,7.11,5.82,7.11,23258170.0
2015-07-10,7.49,7.82,7.25,7.82,8990229.0
2015-07-13,8.38,8.59,8.07,8.59,25065276.0
2015-07-14,8.82,9.45,8.58,9.21,38211008.0
2015-07-15,8.78,8.96,8.3,8.3,16030782.0
2015-07-16,7.58,8.68,7.47,8.43,23610292.0
2015-07-17,8.36,9.18,8.33,9.01,18907776.0
2015-07-20,9.01,9.39,8.59,9.04,21876888.0
2015-07-21,8.79,9.95,8.58,9.95,32697082.0
2015-07-22,9.98,10.34,9.43,10.05,33040724.0
2015-07-23,9.88,10.75,9.79,10.55,25231534.0
2015-07-24,10.53,10.75,10.03,10.21,25962936.0
2015-07-27,9.9,10.2,9.19,9.19,16873440.0
2015-07-28,8.34,8.98,8.28,8.28,23676812.0
2015-07-29,8.49,8.97,7.86,8.83,19514008.0
2015-07-30,8.69,9.18,8.47,8.5,18025260.0
2015-07-31,8.26,8.57,8.01,8.2,10853089.0
2015-08-03,8.14,8.19,7.38,7.49,13841948.0
2015-08-04,7.55,8.24,7.55,8.24,13238091.0
2015-08-05,8.2,8.55,8.16,8.25,13939303.0
2015-08-06,8.06,8.66,7.96,8.41,14400666.0
2015-08-07,8.57,8.95,8.53,8.87,16628379.0
2015-08-10,8.96,9.65,8.87,9.49,17025512.0
2015-08-11,9.43,10.26,9.38,10.05,26505736.0
2015-08-12,9.83,10.35,9.58,9.68,22042172.0
2015-08-13,9.76,10.25,9.7,10.15,20916912.0
2015-08-14,10.26,10.44,10.03,10.1,20923060.0
2015-08-17,10.01,10.83,9.94,10.7,21908392.0
2015-08-18,10.64,10.75,9.63,9.63,20948772.0
2015-08-19,9.08,9.77,8.67,9.76,20511748.0
2015-08-20,9.58,9.86,9.21,9.31,15752062.0
2015-08-21,8.94,9.23,8.43,8.49,12264101.0
2015-08-24,7.8,7.98,7.65,7.65,12814405.0
2015-08-25,6.91,7.21,6.88,6.88,10911227.0
2015-08-26,6.97,7.29,6.41,6.72,13894814.0
2015-08-27,6.89,7.16,6.49,7.13,11973069.0
2015-08-28,7.29,7.79,7.19,7.78,11724022.0
2015-08-31,7.78,7.79,7.34,7.36,8030569.0
2015-09-01,7.29,7.29,6.62,6.67,11724421.0
2015-09-02,6.45,7.21,6.29,6.71,10420843.0
2015-09-07,6.91,7.17,6.71,6.87,9261104.0
2015-09-08,6.79,7.45,6.73,7.43,8878927.0
2015-09-09,7.5,7.83,7.45,7.74,13912025.0
2015-09-10,7.57,7.72,7.47,7.48,6676201.0
2015-09-11,7.44,7.73,7.44,7.68,6920447.0
2015-09-14,7.76,7.77,6.91,6.91,9220781.0
2015-09-15,6.55,6.86,6.39,6.45,7345074.0
2015-09-16,6.52,7.1,6.52,7.08,8226195.0
2015-09-17,6.97,7.34,6.82,6.99,8778273.0
2015-09-18,6.98,7.25,6.96,7.18,5529139.0
2015-09-21,7.09,7.49,7.0,7.45,7540674.0
2015-09-22,7.49,7.64,7.27,7.57,9691002.0
2015-09-23,7.41,7.78,7.36,7.61,11022992.0
2015-09-24,7.63,7.81,7.5,7.74,7705899.0
2015-09-25,7.69,7.94,7.36,7.53,8671368.0
2015-09-28,7.58,7.79,7.37,7.74,6945148.0
2015-09-29,7.52,7.91,7.43,7.64,8718469.0
2015-09-30,7.65,7.77,7.5,7.56,6764411.0
2015-10-08,7.79,7.99,7.71,7.94,10163818.0
2015-10-09,7.93,8.13,7.89,8.09,10324347.0
2015-10-12,8.11,8.62,8.07,8.58,15102408.0
2015-10-13,8.48,8.71,8.41,8.66,11522160.0
2015-10-14,8.65,9.01,8.51,8.83,15860666.0
2015-10-15,8.73,9.33,8.64,9.22,18081392.0
2015-10-16,9.16,9.23,8.83,9.18,19067238.0
2015-10-19,9.23,9.67,8.94,9.18,18589660.0
2015-10-20,9.18,9.5,9.06,9.36,15334242.0
2015-10-21,9.43,9.53,8.42,8.49,20849032.0
2015-10-22,8.52,8.98,8.43,8.78,19209920.0
2015-10-23,8.88,9.26,8.74,9.19,18591532.0
2015-10-26,9.41,9.97,9.21,9.94,27438958.0
2015-10-27,9.72,10.3,9.13,9.89,23750376.0
2015-10-28,9.69,9.88,9.27,9.37,14768541.0
2015-10-29,9.4,9.49,9.11,9.29,12657293.0
2015-10-30,9.28,9.54,9.15,9.37,13753220.0
2015-11-02,9.04,9.32,8.92,8.96,9440509.0
2015-11-03,8.93,9.09,8.84,8.92,6953493.0
2015-11-04,8.98,9.48,8.97,9.46,13417605.0
2015-11-05,9.42,9.59,9.32,9.45,14872066.0
2015-11-06,9.44,9.73,9.43,9.7,13363294.0
2015-11-09,9.56,9.96,9.36,9.71,16806876.0
2015-11-10,9.62,10.25,9.55,10.14,25812368.0
2015-11-11,10.04,10.25,9.87,10.18,19271244.0
2015-11-12,10.16,10.25,9.88,10.13,17935408.0
2015-11-13,9.99,10.12,9.72,9.97,17394302.0
2015-11-16,9.81,10.92,9.74,10.85,24189098.0
2015-11-17,10.88,11.22,10.44,10.73,23249448.0
2015-11-18,10.78,11.08,10.53,10.98,17275156.0
2015-11-19,11.18,11.42,10.92,11.4,19672912.0
2015-11-20,11.47,11.67,11.09,11.29,20567396.0
2015-11-23,11.09,11.3,10.95,10.98,15343044.0
2015-11-24,10.9,11.3,10.88,11.29,11525357.0
2015-11-25,11.24,11.31,11.1,11.29,9794415.0
2015-11-26,11.36,12.38,11.36,11.73,23396914.0
2015-11-27,11.55,12.47,11.34,11.72,30376150.0
2015-11-30,11.58,12.89,11.06,12.89,44291564.0
2015-12-01,12.99,13.57,12.48,12.67,50312954.0
2015-12-02,12.23,12.38,11.4,11.4,30782544.0
2015-12-03,11.29,11.7,11.16,11.67,16640811.0
2015-12-04,11.48,11.98,11.45,11.75,15954913.0
2015-12-07,11.77,12.17,11.6,12.05,13676591.0
2015-12-08,11.95,11.95,11.23,11.39,14514540.0
2015-12-09,11.33,11.63,10.93,11.06,10808752.0
2015-12-10,11.08,11.23,10.82,10.88,9500889.0
2015-12-11,10.87,10.87,10.27,10.57,9597460.0
2015-12-14,10.54,11.14,10.45,11.06,8291318.0
2015-12-15,11.1,11.25,11.04,11.16,7090230.0
2015-12-16,11.16,11.58,11.11,11.4,8540052.0
2015-12-17,11.47,11.79,11.43,11.68,10156488.0
2015-12-18,11.75,11.75,11.3,11.45,10186898.0
2015-12-21,11.58,11.96,11.58,11.82,13273898.0
2015-12-22,11.78,12.06,11.58,11.94,11988019.0
2015-12-23,11.93,12.13,11.68,11.74,11463507.0
2015-12-24,11.76,11.81,11.36,11.62,8332998.0
2015-12-25,11.62,12.42,11.58,12.33,19459123.0
2015-12-28,12.41,12.75,11.78,11.85,20422517.0
2015-12-29,11.81,12.63,11.78,12.53,15359731.0
2015-12-30,12.48,12.7,12.27,12.55,15060204.0
2015-12-31,12.41,12.53,12.09,12.12,10589040.0
2016-01-04,12.04,12.08,10.91,10.91,9720704.0
2016-01-05,10.38,10.76,9.82,10.24,12897093.0
2016-01-06,10.29,10.68,10.25,10.64,8514294.0
2016-01-07,10.42,10.42,9.57,9.57,2151935.0
2016-01-08,9.88,10.05,8.83,9.81,8260638.0
2016-01-11,9.54,9.98,8.83,8.83,10249429.0
2016-01-12,8.93,9.22,8.58,9.18,9497259.0
2016-01-13,9.36,9.97,9.0,9.12,13403158.0
2016-01-14,8.76,9.84,8.59,9.75,8492700.0
2016-01-15,9.75,10.05,9.26,9.55,9034851.0
2016-01-18,9.05,9.83,9.05,9.66,6969893.0
2016-01-19,9.55,10.2,9.5,10.13,10214703.0
2016-01-20,10.1,10.31,9.89,10.12,8470908.0
2016-01-21,9.86,10.26,9.67,9.7,6510256.0
2016-01-22,9.78,10.22,9.78,10.13,7712641.0
2016-01-25,10.14,10.33,9.99,10.24,5432917.0
2016-01-26,10.09,10.16,9.21,9.21,8731510.0
2016-01-27,9.16,9.29,8.3,8.8,8312810.0
2016-01-28,8.68,8.86,8.05,8.09,6367936.0
2016-01-29,8.01,8.6,7.79,8.46,5882031.0
2016-02-01,8.47,8.73,8.23,8.5,4429608.0
2016-02-02,8.59,8.94,8.59,8.85,4659485.0
2016-02-03,8.78,8.96,8.63,8.87,3246272.0
2016-02-04,8.98,9.33,8.88,9.23,5153941.0
2016-02-05,9.28,9.77,9.28,9.34,6844997.0
2016-02-15,8.95,9.57,8.94,9.48,6033822.0
2016-02-16,9.41,9.9,9.41,9.78,7129225.0
2016-02-17,9.72,9.88,9.69,9.79,4516688.0
2016-02-18,9.91,10.06,9.72,9.88,6034626.0
2016-02-19,9.88,10.01,9.75,9.95,4013067.0
2016-02-22,10.13,10.26,9.95,10.06,7062975.0
2016-02-23,9.97,10.15,9.73,9.88,5763717.0
2016-02-24,9.92,10.1,9.68,10.08,5648678.0
2016-02-25,10.08,10.12,9.07,9.07,7853711.0
2016-02-26,9.16,9.28,8.75,8.99,5194608.0
2016-02-29,9.0,9.0,8.1,8.12,7111585.0
2016-03-01,8.17,8.41,7.99,8.37,5177190.0
2016-03-02,8.37,8.9,8.36,8.83,5084396.0
2016-03-03,8.93,9.21,8.76,8.87,5362788.0
2016-03-04,8.84,8.98,8.27,8.44,5576810.0
2016-03-07,8.48,8.87,8.48,8.74,3953111.0
2016-03-08,8.9,8.9,8.29,8.87,4201670.0
2016-03-09,8.73,8.8,8.58,8.71,3061951.0
2016-03-10,8.71,8.76,8.43,8.5,2832644.0
2016-03-11,8.38,8.55,8.31,8.47,2929618.0
2016-03-14,8.63,8.85,8.54,8.74,3752329.0
2016-03-15,8.73,9.04,8.69,9.03,6877164.0
2016-03-16,9.38,9.72,9.08,9.12,8752078.0
2016-03-17,9.16,9.56,9.05,9.47,7320691.0
2016-03-18,9.48,9.85,9.48,9.77,7777430.0
2016-03-21,9.8,10.38,9.8,10.34,9138535.0
2016-03-22,10.19,10.55,10.16,10.24,10992405.0
2016-03-23,10.24,10.4,10.06,10.28,5584566.0
2016-03-24,10.18,10.5,10.06,10.15,7393754.0
2016-03-25,10.08,10.27,10.05,10.25,4795454.0
2016-03-28,10.33,10.88,10.33,10.62,9062440.0
2016-03-29,10.68,10.86,10.13,10.51,7470332.0
2016-03-30,10.63,10.87,10.57,10.85,8877344.0
2016-03-31,10.88,10.95,10.75,10.84,6733136.0
2016-04-01,10.78,11.22,10.75,11.15,9588722.0
2016-04-05,11.22,11.69,11.18,11.55,10706341.0
2016-04-06,11.46,11.75,11.26,11.65,8246890.0
2016-04-07,11.65,12.82,11.13,12.38,22527337.0
2016-04-08,11.98,12.81,11.86,12.52,17337233.0
2016-04-11,12.29,12.93,12.28,12.35,17079516.0
2016-04-12,12.28,12.33,11.72,12.01,12322515.0
2016-04-13,12.02,12.31,11.86,11.96,11721220.0
2016-04-14,11.99,12.48,11.93,12.32,10534749.0
2016-04-15,12.33,12.43,12.16,12.25,8158076.0
2016-04-18,12.2,12.2,11.61,11.91,10171521.0
2016-04-19,12.0,12.05,11.53,11.72,10968037.0
2016-04-20,11.75,11.9,10.55,10.56,21303314.0
2016-04-21,10.49,10.89,10.48,10.7,11122158.0
2016-04-22,10.58,10.85,10.48,10.61,7501270.0
2016-04-25,10.59,11.04,10.57,10.86,9269261.0
2016-04-26,10.68,11.28,10.68,11.28,9738389.0
2016-04-27,11.28,11.65,11.06,11.11,11977768.0
2016-04-28,11.08,11.37,11.0,11.28,8149249.0
2016-04-29,11.2,11.42,11.11,11.22,5843561.0
2016-05-03,11.18,11.52,11.08,11.48,6518421.0
2016-05-04,11.52,11.57,11.27,11.32,6533352.0
2016-05-05,11.32,11.43,11.18,11.38,5700414.0
2016-05-06,11.38,11.38,10.48,10.52,13336596.0
2016-05-09,10.18,10.19,9.47,9.47,14750159.0
2016-05-10,9.39,9.7,9.3,9.48,8776066.0
2016-05-11,9.58,9.62,9.08,9.22,7637735.0
2016-05-12,9.07,9.28,8.6,9.12,5951966.0
2016-05-13,9.03,9.23,8.98,9.11,3676956.0
2016-05-16,9.23,9.57,9.16,9.56,6551532.0
2016-05-17,9.6,9.67,9.36,9.39,4774496.0
2016-05-18,9.09,9.17,8.69,8.87,6536484.0
2016-05-19,8.84,9.13,8.84,8.93,4368827.0
2016-05-20,8.98,9.17,8.81,9.16,4232504.0
2016-05-23,9.17,9.45,9.16,9.37,5978858.0
2016-05-24,9.29,9.65,9.25,9.39,7032714.0
2016-05-25,9.45,9.53,9.18,9.25,4572101.0
2016-05-26,9.24,9.31,8.88,9.29,3884539.0
2016-05-27,9.26,9.36,9.08,9.29,3031107.0
2016-05-30,9.18,9.32,9.0,9.18,4198215.0
2016-05-31,9.15,9.58,9.15,9.57,7324063.0
2016-06-01,9.61,9.82,9.58,9.71,6368967.0
2016-06-02,9.69,10.1,9.63,9.97,9228239.0
2016-06-03,9.9,10.0,9.81,9.95,5100226.0
2016-06-06,9.98,10.33,9.89,10.21,7394836.0
2016-06-07,10.33,10.56,10.07,10.23,10662492.0
2016-06-08,10.24,10.53,10.1,10.27,7600393.0
2016-06-13,10.03,10.31,9.28,9.41,7861090.0
2016-06-14,9.33,9.46,9.2,9.41,5827890.0
2016-06-15,9.28,10.35,9.26,10.35,17528381.0
2016-06-16,10.28,11.38,10.14,11.18,26316005.0
2016-06-17,10.91,11.35,10.76,11.16,19903205.0
2016-06-20,10.78,11.16,10.53,10.92,17603687.0
2016-06-21,10.88,11.2,10.54,11.02,16688721.0
2016-06-22,10.95,11.07,10.78,10.91,12651916.0
2016-06-23,10.95,10.95,10.6,10.77,9973551.0
2016-06-24,10.72,10.84,9.99,10.42,10433567.0
2016-06-27,10.29,10.68,10.29,10.65,8318153.0
2016-06-28,10.58,11.03,10.43,10.91,13106201.0
2016-06-29,10.86,10.94,10.7,10.75,9674005.0
2016-06-30,10.7,10.85,10.56,10.83,8916688.0
2016-07-01,10.83,10.84,10.48,10.5,7883530.0
2016-07-04,10.36,10.73,10.3,10.63,7548613.0
2016-07-05,10.58,10.93,10.58,10.89,10611812.0
2016-07-06,10.9,10.9,10.62,10.74,7896144.0
2016-07-07,10.81,11.23,10.65,11.13,17226267.0
2016-07-08,11.15,11.15,10.73,10.9,9452300.0
2016-07-11,10.86,11.08,10.5,10.58,10197596.0
2016-07-12,10.52,10.75,10.38,10.63,8893384.0
2016-07-13,10.6,10.78,10.5,10.68,8000880.0
2016-07-14,10.65,10.88,10.61,10.87,8828659.0
2016-07-15,10.91,10.93,10.61,10.69,6873362.0
2016-07-18,10.53,10.7,10.46,10.69,4703645.0
2016-07-19,10.51,10.65,10.4,10.61,5195422.0
2016-07-20,10.56,10.99,10.54,10.83,9510822.0
2016-07-21,10.82,10.92,10.69,10.91,8764979.0
2016-07-22,10.88,11.39,10.83,11.0,18717448.0
2016-07-25,10.91,11.85,10.81,11.51,23773930.0
2016-07-26,11.36,11.48,11.18,11.47,15297452.0
2016-07-27,11.38,11.41,10.4,10.51,18625138.0
2016-07-28,10.4,10.56,9.95,10.22,11378569.0
2016-07-29,10.15,10.24,9.97,10.08,5581757.0
2016-08-01,10.0,10.05,9.6,9.77,4797325.0
2016-08-02,9.78,9.97,9.78,9.94,3903465.0
2016-08-03,9.97,10.18,9.86,10.07,4931713.0
2016-08-04,10.04,10.2,9.92,10.12,4649112.0
2016-08-05,10.1,10.18,10.0,10.02,4753064.0
2016-08-08,9.91,10.1,9.73,10.09,4987988.0
2016-08-09,10.03,10.35,10.03,10.32,7820827.0
2016-08-10,10.27,10.3,10.08,10.1,5751779.0
2016-08-11,10.06,10.4,10.01,10.12,7664293.0
2016-08-12,10.15,10.2,9.93,10.13,5718209.0
2016-08-15,10.12,10.35,10.04,10.29,6777880.0
2016-08-16,10.33,10.49,10.26,10.38,9122580.0
2016-08-17,10.37,10.37,10.19,10.34,7897306.0
2016-08-18,10.3,10.45,10.26,10.32,6777237.0
2016-08-19,10.38,10.65,10.33,10.59,11900761.0
2016-08-22,10.6,10.64,10.23,10.26,6597651.0
2016-08-23,10.23,10.39,10.06,10.24,4894596.0
2016-08-24,10.25,10.31,10.18,10.29,4242292.0
2016-08-25,10.15,10.25,9.97,10.09,5588765.0
2016-08-26,10.1,10.25,10.07,10.16,4174217.0
2016-08-29,10.24,10.33,10.14,10.28,4096235.0
2016-08-30,10.22,10.28,10.12,10.21,3819336.0
2016-08-31,10.3,10.9,10.26,10.63,22058770.0
2016-09-01,10.58,11.69,10.51,11.69,32446176.0
2016-09-02,11.76,11.85,11.18,11.43,44021021.0
2016-09-05,11.35,11.75,11.16,11.55,31752693.0
2016-09-06,11.4,11.5,11.04,11.31,23449168.0
2016-09-07,11.22,11.98,11.15,11.72,35337560.0
2016-09-08,11.57,11.7,11.27,11.37,21125890.0
2016-09-09,11.32,12.3,11.32,11.63,36821925.0
2016-09-12,11.38,11.51,10.96,11.02,22068739.0
2016-09-13,11.17,12.12,11.0,12.12,27792539.0
2016-09-14,12.99,13.33,12.42,12.79,70625448.0
2016-09-19,12.79,12.94,12.24,12.53,45695773.0
2016-09-20,12.45,12.87,12.25,12.5,40040564.0
2016-09-21,12.41,12.48,12.0,12.12,27710566.0
2016-09-22,12.21,12.34,12.02,12.17,23746480.0
2016-09-23,12.1,12.2,11.72,11.83,22272636.0
2016-09-26,11.78,11.94,11.65,11.86,17390335.0
2016-09-27,11.79,12.09,11.66,12.05,16769897.0
2016-09-28,11.98,12.01,11.51,11.59,14128785.0
2016-09-29,11.6,11.63,11.35,11.46,13972936.0
2016-09-30,11.37,11.57,11.37,11.45,8865903.0
2016-10-10,11.52,11.82,11.47,11.76,11392289.0
2016-10-11,11.69,11.97,11.6,11.93,15923487.0
2016-10-12,11.88,12.08,11.79,11.86,14229285.0
2016-10-13,11.8,12.18,11.61,12.16,18991940.0
2016-10-14,12.04,12.25,11.93,12.13,16162379.0
2016-10-17,12.0,12.13,11.61,11.64,12226006.0
2016-10-18,11.6,11.76,11.55,11.73,7301942.0
2016-10-19,11.73,11.99,11.62,11.9,10285833.0
2016-10-20,11.89,11.89,11.64,11.67,8175582.0
2016-10-21,11.66,11.72,11.35,11.5,9583142.0
2016-10-24,11.54,11.7,11.44,11.62,7808470.0
2016-10-25,11.55,11.77,11.54,11.72,5902673.0
2016-10-26,11.75,11.75,11.5,11.57,5582166.0
2016-10-27,11.57,11.69,11.53,11.59,4342087.0
2016-10-28,11.65,12.12,11.6,11.92,16532208.0
2016-10-31,11.85,11.95,11.62,11.83,7074621.0
2016-11-01,11.86,12.25,11.78,12.19,14157072.0
2016-11-02,12.17,12.29,11.91,11.96,11615894.0
2016-11-03,11.9,12.2,11.82,11.96,11536866.0
2016-11-04,11.94,11.99,11.45,11.6,12617395.0
2016-11-07,11.65,11.72,11.56,11.58,6344578.0
2016-11-08,11.62,11.9,11.58,11.81,8044669.0
2016-11-09,11.81,11.95,11.65,11.76,9996166.0
2016-11-10,11.87,12.07,11.82,12.01,10043979.0
2016-11-11,11.96,12.33,11.96,12.13,15636777.0
2016-11-14,12.1,12.27,11.99,12.09,11236585.0
2016-11-15,12.1,12.23,12.07,12.18,8989469.0
2016-11-16,12.19,12.83,12.18,12.56,22003287.0
2016-11-17,12.41,12.52,12.15,12.32,12889760.0
2016-11-18,12.32,12.57,12.17,12.5,10552453.0
2017-03-15,13.75,13.75,13.75,13.75,1885200.0
2017-03-16,15.13,15.13,14.52,14.88,72828127.0
2017-03-17,14.52,14.66,13.73,13.8,50333596.0
2017-03-20,13.8,13.94,13.18,13.33,28748632.0
2017-03-21,13.25,13.42,12.85,13.01,25668492.0
2017-03-22,12.92,13.09,12.81,12.92,16652640.0
2017-03-23,12.94,12.96,12.45,12.62,19518869.0
2017-03-24,12.61,12.73,12.47,12.65,11300194.0
2017-03-27,12.61,12.71,12.41,12.66,11954795.0
2017-03-28,12.63,12.83,12.48,12.68,13221597.0
2017-03-29,12.62,12.72,11.78,11.81,22031732.0
2017-03-30,11.77,11.77,11.09,11.12,16579815.0
2017-03-31,11.13,11.29,11.06,11.12,8076886.0
2017-04-05,11.14,11.33,11.05,11.27,8284339.0
2017-04-06,11.2,11.35,11.18,11.24,6971141.0
2017-04-07,11.24,11.24,10.92,10.94,9963780.0
2017-04-10,10.94,11.04,10.69,10.93,10209800.0
2017-04-11,10.86,10.91,10.47,10.8,11347848.0
2017-04-12,10.8,10.87,10.5,10.69,10422707.0
2017-04-13,10.64,10.78,10.6,10.72,5179803.0
2017-04-14,10.69,10.79,10.32,10.33,8368471.0
2017-04-17,10.34,10.38,9.7,9.75,11445992.0
2017-04-18,9.74,9.8,9.53,9.6,7501668.0
2017-04-19,9.51,9.63,9.2,9.5,8464810.0
2017-04-20,9.49,9.62,9.4,9.53,5742111.0
2017-04-21,9.51,9.57,9.22,9.26,5603866.0
2017-04-24,9.27,9.38,8.91,9.1,4849467.0
2017-04-25,9.23,9.47,9.09,9.19,6707750.0
2017-04-26,9.18,9.34,9.1,9.29,4966996.0
2017-04-27,9.24,9.38,8.97,9.35,7354994.0
2017-04-28,9.32,9.54,9.29,9.5,6041413.0
2017-05-02,9.5,9.5,9.35,9.4,4211786.0
2017-05-03,9.4,9.44,9.33,9.41,3444858.0
2017-05-04,9.41,9.5,9.29,9.37,3999444.0
2017-05-05,9.35,9.35,9.02,9.04,6294046.0
2017-05-08,8.98,9.0,8.72,8.75,4695723.0
2017-05-09,8.73,8.95,8.67,8.91,3413665.0
2017-05-10,8.95,9.8,8.95,9.45,20346539.0
2017-05-11,9.4,9.4,8.91,9.12,14594786.0
2017-05-12,9.05,9.16,8.83,8.97,6838375.0
2017-05-15,8.85,9.06,8.85,8.98,4303460.0
2017-05-16,8.95,9.18,8.8,9.17,7194255.0
2017-05-17,9.11,9.36,9.1,9.26,7341270.0
2017-05-25,9.2,10.19,9.01,9.56,23544120.0
2017-05-26,9.5,9.69,9.4,9.52,9000498.0
2017-05-31,9.54,9.64,9.32,9.39,6678929.0
2017-06-01,9.43,9.49,9.15,9.19,5810900.0
2017-06-02,9.19,9.19,8.52,8.88,10078089.0
2017-06-05,8.82,8.96,8.82,8.95,3637394.0
2017-06-06,8.89,8.95,8.75,8.89,3002327.0
2017-06-07,8.98,9.17,8.91,9.16,6294937.0
2017-06-08,9.23,9.27,9.1,9.14,4980910.0
2017-06-09,9.13,9.14,8.91,9.02,4521860.0
2017-06-12,9.0,9.0,8.81,8.81,3824900.0
2017-06-13,8.86,9.33,8.82,9.27,8406055.0
2017-06-14,9.21,9.54,9.14,9.21,7876100.0
2017-06-15,9.16,9.4,9.05,9.38,7238496.0
2017-06-16,9.36,9.41,9.23,9.27,4259422.0
2017-06-19,9.29,9.45,9.17,9.44,6944033.0
2017-06-20,9.41,9.71,9.37,9.47,9245366.0
2017-06-21,9.51,9.55,9.36,9.41,4469457.0
2017-06-22,9.37,9.45,9.01,9.11,4569900.0
2017-06-23,9.05,9.42,9.03,9.31,5420354.0
2017-06-26,9.27,9.68,9.2,9.59,9527341.0
2017-06-27,9.6,9.63,9.42,9.43,6506288.0
2017-06-28,9.33,9.56,9.32,9.4,4871456.0
2017-06-29,9.37,9.48,9.33,9.39,4312500.0
2017-06-30,9.35,9.48,9.31,9.41,3412287.0
2017-07-03,9.44,9.46,9.3,9.45,3370354.0
2017-07-04,9.41,9.75,9.41,9.53,7126508.0
2017-07-05,9.54,9.75,9.43,9.69,9215576.0
2017-07-06,9.7,10.25,9.61,9.98,15834344.0
2017-07-07,9.87,10.15,9.81,10.07,10244724.0
2017-07-10,10.0,10.02,9.73,9.76,8893624.0
2017-07-11,9.7,9.82,9.55,9.56,5651749.0
2017-07-12,9.59,9.62,9.37,9.59,5767053.0
2017-07-13,9.61,9.85,9.56,9.77,6868635.0
2017-07-14,9.77,9.91,9.71,9.8,5555314.0
2017-07-17,9.78,9.78,8.82,8.83,11336997.0
2017-07-18,8.74,9.27,8.72,9.17,8204313.0
2017-07-19,9.08,9.28,9.05,9.24,4655701.0
2017-07-20,9.23,9.67,9.16,9.49,8820645.0
2017-07-21,9.4,9.49,9.31,9.38,5286901.0
2017-07-24,9.33,9.7,9.32,9.64,6039428.0
2017-07-25,9.62,9.66,9.37,9.45,4068700.0
2017-07-26,9.48,9.63,9.4,9.6,5410421.0
2017-07-27,9.54,9.73,9.5,9.66,6326831.0
2017-07-28,9.8,10.08,9.71,9.87,13077478.0
2017-07-31,9.86,10.15,9.75,10.02,10411773.0
2017-08-01,10.03,10.15,9.79,10.06,11535100.0
2017-08-02,10.06,10.14,9.76,9.82,7712944.0
2017-08-03,9.8,9.85,9.71,9.8,4574525.0
2017-08-04,9.82,9.88,9.65,9.66,5768220.0
2017-08-07,9.67,9.77,9.63,9.72,4022000.0
2017-08-08,9.66,9.74,9.62,9.71,3599223.0
2017-08-09,9.66,9.87,9.64,9.75,4189450.0
2017-08-10,9.69,9.75,9.45,9.46,5417531.0
2017-08-11,9.42,9.46,9.13,9.19,4986946.0
2017-08-14,9.18,9.38,9.17,9.37,3127501.0
2017-08-15,9.36,9.41,9.29,9.38,3519548.0
2017-08-16,9.36,9.46,9.3,9.46,2797757.0
2017-08-17,9.48,9.57,9.41,9.55,3500504.0
2017-08-18,9.48,9.58,9.45,9.54,2539007.0
2017-08-21,9.54,9.64,9.5,9.59,2431102.0
2017-08-22,9.59,9.59,9.43,9.46,3301773.0
2017-08-23,9.43,9.49,9.31,9.35,3276809.0
2017-08-24,9.32,9.46,9.32,9.4,2553502.0
2017-08-25,9.45,9.61,9.43,9.57,4080003.0
2017-08-28,9.62,9.71,9.52,9.67,3880722.0
2017-08-29,9.71,9.85,9.56,9.77,5065306.0
2017-08-30,9.72,9.76,9.67,9.69,2781413.0
2017-08-31,9.68,9.74,9.67,9.72,3365127.0
2017-09-01,9.73,9.74,9.61,9.68,3384901.0
2017-09-04,9.66,9.96,9.63,9.86,7321223.0
2017-09-05,9.86,9.91,9.77,9.8,5031088.0
2017-09-06,9.8,10.78,9.76,10.78,32779397.0
2017-09-07,10.73,11.07,10.65,11.02,36608457.0
2017-09-08,10.8,11.0,10.71,10.87,19112574.0
2017-09-11,10.99,11.5,10.7,11.33,27778904.0
2017-09-12,11.18,11.58,10.79,10.83,26265026.0
2017-09-13,10.74,10.95,10.6,10.89,10571502.0
2017-09-14,10.79,11.27,10.63,11.24,16264357.0
2017-09-15,11.13,12.36,10.89,12.36,40948895.0
2017-09-18,12.56,12.56,12.0,12.2,30390951.0
2017-09-19,12.2,12.43,11.96,12.24,19764852.0
2017-09-20,12.11,12.3,12.05,12.18,13433908.0
2017-09-21,12.1,12.68,11.71,12.26,27545070.0
2017-09-22,12.0,12.25,11.78,11.8,15045152.0
2017-09-25,11.79,11.79,11.0,11.07,14477108.0
2017-09-26,11.13,11.29,11.06,11.22,7659696.0
2017-09-27,11.22,11.39,11.16,11.24,7911600.0
2017-09-28,11.08,11.15,10.8,10.81,11103883.0
2017-09-29,10.88,11.03,10.81,10.95,6686863.0
2017-10-09,11.12,11.23,10.9,10.93,6875291.0
2017-10-10,11.01,11.15,10.85,11.14,7208503.0
2017-10-11,11.11,11.12,10.88,10.92,6622814.0
2017-10-12,10.93,10.98,10.62,10.67,7972314.0
2017-10-13,10.64,10.84,10.58,10.83,5188405.0
2017-10-16,10.83,10.89,10.29,10.38,7806502.0
2017-10-17,10.3,10.51,10.27,10.38,3996471.0
2017-10-18,10.44,10.49,9.9,10.0,6396183.0
2017-10-19,10.01,10.07,9.75,9.82,6190352.0
2017-10-20,9.85,10.01,9.79,9.99,3697790.0
2017-10-23,9.99,10.05,9.88,10.03,3658339.0
2017-10-24,10.01,10.01,9.69,9.82,5370156.0
2017-10-25,9.82,9.91,9.78,9.88,3488778.0
2017-10-26,9.92,10.42,9.83,10.2,8937088.0
2017-10-27,10.14,10.24,10.07,10.17,4541450.0
2017-10-30,10.14,10.18,9.56,9.77,6776190.0
2017-10-31,9.7,9.83,9.63,9.78,3472475.0
2017-11-01,9.75,9.85,9.59,9.62,3537810.0
2017-11-02,9.61,9.61,9.26,9.29,5022583.0
2017-11-03,9.32,9.4,9.18,9.34,3519901.0
2017-11-06,9.31,9.42,9.14,9.38,2815900.0
2017-11-07,9.38,9.51,9.26,9.48,2939293.0
2017-11-08,9.51,9.62,9.41,9.51,4440715.0
2017-11-09,9.5,9.56,9.4,9.56,2700209.0
2017-11-10,9.55,9.56,9.43,9.45,2715039.0
2017-11-13,9.45,9.45,9.24,9.35,3472102.0
2017-11-14,9.34,9.35,9.21,9.24,2954763.0
2017-11-15,9.2,9.3,9.14,9.18,3014151.0
2017-11-16,9.16,9.3,9.16,9.2,2229511.0
2017-11-17,9.22,9.25,8.71,8.76,4840287.0
2017-11-20,8.68,8.9,8.67,8.83,2735799.0
2017-11-21,8.83,8.9,8.78,8.83,2512517.0
2017-11-22,8.85,8.85,8.52,8.63,3253117.0
2017-11-23,8.6,8.79,8.57,8.59,3640910.0
2017-11-24,8.58,8.68,8.41,8.59,3900791.0
2017-11-27,8.53,8.55,8.35,8.36,2489258.0
2017-11-28,8.36,8.49,8.31,8.44,2574048.0
2017-11-29,8.41,8.46,8.21,8.38,3508320.0
2017-11-30,8.36,8.43,8.3,8.41,2201460.0
2017-12-01,8.42,8.45,8.33,8.43,2601030.0
2017-12-04,8.36,8.41,8.02,8.05,4662800.0
2017-12-05,8.04,8.12,7.62,7.78,4556769.0
2017-12-06,7.72,7.85,7.65,7.85,2966765.0
2017-12-07,7.84,7.95,7.75,7.83,2550801.0
2017-12-08,7.86,7.97,7.8,7.95,3000907.0
2017-12-11,7.93,8.03,7.86,8.0,2029628.0
2017-12-12,7.96,8.05,7.85,7.87,2588750.0
2017-12-13,7.89,8.08,7.85,8.03,2566223.0
2017-12-14,7.98,8.05,7.88,7.92,2260500.0
2017-12-15,7.92,8.02,7.88,8.0,1638909.0
2017-12-18,8.0,8.02,7.89,7.92,1753610.0
2017-12-19,7.9,7.98,7.89,7.91,1191300.0
2017-12-20,7.92,7.92,7.7,7.73,1981800.0
2017-12-21,7.68,7.81,7.56,7.77,2260800.0
2017-12-22,7.71,7.82,7.7,7.81,1461500.0
2017-12-25,7.78,7.84,7.6,7.69,1881587.0
2017-12-26,7.65,7.86,7.62,7.77,3662775.0
2017-12-27,7.74,7.79,7.67,7.7,2330190.0
2017-12-28,7.66,7.74,7.52,7.63,2283200.0
2017-12-29,7.65,7.77,7.6,7.73,2220176.0
2018-01-02,7.75,7.97,7.72,7.93,4622359.0
2018-01-03,7.94,8.05,7.86,8.01,3799001.0
2018-01-04,7.95,8.21,7.93,8.13,5680701.0
2018-01-05,8.1,8.14,8.01,8.1,3781204.0
2018-01-08,8.07,8.1,7.95,8.03,2368700.0
2018-01-09,8.0,8.07,7.96,8.02,2740800.0
2018-01-10,8.02,8.04,7.73,7.78,3391250.0
2018-01-11,7.79,7.96,7.75,7.93,2664700.0
2018-01-12,7.97,8.14,7.91,8.05,3746922.0
2018-01-15,8.36,8.77,8.21,8.33,18836126.0
2018-01-16,8.07,8.5,8.05,8.49,11173947.0
2018-01-17,8.35,8.41,8.21,8.31,5747531.0
2018-01-18,8.26,8.36,8.08,8.09,5144726.0
2018-01-19,8.1,8.1,7.97,8.01,3612477.0
2018-01-22,8.0,8.02,7.7,7.87,4658100.0
2018-01-23,7.84,7.86,7.78,7.83,2184301.0
2018-01-24,7.78,7.85,7.73,7.84,2419101.0
2018-01-25,7.83,7.9,7.79,7.86,2520609.0
2018-01-26,7.84,7.84,7.74,7.79,2211482.0
2018-01-29,7.01,7.18,7.01,7.01,6048400.0
2018-01-30,6.31,6.78,6.31,6.38,16702562.0
2018-01-31,6.24,6.29,5.98,6.01,11497934.0
2018-02-01,6.12,6.34,6.01,6.17,9822265.0
2018-02-02,6.01,6.3,6.01,6.11,8354325.0
2018-02-05,6.0,6.09,5.93,6.06,2381537.0
2018-02-06,5.97,6.06,5.65,5.7,4574318.0
2018-02-07,5.81,5.91,5.15,5.57,4841176.0
2018-02-08,5.57,5.69,5.55,5.64,2903541.0
2018-02-09,5.5,5.57,5.3,5.34,3292152.0
2018-02-12,5.3,5.63,5.3,5.56,4307721.0
2018-02-13,5.6,5.7,5.58,5.6,2569730.0
2018-02-14,5.61,6.15,5.52,5.97,7544798.0
2018-02-22,5.91,6.06,5.91,6.0,3790900.0
2018-02-23,6.02,6.02,5.89,5.97,2957018.0
2018-02-26,5.96,6.12,5.94,6.11,2922567.0
2018-02-27,6.12,6.15,6.04,6.1,2592110.0
2018-02-28,6.17,6.17,6.05,6.14,2437201.0
2018-03-01,6.1,6.25,6.07,6.24,3780210.0
2018-03-02,6.17,6.31,6.12,6.19,3024900.0
2018-03-05,6.11,6.16,6.02,6.07,2905917.0
2018-03-06,6.09,6.3,6.06,6.28,3218361.0
2018-03-07,6.26,6.38,6.2,6.37,3969476.0
2018-03-08,6.34,6.41,6.28,6.31,2524418.0
2018-03-09,6.34,6.93,6.29,6.59,6273681.0
2018-03-12,6.54,6.78,6.49,6.68,5491722.0
2018-03-13,6.62,7.03,6.55,6.83,5824865.0
2018-03-14,6.84,6.84,6.62,6.65,3453391.0
2018-03-15,6.65,6.69,6.43,6.46,3036101.0
2018-03-16,6.45,6.7,6.45,6.57,2453502.0
2018-03-19,6.46,6.93,6.46,6.84,5321140.0
2018-03-20,6.61,6.84,6.6,6.76,3468145.0
2018-03-21,6.71,6.97,6.41,6.88,5052910.0
2018-03-22,6.85,7.44,6.83,7.04,9999043.0
2018-03-23,6.85,6.94,6.35,6.51,8164532.0
2018-03-26,6.4,6.51,6.12,6.5,3833429.0
2018-03-27,6.59,6.74,6.59,6.64,2825502.0
2018-03-28,6.61,6.73,6.49,6.54,2214090.0
2018-03-29,6.64,6.66,6.47,6.57,1977261.0
2018-03-30,6.63,6.65,6.44,6.45,3328208.0
2018-04-02,6.44,6.61,6.39,6.59,3653764.0
2018-04-03,6.5,6.53,6.39,6.42,2544882.0
2018-04-04,6.4,6.53,6.28,6.3,2236785.0
2018-04-09,6.29,6.36,6.1,6.36,2889394.0
2018-04-10,6.4,6.42,6.23,6.39,2169402.0
2018-04-11,6.4,6.68,6.4,6.55,4341485.0
2018-04-12,6.53,6.65,6.47,6.59,2111001.0
2018-04-13,6.4,6.4,5.95,6.08,10653773.0
2018-04-16,5.95,6.01,5.7,5.78,6147636.0
2018-04-17,5.77,5.92,5.75,5.9,3364981.0
2018-04-18,6.1,6.36,6.04,6.13,6013494.0
2018-04-19,6.01,6.13,5.98,6.05,3088526.0
2018-04-20,6.1,6.1,5.7,5.74,3443427.0
2018-04-23,5.72,5.83,5.62,5.66,1802600.0
2018-04-24,5.65,5.75,5.65,5.75,2075300.0
2018-04-25,5.74,5.83,5.72,5.8,1694501.0
2018-04-26,5.8,5.88,5.65,5.68,1389620.0
2018-04-27,5.69,5.75,5.62,5.63,1147300.0
2018-05-02,5.68,5.72,5.48,5.53,1847826.0
2018-05-03,5.52,5.65,5.39,5.59,2119672.0
2018-05-04,5.58,5.66,5.56,5.65,1195302.0
2018-05-07,5.7,5.84,5.6,5.8,3008422.0
2018-05-08,5.83,5.86,5.77,5.83,1246048.0
2018-05-09,5.87,5.87,5.77,5.86,1848151.0
2018-05-10,5.85,5.93,5.81,5.87,1753400.0
2018-05-11,5.87,5.97,5.83,5.88,1605501.0
2018-05-14,5.91,5.92,5.73,5.77,1533511.0
2018-05-15,5.76,5.95,5.68,5.91,2320701.0
2018-05-16,5.9,5.9,5.76,5.78,1709750.0
2018-05-17,5.8,5.83,5.74,5.76,899901.0
2018-05-18,5.72,5.83,5.72,5.75,2054501.0
2018-05-21,5.79,5.89,5.75,5.87,2320161.0
2018-05-22,5.86,5.98,5.83,5.96,2905687.0
2018-05-23,5.96,6.03,5.86,5.87,1960761.0
2018-05-24,5.95,6.04,5.9,5.91,1978113.0
2018-05-25,5.88,5.97,5.87,5.88,1358892.0
2018-05-28,5.94,5.94,5.83,5.89,1534964.0
2018-05-29,5.93,6.05,5.85,6.04,2699186.0
2018-05-30,6.0,6.0,5.52,5.7,3664900.0
2018-05-31,5.7,5.95,5.7,5.94,2344770.0
2018-06-01,5.9,6.04,5.82,5.88,1676682.0
2018-06-04,5.88,5.93,5.75,5.81,1546300.0
2018-06-05,5.77,5.82,5.71,5.79,1531350.0
2018-06-06,5.78,5.88,5.73,5.83,1792519.0
2018-06-07,5.83,5.98,5.73,5.75,1174500.0
2018-06-08,5.73,5.89,5.64,5.85,2525517.0
2018-06-11,5.85,5.91,5.77,5.88,1777482.0
2018-06-12,6.05,6.3,5.96,6.18,8004419.0
2018-06-13,6.07,6.11,5.94,5.97,3642138.0
2018-06-14,6.0,6.03,5.89,5.91,2025115.0
2018-06-15,5.9,6.05,5.8,5.8,2440514.0
2018-06-19,5.77,5.77,5.22,5.35,4361323.0
2018-06-20,5.33,5.51,5.3,5.47,1624913.0
2018-06-21,5.47,5.54,5.36,5.48,1621001.0
2018-06-22,5.48,5.52,5.39,5.49,965400.0
2018-06-25,5.58,5.58,5.4,5.43,1317601.0
2018-06-26,5.15,5.48,5.15,5.39,898400.0
2018-06-27,5.46,5.47,5.38,5.43,638100.0
2018-06-28,5.39,5.45,5.28,5.29,978100.0
2018-06-29,5.29,5.47,5.29,5.45,1206900.0
2018-07-02,5.47,5.48,5.3,5.34,975500.0
2018-07-03,5.36,5.41,5.25,5.41,674021.0
2018-07-04,5.38,5.41,5.19,5.26,839210.0
2018-07-05,5.37,5.39,5.15,5.17,956694.0
2018-07-06,5.17,5.25,4.83,4.99,1899213.0
2018-07-09,4.94,5.07,4.94,5.03,964801.0
2018-07-10,5.07,5.07,5.0,5.05,706590.0
2018-07-11,5.03,5.03,4.84,4.9,1021700.0
2018-07-12,4.88,5.11,4.88,5.06,1503049.0
2018-07-13,5.57,5.57,5.5,5.57,7215356.0
2018-07-16,6.12,6.13,6.0,6.13,10956810.0
2018-07-17,6.21,6.63,6.08,6.14,28908240.0
2018-07-18,5.77,5.98,5.53,5.64,18091902.0
2018-07-19,5.5,5.98,5.47,5.76,13937207.0
2018-07-20,5.62,5.95,5.45,5.82,12625127.0
2018-07-23,5.87,5.87,5.52,5.72,8652675.0
2018-07-24,5.6,5.75,5.55,5.7,7976945.0
2018-07-25,5.68,5.69,5.52,5.58,6235998.0
2018-07-26,5.59,5.7,5.53,5.66,5366301.0
2018-07-27,5.67,5.71,5.54,5.56,3859948.0
2018-07-30,5.61,5.62,5.39,5.41,3633500.0
2018-07-31,5.41,5.47,5.36,5.41,1700900.0
2018-08-01,5.41,5.55,5.4,5.43,2334000.0
2018-08-02,5.43,5.45,5.21,5.27,3779800.0
2018-08-03,5.3,5.32,5.23,5.26,1413200.0
2018-08-06,5.26,5.39,5.12,5.15,1891491.0
2018-08-07,5.17,5.3,5.16,5.3,1578700.0
2018-08-08,5.28,5.35,5.19,5.21,1348515.0
2018-08-09,5.18,5.32,5.18,5.3,1962100.0
2018-08-10,5.32,5.33,5.21,5.31,1752402.0
2018-08-13,5.25,5.32,5.16,5.29,1463444.0
2018-08-14,5.26,5.29,5.21,5.29,1077062.0
2018-08-15,5.26,5.29,5.18,5.2,1267210.0
2018-08-16,5.17,5.21,5.12,5.18,1146700.0
2018-08-17,5.18,5.22,5.01,5.04,1404993.0
2018-08-20,5.07,5.08,4.91,5.0,1284000.0
2018-08-21,5.0,5.07,4.95,5.02,1790500.0
2018-08-22,4.98,5.02,4.9,4.91,1159716.0
2018-08-23,4.91,4.99,4.88,4.94,1631201.0
2018-08-24,4.97,4.97,4.9,4.92,860920.0
2018-08-27,4.95,5.01,4.93,5.01,1320701.0
2018-08-28,5.04,5.04,4.99,5.04,1065000.0
2018-08-29,5.03,5.03,4.92,4.95,1442216.0
2018-08-30,4.93,5.16,4.92,5.14,2803135.0
2018-08-31,5.07,5.15,4.97,5.0,2233401.0
2018-09-03,5.0,5.0,4.88,4.94,1455300.0
2018-09-04,4.94,5.04,4.92,5.0,1352500.0
2018-09-05,4.99,5.06,4.96,5.0,1721900.0
2018-09-06,5.01,5.04,4.91,4.93,1070112.0
2018-09-07,4.93,5.01,4.92,4.96,1686700.0
2018-09-10,4.9,4.97,4.86,4.88,1334300.0
2018-09-11,4.88,4.91,4.77,4.87,1043501.0
2018-09-12,4.86,5.18,4.85,5.05,2764525.0
2018-09-13,5.06,5.56,5.02,5.56,11787451.0
2018-09-14,5.72,6.12,5.71,6.12,12877872.0
2018-09-17,6.12,6.42,5.75,5.85,30069865.0
2018-09-18,5.7,6.44,5.65,6.44,35386727.0
2018-09-19,6.18,6.76,6.1,6.49,32558054.0
2018-09-20,6.25,6.34,5.9,6.02,24155616.0
2018-09-21,6.06,6.06,5.86,5.95,14165077.0
2018-09-25,5.95,5.99,5.82,5.97,10873449.0
2018-09-26,5.92,5.95,5.78,5.85,10025160.0
2018-09-27,5.8,5.83,5.62,5.75,10540738.0
2018-09-28,5.78,5.78,5.63,5.7,6569100.0
2018-10-08,5.6,5.67,5.39,5.43,6993801.0
2018-10-09,5.48,5.56,5.43,5.5,5893847.0
2018-10-10,5.56,5.59,5.41,5.54,5081652.0
2018-10-11,5.3,5.33,4.99,5.1,9530582.0
2018-10-12,4.98,5.15,4.89,5.13,6253986.0
2018-10-15,5.13,5.2,5.07,5.13,3572549.0
2018-10-16,5.2,5.22,5.03,5.08,4471200.0
2018-10-17,5.18,5.18,5.03,5.16,4027693.0
2018-10-18,5.1,5.14,4.93,4.99,3334700.0
2018-10-19,4.92,5.13,4.84,5.12,3832017.0
2018-10-22,5.2,5.38,5.15,5.33,6412711.0
2018-10-23,5.27,5.32,5.2,5.24,4506210.0
2018-10-24,5.24,5.29,5.19,5.24,3149000.0
2018-10-25,5.05,5.16,4.99,5.15,3318499.0
2018-10-26,5.18,5.29,5.16,5.25,3362695.0
2018-10-29,5.21,5.24,5.14,5.2,2506405.0
2018-10-30,5.21,5.27,5.05,5.26,4301512.0
2018-10-31,5.29,5.79,5.23,5.79,7817618.0
2018-11-01,5.95,6.05,5.67,5.72,14455809.0
2018-11-02,5.72,6.08,5.6,5.93,13218211.0
2018-11-05,5.89,5.89,5.72,5.8,8550361.0
2018-11-06,5.74,5.74,5.58,5.67,6714707.0
2018-11-07,5.7,5.83,5.65,5.72,7856200.0
2018-11-08,5.72,5.76,5.64,5.65,5276000.0
2018-11-09,5.63,5.71,5.59,5.66,3480360.0
2018-11-12,5.61,5.86,5.59,5.84,6872700.0
2018-11-13,5.79,5.94,5.74,5.9,9955062.0
2018-11-14,5.93,5.94,5.81,5.81,6052640.0
2018-11-15,5.84,5.94,5.82,5.92,6010763.0
2018-11-16,5.89,6.22,5.85,6.04,10310701.0
2018-11-19,6.0,6.04,5.88,5.96,7240751.0
2018-11-20,5.92,5.95,5.7,5.73,4734100.0
2018-11-21,5.65,5.84,5.6,5.82,4538844.0
2018-11-22,5.87,6.23,5.86,6.01,9978000.0
2018-11-23,5.94,5.96,5.58,5.61,7342830.0
2018-11-26,5.5,5.72,5.5,5.7,3514650.0
2018-11-27,5.73,5.78,5.67,5.72,2547700.0
2018-11-28,5.69,5.97,5.59,5.97,7306466.0
2018-11-29,5.96,6.0,5.7,5.7,6243350.0
2018-11-30,5.73,6.27,5.7,6.27,29495690.0
2018-12-03,6.2,6.65,6.2,6.32,34976982.0
2018-12-04,6.25,6.42,6.21,6.29,16578822.0
2018-12-05,6.07,6.23,6.05,6.17,12973121.0
2018-12-06,6.11,6.33,6.05,6.2,12748880.0
2018-12-07,6.19,6.49,6.16,6.38,18690860.0
2018-12-10,6.19,6.58,6.16,6.27,16387428.0
2018-12-11,6.45,6.9,6.38,6.9,26167788.0
2018-12-12,7.0,7.15,6.61,6.73,31094392.0
2018-12-13,6.77,6.95,6.61,6.65,20261859.0
2018-12-14,6.71,6.73,6.23,6.33,18035952.0
2018-12-17,6.33,6.5,6.27,6.35,12993056.0
2018-12-18,6.36,6.36,6.18,6.29,9444513.0
2018-12-19,6.29,6.32,6.02,6.09,10946433.0
2018-12-20,6.1,6.21,5.92,6.21,9642461.0
2018-12-21,6.13,6.15,6.0,6.07,7878332.0
2018-12-24,6.11,6.13,6.03,6.12,5074574.0
2018-12-25,6.0,6.0,5.7,5.92,10190598.0
2018-12-26,5.95,5.97,5.86,5.92,5703083.0
2018-12-27,6.07,6.09,5.72,5.72,6481700.0
2018-12-28,5.71,5.77,5.66,5.76,4720400.0
2019-01-02,5.73,5.86,5.73,5.82,4447589.0
2019-01-03,5.82,5.93,5.8,5.87,5868779.0
2019-01-04,5.86,6.27,5.75,6.17,11670377.0
2019-01-07,6.2,6.26,6.12,6.25,9284990.0
2019-01-08,6.24,6.29,6.16,6.21,7442412.0
2019-01-09,6.2,6.36,6.14,6.15,9587402.0
2019-01-10,6.21,6.49,6.12,6.33,11933282.0
2019-01-11,6.26,6.33,6.17,6.28,6761842.0
2019-01-14,6.28,6.33,6.16,6.21,4998522.0
2019-01-15,6.23,6.25,6.05,6.25,5902020.0
2019-01-16,6.23,6.29,6.13,6.17,4247800.0
2019-01-17,6.2,6.2,6.05,6.06,4390731.0
2019-01-18,6.08,6.15,6.02,6.12,3424124.0
2019-01-21,6.11,6.35,6.11,6.35,8153307.0
2019-01-22,6.32,6.34,6.15,6.23,5885028.0
2019-01-23,6.24,6.56,6.17,6.47,12528991.0
2019-01-24,6.44,6.58,6.33,6.51,10057701.0
2019-01-25,6.48,6.53,6.29,6.29,6124500.0
2019-01-28,6.34,6.39,6.17,6.19,5582700.0
2019-01-29,6.11,6.19,5.77,5.93,7093501.0
2019-01-30,5.9,6.04,5.85,5.92,3857979.0
2019-01-31,5.89,5.97,5.7,5.8,6152744.0
2019-02-01,5.8,6.03,5.8,6.0,3753400.0
2019-02-11,6.06,6.21,6.03,6.18,3599486.0
2019-02-12,6.17,6.35,6.17,6.25,5065302.0
2019-02-13,6.26,6.42,6.24,6.32,7752196.0
2019-02-14,6.32,6.44,6.29,6.33,6750093.0
2019-02-15,6.34,6.62,6.31,6.48,12512554.0
2019-02-18,6.48,6.98,6.42,6.84,14926338.0
2019-02-19,6.87,6.9,6.64,6.77,12519800.0
2019-02-20,6.78,6.88,6.58,6.71,9491617.0
2019-02-21,6.68,6.83,6.5,6.6,13049211.0
2019-02-22,6.61,6.99,6.61,6.9,15904791.0
2019-02-25,6.92,7.25,6.83,7.21,18560819.0
2019-02-26,7.25,7.25,7.01,7.01,16510806.0
2019-02-27,6.95,7.1,6.83,6.9,11180678.0
2019-02-28,6.92,7.05,6.86,6.93,7180024.0
2019-03-01,6.93,6.99,6.78,6.87,6753824.0
2019-03-04,6.93,7.05,6.81,6.9,11964172.0
2019-03-05,6.92,7.26,6.85,7.2,14728712.0
2019-03-06,7.2,7.24,6.99,7.14,14470101.0
2019-03-07,7.16,7.42,7.08,7.21,15457644.0
2019-03-08,7.07,7.47,6.93,7.06,16754229.0
2019-03-11,7.14,7.77,7.0,7.64,21516337.0
2019-03-12,7.7,7.71,7.46,7.7,19943232.0
2019-03-13,7.63,7.87,7.39,7.49,16574512.0
2019-03-14,7.4,7.46,7.05,7.21,9734704.0
2019-03-15,7.25,7.34,7.11,7.27,7713500.0
2019-03-18,7.25,7.57,7.2,7.5,10369681.0
2019-03-19,7.51,7.51,7.37,7.45,6976573.0
2019-03-20,7.47,7.47,7.19,7.35,8070803.0
2019-03-21,7.33,7.62,7.33,7.57,12021110.0
2019-03-22,7.52,7.65,7.34,7.53,6764159.0
2019-03-25,7.4,7.59,7.29,7.45,5737365.0
2019-03-26,7.45,7.49,7.03,7.08,9535307.0
2019-03-27,7.15,7.21,6.96,7.2,5903211.0
2019-03-28,7.12,7.29,7.04,7.04,4579729.0
2019-03-29,7.1,7.18,6.85,7.17,6184599.0
2019-04-01,7.18,7.44,7.15,7.4,8071441.0
2019-04-02,7.45,7.49,7.35,7.42,7780749.0
2019-04-03,7.35,7.49,7.34,7.47,5765007.0
2019-04-04,7.47,7.53,7.41,7.47,7929086.0
2019-04-08,7.48,7.76,7.4,7.62,11822431.0
2019-04-09,7.51,7.6,7.37,7.45,6969745.0
2019-04-10,7.4,7.46,7.26,7.41,5700048.0
2019-04-11,7.4,7.61,7.34,7.37,6345278.0
2019-04-12,7.5,7.98,7.5,7.76,21451162.0
2019-04-15,7.74,8.07,7.63,7.77,16729090.0
2019-04-16,7.78,8.54,7.62,8.43,23507809.0
2019-04-17,8.29,8.99,8.1,8.9,29368150.0
2019-04-18,8.66,8.82,8.28,8.31,21310644.0
2019-04-19,8.22,8.79,8.02,8.38,16694472.0
2019-04-22,8.46,8.99,8.35,8.55,18148199.0
2019-04-23,8.12,8.35,7.7,7.78,18504960.0
2019-04-24,7.84,7.87,7.6,7.84,8509676.0
2019-04-25,7.69,7.79,7.19,7.25,13683567.0
2019-04-26,7.25,7.3,7.0,7.01,7818198.0
2019-04-29,7.0,7.05,6.53,6.6,7262861.0
2019-04-30,6.39,6.71,6.29,6.54,7784605.0
2019-05-06,6.29,6.33,5.89,5.89,8037261.0
2019-05-07,5.91,6.1,5.87,5.99,4762072.0
2019-05-08,5.9,6.09,5.74,5.95,4455301.0
2019-05-09,5.94,6.04,5.85,5.98,3395201.0
2019-05-10,6.07,6.42,6.0,6.25,6916322.0
2019-05-13,6.09,6.37,6.09,6.28,3638939.0
2019-05-14,6.2,6.27,6.12,6.15,3698629.0
2019-05-15,6.19,6.33,6.19,6.27,3332730.0
2019-05-16,6.48,6.57,6.31,6.32,4356757.0
2019-05-17,6.52,6.54,6.16,6.16,4991710.0
2019-05-20,6.01,6.15,5.95,6.14,3536000.0
2019-05-21,6.14,6.27,6.06,6.19,3216700.0
2019-05-22,6.2,6.52,6.16,6.48,7164541.0
2019-05-23,6.5,6.54,6.18,6.21,6433400.0
2019-05-24,6.06,6.83,6.05,6.83,8754959.0
2019-05-27,6.9,6.9,6.48,6.81,14779959.0
2019-05-28,6.71,7.08,6.63,6.79,11799802.0
2019-05-29,6.67,6.8,6.61,6.62,7167464.0
2019-05-30,6.54,6.57,6.35,6.44,6280019.0
2019-05-31,6.45,6.52,6.38,6.39,3602346.0
2019-06-03,6.43,6.46,6.21,6.24,3258773.0
2019-06-04,6.23,6.49,6.19,6.22,4834210.0
2019-06-05,6.25,6.33,6.11,6.15,3782853.0
2019-06-06,6.18,6.18,5.91,5.93,3708000.0
2019-06-10,5.98,6.11,5.94,6.07,2590744.0
2019-06-11,6.07,6.29,6.03,6.24,3861612.0
2019-06-12,6.24,6.3,6.19,6.19,3329200.0
2019-06-13,6.2,6.33,6.17,6.29,3443461.0
2019-06-14,6.29,6.3,6.07,6.07,2782450.0
2019-06-17,6.06,6.18,6.06,6.09,1517400.0
2019-06-18,6.2,6.2,6.06,6.09,1211403.0
2019-06-19,6.21,6.22,6.14,6.16,2276400.0
2019-06-20,6.17,6.23,6.1,6.2,2725900.0
2019-06-21,6.28,6.35,6.21,6.33,4401147.0
2019-06-24,6.31,6.32,6.2,6.24,2699400.0
2019-06-25,6.2,6.33,6.18,6.32,3038929.0
2019-06-26,6.31,6.33,6.22,6.26,2174216.0
2019-06-27,6.23,6.32,6.23,6.29,2657068.0
2019-06-28,6.3,6.3,6.11,6.16,2087402.0
2019-07-01,6.28,6.37,6.21,6.35,4100053.0
2019-07-02,6.38,6.38,6.24,6.28,2669588.0
2019-07-03,6.25,6.32,6.15,6.17,3202950.0
2019-07-04,6.22,6.22,6.13,6.16,2225100.0
2019-07-05,6.16,6.22,6.15,6.18,1457500.0
2019-07-08,6.17,6.19,5.81,5.81,4027802.0
2019-07-09,5.84,5.85,5.61,5.77,3364678.0
2019-07-10,5.75,5.78,5.64,5.66,2224087.0
2019-07-11,5.69,5.76,5.55,5.59,2839883.0
2019-07-12,5.66,5.66,5.57,5.63,1811300.0
2019-07-15,5.65,5.72,5.51,5.7,2469159.0
2019-07-16,5.76,5.76,5.65,5.7,1473190.0
2019-07-17,5.7,5.74,5.66,5.68,1523900.0
2019-07-18,5.68,5.69,5.52,5.56,1730382.0
2019-07-19,5.56,5.72,5.56,5.68,1976500.0
2019-07-22,5.69,5.71,5.28,5.32,3698068.0
2019-07-23,5.21,5.48,5.21,5.46,2752702.0
2019-07-24,5.41,5.61,5.41,5.55,2569300.0
2019-07-25,5.55,5.58,5.47,5.49,1727601.0
2019-07-26,5.51,5.53,5.42,5.53,1605908.0
2019-07-29,5.57,5.59,5.46,5.51,1578201.0
2019-07-30,5.45,5.88,5.45,5.65,4500701.0
2019-07-31,5.64,5.64,5.45,5.48,2846798.0
2019-08-01,5.49,5.53,5.33,5.39,1800700.0
2019-08-02,5.25,5.35,5.23,5.27,2315394.0
2019-08-05,5.27,5.38,5.22,5.22,1793000.0
2019-08-06,5.11,5.13,4.88,5.01,2946291.0
2019-08-07,5.06,5.14,4.97,4.99,1254301.0
2019-08-08,4.99,5.05,4.99,5.0,1053401.0
2019-08-09,5.01,5.06,4.9,4.91,1510700.0
2019-08-12,4.88,4.99,4.87,4.99,1600100.0
2019-08-13,4.94,4.98,4.88,4.9,1255700.0
2019-08-14,4.94,5.39,4.94,5.39,3138347.0
2019-08-15,5.43,5.93,5.43,5.93,13855738.0
2019-08-16,6.51,6.52,6.14,6.52,33796798.0
2019-08-19,7.17,7.17,6.93,7.17,22006949.0
2019-08-20,7.89,7.89,7.89,7.89,3642587.0
2019-08-21,8.45,8.68,7.78,8.24,75549685.0
2019-08-22,8.0,8.19,7.42,7.85,74532230.0
2019-08-23,7.6,7.96,7.2,7.35,54416217.0
2019-08-26,6.91,7.55,6.91,7.46,45832349.0
2019-08-27,7.32,7.73,7.21,7.28,39018164.0
2019-08-28,7.08,7.21,6.76,6.77,34383093.0
2019-08-29,6.7,6.98,6.67,6.84,25734994.0
2019-08-30,6.81,6.9,6.37,6.46,25695444.0
2019-09-02,6.53,6.68,6.43,6.67,18959065.0
2019-09-03,6.65,6.77,6.56,6.75,17662861.0
2019-09-04,6.69,6.87,6.53,6.74,19837114.0
2019-09-05,6.72,7.34,6.66,6.98,35174252.0
2019-09-06,6.84,6.92,6.61,6.73,21925800.0
2019-09-09,6.81,6.81,6.58,6.78,16267210.0
2019-09-10,6.76,6.76,6.6,6.76,15950784.0
2019-09-11,6.76,7.19,6.67,6.9,24622284.0
2019-09-12,6.82,6.85,6.71,6.73,12897253.0
2019-09-16,6.7,6.74,6.63,6.69,9885470.0
2019-09-17,6.62,6.84,6.57,6.82,17049552.0
2019-09-18,6.77,7.09,6.73,6.99,24876810.0
2019-09-19,7.02,7.1,6.81,6.9,14728700.0
2019-09-20,6.83,6.98,6.72,6.76,11973623.0
2019-09-23,6.7,6.72,6.32,6.44,13537100.0
2019-09-24,6.44,6.46,6.33,6.38,6942792.0
2019-09-25,6.32,6.35,6.15,6.26,9390263.0
2019-09-26,6.25,6.3,5.8,5.82,12524141.0
2019-09-27,5.88,6.33,5.81,6.17,16021160.0
2019-09-30,6.16,6.28,6.05,6.06,8070400.0
2019-10-08,6.07,6.15,5.92,5.98,6562800.0
2019-10-09,6.18,6.18,5.92,6.03,8114657.0
2019-10-10,6.13,6.13,5.99,6.06,7356407.0
2019-10-11,6.12,6.12,5.98,5.99,6478041.0
2019-10-14,6.03,6.35,6.03,6.32,14495740.0
2019-10-15,6.28,6.33,6.17,6.26,7032912.0
2019-10-16,6.26,6.35,6.22,6.31,6536731.0
2019-10-17,6.25,6.29,6.19,6.2,4555012.0
2019-10-18,6.2,6.44,6.18,6.31,6625384.0
2019-10-21,6.32,6.35,6.02,6.15,5315684.0
2019-10-22,6.14,6.69,6.1,6.58,14525353.0
2019-10-23,6.5,6.65,6.33,6.4,9267783.0
2019-10-24,6.41,6.44,6.21,6.28,5207935.0
2019-10-25,6.22,6.28,6.13,6.24,3878790.0
2019-10-28,6.86,6.86,6.86,6.86,5348659.0
2019-10-29,7.55,7.55,7.46,7.55,11358756.0
2019-10-30,7.6,7.6,6.8,6.8,11039790.0
2019-10-31,6.12,6.28,6.12,6.12,16046556.0
2019-11-01,5.98,5.99,5.64,5.83,12624104.0
2019-11-04,5.84,5.88,5.75,5.8,6674257.0
2019-11-05,5.8,5.82,5.72,5.77,4365062.0
2019-11-06,5.78,5.79,5.5,5.59,8748400.0
2019-11-07,5.55,5.7,5.54,5.62,5489706.0
2019-11-08,5.69,5.7,5.48,5.5,6690201.0
2019-11-11,5.5,5.55,5.28,5.33,6670650.0
2019-11-12,5.53,5.84,5.4,5.48,7329147.0
2019-11-13,5.43,5.5,5.32,5.4,5188221.0
2019-11-14,5.45,5.47,5.31,5.4,4430653.0
2019-11-15,5.4,5.4,5.27,5.31,4523301.0
2019-11-18,5.27,5.4,5.26,5.4,3540901.0
2019-11-19,5.4,5.62,5.37,5.57,5467940.0
2019-11-20,5.6,5.62,5.5,5.6,5730390.0
2019-11-21,5.55,5.68,5.5,5.68,5729710.0
2019-11-22,5.67,5.78,5.55,5.66,5764500.0
2019-11-25,5.65,5.66,5.55,5.59,3719800.0
2019-11-26,5.61,6.15,5.61,6.15,8740957.0
2019-11-27,6.66,6.66,5.8,6.01,28838789.0
2019-11-28,5.59,5.76,5.56,5.66,17999706.0
2019-11-29,5.51,5.61,5.41,5.42,10360872.0
2019-12-02,5.44,5.47,5.35,5.37,5349574.0
2019-12-03,5.34,5.43,5.31,5.43,4058074.0
2019-12-04,5.38,5.52,5.33,5.48,4679672.0
2019-12-05,5.46,5.76,5.45,5.67,9830466.0
2019-12-06,5.64,5.85,5.58,5.8,12186408.0
2019-12-09,5.82,6.11,5.74,5.98,15848002.0
2019-12-10,6.02,6.25,5.95,6.19,15207443.0
2019-12-11,6.12,6.7,6.07,6.21,25528902.0
2019-12-12,6.3,6.83,6.1,6.83,52020263.0
2019-12-13,6.82,6.91,6.15,6.16,47577698.0
2019-12-16,6.19,6.24,5.95,6.23,24175998.0
2019-12-17,6.15,6.24,6.11,6.23,18396576.0
2019-12-18,6.21,6.23,6.13,6.14,12557601.0
2019-12-19,6.14,6.22,6.1,6.17,9915600.0
2019-12-20,6.19,6.24,6.02,6.04,11068700.0
2019-12-23,6.01,6.19,5.93,6.15,11852290.0
2019-12-24,6.34,6.5,6.16,6.42,22715576.0
2019-12-25,6.45,6.45,6.18,6.39,17590990.0
2019-12-26,6.35,7.03,6.25,7.03,49977704.0
2019-12-27,7.02,7.48,6.66,7.04,45344289.0
2019-12-30,6.9,6.97,6.61,6.78,23193471.0
2019-12-31,6.69,6.92,6.56,6.76,20653298.0
2020-01-02,6.8,6.99,6.68,6.87,21053228.0
2020-01-03,6.89,6.93,6.75,6.81,14791302.0
2020-01-06,6.7,6.97,6.64,6.89,15745200.0
2020-01-07,6.87,7.2,6.82,7.1,19399370.0
2020-01-08,7.0,7.33,6.9,7.09,19656032.0
2020-01-09,7.15,7.18,6.98,7.1,12284268.0
2020-01-10,7.1,7.13,6.81,6.84,13211070.0
2020-01-13,6.76,6.89,6.7,6.87,7970691.0
2020-01-14,6.85,7.23,6.82,7.15,17984692.0
2020-01-15,7.05,7.12,6.91,6.98,9847007.0
2020-01-16,7.05,7.05,6.83,6.85,7913297.0
2020-01-17,6.84,6.89,6.68,6.7,6637852.0
2020-01-20,6.76,7.25,6.76,7.09,16591479.0
2020-01-21,7.4,7.67,7.17,7.28,33698787.0
2020-01-22,7.36,7.84,7.16,7.4,33630087.0
2020-01-23,7.24,7.58,6.67,7.01,22527919.0
2020-02-03,6.31,6.53,6.31,6.31,15229550.0
2020-02-04,5.83,6.38,5.83,6.3,19488905.0
2020-02-05,6.3,6.56,6.18,6.47,18362267.0
2020-02-06,6.38,7.12,6.35,7.12,29694753.0
2020-02-07,7.4,7.83,7.2,7.83,40819193.0
2020-02-10,7.71,7.71,7.23,7.37,26232407.0
2020-02-11,7.3,7.37,7.0,7.16,15523551.0
2020-02-12,7.14,7.45,7.1,7.41,19812346.0
2020-02-13,7.46,7.52,7.1,7.12,15229301.0
2020-02-14,7.08,7.24,7.02,7.24,12658665.0
2020-02-17,7.31,7.46,7.24,7.41,16794467.0
2020-02-18,7.41,7.66,7.33,7.61,19789947.0
2020-02-19,7.62,8.09,7.01,7.38,27265525.0
2020-02-20,7.22,7.52,7.22,7.42,17596734.0
2020-02-21,7.4,8.15,7.37,8.04,29685262.0
2020-02-24,8.08,8.33,7.76,8.2,28938055.0
2020-02-25,7.83,8.38,7.79,8.34,26177584.0
2020-02-26,8.1,8.25,7.55,7.7,20720180.0
2020-02-27,7.68,7.84,7.44,7.69,10929000.0
2020-02-28,7.3,7.43,6.93,6.95,15560732.0
2020-03-02,7.0,7.34,7.0,7.27,9287480.0
2020-03-03,7.39,7.56,7.26,7.36,10118603.0
2020-03-04,7.25,7.36,7.1,7.31,8656907.0
2020-03-05,7.43,7.45,7.26,7.34,8664661.0
2020-03-06,7.26,7.46,7.19,7.41,10538601.0
2020-03-09,7.22,7.37,7.01,7.03,10384329.0
2020-03-10,6.85,7.16,6.8,7.15,8644152.0
2020-03-11,7.16,7.33,7.1,7.12,6926554.0
2020-03-12,6.98,7.02,6.84,6.92,6884303.0
2020-03-13,6.46,6.85,6.38,6.77,7172400.0
2020-03-16,6.85,6.88,6.27,6.34,9042848.0
2020-03-17,6.34,6.48,5.95,6.28,8196722.0
2020-03-18,6.32,6.45,6.11,6.17,6523849.0
2020-03-19,6.2,6.34,6.08,6.31,5635501.0
2020-03-20,6.37,6.41,6.23,6.4,4726601.0
2020-03-23,6.26,6.39,6.14,6.15,4818401.0
2020-03-24,6.34,6.34,6.0,6.25,5081001.0
2020-03-25,6.39,6.46,6.32,6.44,6072651.0
2020-03-26,6.43,6.48,6.34,6.37,4219350.0
2020-03-27,6.45,6.45,6.23,6.28,3919001.0
2020-03-30,6.17,6.17,5.9,6.02,5937700.0
2020-03-31,6.06,6.12,5.98,6.0,3274800.0
2020-04-01,6.03,6.13,5.95,6.04,3188287.0
2020-04-02,6.03,6.24,5.96,6.2,4703201.0
2020-04-03,6.2,6.23,6.07,6.11,3642761.0
2020-04-07,6.19,6.29,6.18,6.24,4831770.0
2020-04-08,6.21,6.3,6.2,6.26,3957060.0
2020-04-09,6.39,6.42,6.27,6.27,3888522.0
2020-04-10,6.21,6.27,6.01,6.03,6061602.0
2020-04-13,5.96,5.97,5.85,5.86,4264100.0
2020-04-14,5.86,5.98,5.86,5.98,2790301.0
2020-04-15,5.99,6.04,5.9,5.92,2928110.0
2020-04-16,5.91,5.98,5.84,5.93,2926503.0
2020-04-17,5.95,6.02,5.92,5.99,3747920.0
2020-04-20,5.99,5.99,5.9,5.94,3092800.0
2020-04-21,5.94,5.94,5.79,5.86,4238500.0
2020-04-22,5.8,5.9,5.77,5.9,2998554.0
2020-04-23,5.92,5.92,5.77,5.78,3209500.0
2020-04-24,5.79,5.8,5.57,5.6,4225998.0
2020-04-27,5.62,5.69,5.54,5.55,2000148.0
2020-04-28,5.58,5.58,5.28,5.43,4479710.0
2020-04-29,5.39,5.67,5.32,5.56,3825600.0
2020-04-30,5.61,5.77,5.57,5.74,4116403.0
2020-05-06,5.74,5.92,5.6,5.86,3807530.0
2020-05-07,5.89,5.9,5.81,5.82,2749300.0
2020-05-08,5.86,5.93,5.81,5.86,3112725.0
2020-05-11,5.91,5.99,5.81,5.89,3821632.0
2020-05-12,5.89,5.91,5.74,5.82,2904501.0
2020-05-13,5.75,5.92,5.75,5.89,3130977.0
2020-05-14,5.92,5.95,5.78,5.9,2936200.0
2020-05-15,5.9,6.05,5.86,6.0,5085643.0
2020-05-18,6.01,6.12,5.79,6.1,7421734.0
2020-05-19,6.06,6.25,6.05,6.09,6467997.0
2020-05-20,6.08,6.18,6.03,6.13,4198483.0
2020-05-21,6.11,6.13,5.95,5.97,3287201.0
2020-05-22,5.95,6.02,5.9,5.94,2523201.0
2020-05-25,5.89,5.96,5.86,5.89,1855000.0
2020-05-26,5.99,6.02,5.89,5.98,2600442.0
2020-05-27,5.91,5.98,5.68,5.73,5626989.0
2020-05-28,5.7,5.75,5.55,5.65,3225300.0
2020-05-29,5.65,5.81,5.64,5.73,2339683.0
2020-06-01,5.73,6.07,5.73,6.02,4792770.0
2020-06-02,6.02,6.12,5.98,6.08,4633193.0
2020-06-03,6.11,6.15,5.99,5.99,3531800.0
2020-06-04,5.99,6.08,5.97,5.99,2473237.0
2020-06-05,5.92,6.13,5.92,6.12,5268801.0
2020-06-08,6.13,6.16,6.02,6.06,3436610.0
2020-06-09,6.04,6.1,6.0,6.08,3375001.0
2020-06-10,6.08,6.14,6.0,6.13,2707376.0
2020-06-11,6.12,6.13,5.99,6.01,3540146.0
2020-06-12,5.87,6.04,5.79,5.98,2413550.0
2020-06-15,5.93,6.02,5.92,5.93,2855538.0
2020-06-16,5.95,6.04,5.95,6.03,3516508.0
2020-06-17,6.02,6.13,5.98,6.1,4749301.0
2020-06-18,6.14,6.24,6.06,6.14,6719925.0
2020-06-19,6.18,6.23,6.08,6.14,4093884.0
2020-06-22,6.15,6.17,6.06,6.09,3431401.0
2020-06-23,6.1,6.12,6.01,6.05,3544301.0
2020-06-24,6.07,6.08,5.97,5.98,2564200.0
2020-06-29,5.96,5.96,5.79,5.8,4047825.0
2020-06-30,5.82,5.94,5.81,5.91,3559487.0
2020-07-01,5.93,5.95,5.85,5.94,3335676.0
2020-07-02,5.94,6.06,5.88,6.04,4140472.0
2020-07-03,6.06,6.16,6.04,6.1,5453411.0
2020-07-06,6.13,6.56,6.13,6.47,13039258.0
2020-07-07,6.59,7.12,6.35,7.12,16913975.0
2020-07-08,7.45,7.65,6.95,7.37,36393627.0
2020-07-09,7.08,7.52,7.0,7.39,26854715.0
2020-07-10,7.26,7.33,7.06,7.09,14926641.0
2020-07-13,7.09,7.19,6.88,7.15,13648077.0
2020-07-14,7.15,7.19,6.9,7.01,11827616.0
2020-07-15,7.01,7.07,6.7,6.74,8348002.0
2020-07-16,6.77,6.8,6.48,6.49,7064063.0
2020-07-17,6.51,6.59,6.33,6.41,6122361.0
2020-07-20,6.47,6.6,6.41,6.6,5546598.0
2020-07-21,6.62,6.64,6.53,6.57,4894600.0
2020-07-22,6.57,6.82,6.53,6.69,9928613.0
2020-07-23,6.58,6.64,6.38,6.51,6000412.0
2020-07-24,6.5,6.65,6.22,6.25,5898614.0
2020-07-27,6.26,6.32,6.16,6.3,3400821.0
2020-07-28,6.3,6.4,6.3,6.37,3426200.0
2020-07-29,6.32,6.51,6.27,6.48,5217335.0
2020-07-30,6.51,6.57,6.45,6.47,5367704.0
2020-07-31,6.48,6.57,6.4,6.5,4010218.0
2020-08-03,6.51,6.66,6.48,6.64,6331692.0
2020-08-04,6.63,6.64,6.5,6.52,5763473.0
2020-08-05,6.53,6.62,6.48,6.55,4038331.0
2020-08-06,6.57,6.57,6.4,6.48,5222535.0
2020-08-07,6.48,6.49,6.28,6.35,4675665.0
2020-08-10,6.33,6.49,6.33,6.49,4021614.0
2020-08-11,6.51,6.69,6.43,6.54,9257818.0
2020-08-12,6.5,6.7,6.33,6.68,7965668.0
2020-08-13,6.73,6.95,6.64,6.82,14283999.0
2020-08-14,6.75,6.8,6.62,6.73,6131700.0
2020-08-17,6.75,6.81,6.68,6.76,6091103.0
2020-08-18,6.76,6.83,6.72,6.78,4866600.0
2020-08-19,6.77,7.05,6.62,6.82,10242672.0
2020-08-20,6.63,6.72,6.41,6.6,6148142.0
2020-08-21,6.59,6.72,6.57,6.62,3882323.0
2020-08-24,6.63,6.65,6.5,6.61,3366300.0
2020-08-25,6.58,6.64,6.47,6.49,4203801.0
2020-08-26,6.73,6.73,6.48,6.52,5600087.0
2020-08-27,6.46,6.62,6.38,6.55,4291206.0
2020-08-28,6.48,6.68,6.48,6.65,4479000.0
2020-08-31,6.75,6.89,6.7,6.75,7454307.0
2020-09-01,6.78,6.95,6.75,6.85,6979112.0
2020-09-02,6.87,6.88,6.7,6.78,6067561.0
2020-09-03,6.8,6.88,6.72,6.73,4947861.0
2020-09-04,6.6,6.87,6.53,6.86,5925362.0
2020-09-07,6.85,7.05,6.8,6.89,10262596.0
2020-09-08,6.83,7.0,6.75,6.97,6350191.0
2020-09-09,6.92,7.16,6.85,6.93,12368709.0
2020-09-10,6.93,7.02,6.56,6.6,8842867.0
2020-09-11,6.84,7.26,6.71,7.26,15246158.0
2020-09-14,7.33,7.59,7.05,7.42,36924559.0
2020-09-15,7.28,7.28,7.01,7.07,19352662.0
2020-09-16,7.01,7.18,6.88,7.18,15574362.0
2020-09-17,7.03,7.2,7.0,7.04,10832686.0
2020-09-18,6.98,7.06,6.85,7.03,11090479.0
2020-09-21,7.04,7.11,6.9,6.92,8475774.0
2020-09-22,6.81,7.04,6.75,6.94,7785378.0
2020-09-23,6.94,6.96,6.76,6.79,6526813.0
2020-09-24,6.77,6.77,6.4,6.42,10127310.0
2020-09-25,6.43,6.45,6.22,6.31,6009020.0
2020-09-28,6.3,6.34,6.08,6.12,4182400.0
2020-09-29,6.13,6.29,6.11,6.23,3814158.0
2020-09-30,6.22,6.26,6.15,6.2,2810100.0
2020-10-09,6.25,6.41,6.25,6.4,3630201.0
2020-10-12,6.4,6.57,6.38,6.54,4756844.0
2020-10-13,6.51,6.61,6.49,6.53,5578111.0
2020-10-14,6.53,6.59,6.41,6.42,4036700.0
2020-10-15,6.45,6.52,6.39,6.41,2967500.0
2020-10-16,6.4,6.48,6.34,6.44,3173981.0
2020-10-19,6.41,6.51,6.41,6.49,4008050.0
2020-10-20,6.45,6.53,6.41,6.52,3103720.0
2020-10-21,6.49,6.52,6.32,6.39,3846529.0
2020-10-22,6.33,6.49,6.24,6.42,4566860.0
2020-10-23,6.42,6.52,6.32,6.35,3007957.0
2020-10-26,6.3,6.46,6.19,6.42,3469110.0
2020-10-27,6.38,6.64,6.29,6.52,5915378.0
2020-10-28,6.52,6.62,6.41,6.6,5382996.0
2020-10-29,6.52,6.73,6.48,6.54,4990206.0
2020-10-30,6.56,6.59,6.26,6.26,6615368.0
2020-11-02,6.26,6.28,6.13,6.28,4657503.0
2020-11-03,6.33,6.35,6.23,6.32,4420742.0
2020-11-04,6.32,6.34,6.17,6.2,3880300.0
2020-11-05,6.24,6.34,6.23,6.31,3866830.0
2020-11-06,6.3,6.41,6.25,6.31,5204801.0
2020-11-09,6.34,6.47,6.32,6.41,7532414.0
2020-11-10,6.4,6.51,6.38,6.43,6288720.0
2020-11-11,6.4,6.4,6.2,6.22,5903600.0
2020-11-12,6.21,6.27,6.18,6.23,2571191.0
2020-11-13,6.23,6.29,6.17,6.27,2561101.0
2020-11-16,6.28,6.53,6.24,6.45,7121469.0
2020-11-17,6.49,6.69,6.42,6.57,11800866.0
2020-11-18,6.52,6.63,6.49,6.54,6566261.0
2020-11-19,6.6,6.61,6.45,6.49,6660001.0
2020-11-20,6.49,6.75,6.41,6.66,9085320.0
2020-11-23,6.67,6.85,6.6,6.77,9196601.0
2020-11-24,6.76,6.99,6.72,6.83,10135200.0
2020-11-25,6.83,7.09,6.78,6.94,12275295.0
2020-11-26,6.89,6.89,6.7,6.86,8368130.0
2020-11-27,6.86,6.96,6.7,6.94,11245015.0
2020-11-30,6.9,6.9,6.69,6.69,8866046.0
2020-12-01,6.69,6.95,6.61,6.93,10892901.0
2020-12-02,6.96,6.98,6.77,6.79,8155301.0
2020-12-03,6.84,7.04,6.79,6.79,9452400.0
2020-12-04,6.8,7.22,6.72,7.0,17494001.0
2020-12-07,6.94,7.07,6.88,7.06,9875300.0
2020-12-08,6.98,7.33,6.82,7.26,14593411.0
2020-12-09,7.16,7.21,6.93,7.03,12446833.0
2020-12-10,6.95,7.04,6.84,6.94,6974744.0
2020-12-11,6.86,6.93,6.25,6.4,14348515.0
2020-12-14,6.3,6.44,6.26,6.35,6939048.0
2020-12-15,6.28,6.46,6.25,6.39,3589561.0
2020-12-16,6.46,6.46,6.28,6.35,3163500.0
2020-12-17,6.3,6.36,6.1,6.33,5101451.0
2020-12-18,6.35,6.56,6.28,6.46,7073950.0
2020-12-21,6.43,7.07,6.4,7.02,16905398.0
2020-12-22,6.92,7.13,6.86,6.95,13267048.0
2020-12-23,6.96,7.27,6.89,7.18,15589782.0
2020-12-24,7.18,7.38,7.08,7.16,16432100.0
2020-12-25,7.14,7.32,7.11,7.2,9362925.0
2020-12-28,7.2,7.24,7.0,7.17,8821471.0
2020-12-29,7.09,7.22,6.96,7.02,8041974.0
2020-12-30,6.99,7.72,6.94,7.43,28823945.0
2020-12-31,7.42,7.54,7.28,7.32,16652121.0
2021-01-04,7.31,7.74,7.2,7.59,15249072.0
2021-01-05,7.49,7.56,7.33,7.36,10671700.0
2021-01-06,7.35,7.39,7.0,7.07,10160900.0
2021-01-07,7.08,7.78,6.96,7.52,35510980.0
2021-01-08,7.24,7.28,6.77,6.77,28215926.0
2021-01-11,6.64,6.67,6.16,6.16,26877710.0
2021-01-12,6.15,6.31,6.04,6.22,10924590.0
2021-01-13,6.15,6.19,5.88,5.9,11339100.0
2021-01-14,5.9,5.99,5.79,5.89,6504401.0
2021-01-15,5.9,6.03,5.85,5.98,5403601.0
2021-01-18,5.95,6.18,5.94,6.09,5693069.0
2021-01-19,6.11,6.23,6.07,6.1,5979969.0
2021-01-20,6.09,6.25,5.97,6.24,7052016.0
2021-01-21,6.18,6.33,6.13,6.17,7023754.0
2021-01-22,6.17,6.28,6.11,6.15,6626679.0
2021-01-25,6.18,6.42,6.01,6.36,11190600.0
2021-01-26,6.24,6.45,6.21,6.29,7005618.0
2021-01-27,6.3,6.47,6.09,6.27,8501071.0
2021-01-28,6.22,6.33,6.17,6.28,4908102.0
2021-01-29,6.26,6.29,6.01,6.02,5616800.0
2021-02-01,6.0,6.13,5.9,6.05,3238449.0
2021-02-02,6.07,6.31,5.97,6.12,4285827.0
2021-02-03,6.1,6.18,6.04,6.1,3917702.0
2021-02-04,6.03,6.13,5.9,6.01,3999253.0
2021-02-05,5.94,6.06,5.93,5.98,2418800.0
2021-02-08,5.98,6.03,5.94,5.99,1686448.0
2021-02-09,5.97,6.09,5.97,6.04,3024601.0
2021-02-10,6.05,6.09,6.01,6.03,2306120.0
2021-02-18,6.03,6.57,6.03,6.45,10897698.0
2021-02-19,6.38,6.65,6.37,6.65,6714302.0
2021-02-22,6.64,6.78,6.51,6.57,7081323.0
2021-02-23,6.49,6.79,6.46,6.7,7351401.0
2021-02-24,6.64,6.79,6.56,6.61,5412501.0
2021-02-25,6.6,6.83,6.5,6.67,6770501.0
2021-02-26,6.63,6.79,6.54,6.72,3766272.0
2021-03-01,6.72,6.88,6.69,6.83,4956755.0
2021-03-02,6.83,7.02,6.8,6.8,6449555.0
2021-03-03,6.78,6.9,6.71,6.87,3849700.0
2021-03-04,6.81,6.9,6.73,6.77,3575900.0
2021-03-05,6.72,6.83,6.7,6.76,2495210.0
2021-03-08,6.77,6.93,6.67,6.67,2842100.0
2021-03-09,6.67,6.68,6.25,6.43,4341977.0
2021-03-10,6.44,6.47,6.22,6.25,3335286.0
2021-03-11,6.27,6.84,6.22,6.67,7289476.0
2021-03-12,6.66,6.73,6.61,6.69,2912600.0
2021-03-15,6.72,6.83,6.64,6.74,3666700.0
2021-03-16,6.7,6.88,6.7,6.82,2896600.0
2021-03-17,6.83,7.01,6.76,6.85,5966400.0
2021-03-18,6.87,6.98,6.78,6.84,4289647.0
2021-03-19,6.75,6.93,6.74,6.82,4512261.0
2021-03-22,6.8,6.89,6.68,6.74,5955901.0
2021-03-23,6.73,6.73,6.45,6.49,6615800.0
2021-03-24,6.44,6.58,6.06,6.1,12719901.0
2021-03-25,6.12,6.18,6.07,6.12,5481298.0
2021-03-26,6.12,6.21,6.08,6.18,3922318.0
2021-03-29,6.18,6.22,6.11,6.19,3492200.0
2021-03-30,6.19,6.19,6.06,6.11,3980550.0
2021-03-31,6.13,6.17,6.06,6.13,3278588.0
2021-04-01,6.15,6.16,6.09,6.13,1797100.0
2021-04-02,6.13,6.23,6.11,6.19,3315301.0
2021-04-06,6.19,6.29,6.16,6.29,2371301.0
2021-04-07,6.29,6.3,6.23,6.29,2344129.0
2021-04-08,6.29,6.35,6.18,6.2,2519958.0
2021-04-09,6.2,6.28,6.13,6.27,2119601.0
2021-04-12,6.28,6.29,6.17,6.2,2191046.0
2021-04-13,6.21,6.21,6.07,6.08,2970400.0
2021-04-14,6.08,6.21,6.06,6.18,1893915.0
2021-04-15,6.18,6.21,6.13,6.2,2137098.0
2021-04-16,6.2,6.38,6.18,6.38,4066443.0
2021-04-19,6.48,6.77,6.36,6.64,13380348.0
2021-04-20,6.59,6.66,6.43,6.62,9719215.0
2021-04-21,6.47,6.77,6.44,6.71,12214305.0
2021-04-22,6.77,6.9,6.56,6.64,11193572.0
2021-04-23,6.48,7.3,6.38,7.3,23567516.0
2021-04-26,7.29,8.03,7.01,8.03,43036918.0
2021-04-27,7.76,7.76,7.23,7.23,32248300.0
2021-04-28,6.91,7.29,6.86,7.06,21761358.0
2021-04-29,6.95,7.12,6.9,6.9,15524759.0
2021-04-30,6.89,7.22,6.7,7.1,14908700.0
2021-05-06,7.0,7.49,6.92,7.46,18625429.0
2021-05-07,7.38,7.53,7.23,7.27,13253801.0
2021-05-10,7.28,7.48,7.09,7.42,10854488.0
2021-05-11,7.38,7.39,7.05,7.13,9477532.0
2021-05-12,7.05,7.84,7.02,7.84,16391933.0
2021-05-13,8.18,8.62,8.08,8.25,55020459.0
2021-05-14,8.11,8.83,8.11,8.13,41747433.0
2021-05-17,8.0,8.47,7.88,8.06,30547591.0
2021-05-18,8.12,8.34,7.9,8.24,22761024.0
2021-05-19,8.22,8.8,7.96,8.59,31822431.0
2021-05-20,8.39,8.43,8.13,8.4,22873813.0
2021-05-21,8.45,9.24,8.45,8.73,26644574.0
2021-05-24,8.86,9.2,8.23,8.29,26167575.0
2021-05-25,8.38,9.12,8.33,8.61,31601725.0
2021-05-26,8.33,8.35,8.05,8.27,26200859.0
2021-05-27,8.16,8.25,8.05,8.13,15197638.0
2021-05-28,8.0,8.27,7.99,8.11,13792591.0
2021-05-31,8.11,8.53,8.05,8.43,18537999.0
2021-06-01,8.31,8.35,8.12,8.18,13583740.0
2021-06-02,8.18,8.34,8.12,8.27,11225447.0
2021-06-03,8.23,8.24,7.5,7.5,24434442.0
2021-06-04,7.44,7.73,7.39,7.61,12802592.0
2021-06-07,7.55,7.66,7.45,7.55,10594024.0
2021-06-08,7.58,7.68,7.51,7.57,7686360.0
2021-06-09,7.53,7.66,7.39,7.49,7614749.0
2021-06-10,7.52,7.65,7.43,7.55,8586300.0
2021-06-11,7.55,7.63,7.45,7.54,7068707.0
2021-06-15,7.51,7.53,7.24,7.34,7851202.0
2021-06-16,7.32,7.38,7.19,7.23,6421401.0
2021-06-17,7.19,7.38,7.18,7.26,5138810.0
2021-06-18,7.26,7.62,7.2,7.54,10114658.0
2021-06-21,7.53,7.69,7.48,7.55,7266402.0
2021-06-22,7.59,7.65,7.48,7.58,6180818.0
2021-06-23,7.54,7.78,7.52,7.65,8264502.0
2021-06-24,7.65,7.66,7.5,7.53,5819800.0
2021-06-25,7.45,7.57,7.37,7.5,7029200.0
2021-06-28,7.49,7.84,7.47,7.78,12765900.0
2021-06-29,7.78,7.96,7.69,7.83,11146092.0
2021-06-30,7.79,8.24,7.68,8.11,20773401.0
2021-07-01,8.11,8.11,7.86,7.86,12561700.0
2021-07-02,7.85,8.47,7.85,8.36,22994473.0
2021-07-05,8.27,8.47,8.13,8.25,16408451.0
2021-07-06,8.21,8.35,7.99,8.22,12422551.0
2021-07-07,8.14,8.5,8.06,8.32,15923511.0
2021-07-08,8.26,8.65,8.17,8.35,16357218.0
2021-07-09,8.35,8.59,8.22,8.48,16287021.0
2021-07-12,8.51,8.96,8.51,8.9,17859176.0
2021-07-13,8.9,8.91,8.66,8.87,12222412.0
2021-07-14,8.8,8.9,8.48,8.58,12337799.0
2021-07-15,8.57,8.6,8.18,8.44,11746350.0
2021-07-16,8.36,9.26,8.33,8.76,17861536.0
2021-07-19,8.8,8.89,8.45,8.57,11258100.0
2021-07-20,8.46,9.43,8.4,9.43,11468258.0
2021-07-21,9.81,9.81,9.3,9.47,30120096.0
2021-07-22,9.46,9.8,9.32,9.77,24232101.0
2021-07-23,9.83,10.33,9.6,9.88,25035519.0
2021-07-26,9.99,10.0,9.33,9.59,15741750.0
2021-07-27,9.65,9.73,8.79,8.93,15893329.0
2021-07-28,8.76,8.9,8.04,8.26,16500753.0
2021-07-29,8.38,8.95,8.37,8.84,15061411.0
2021-07-30,8.9,9.48,8.68,9.38,15733425.0
2021-08-02,9.2,9.78,9.14,9.36,14979519.0
2021-08-03,9.36,9.46,9.16,9.18,10399820.0
2021-08-04,9.2,9.58,9.13,9.47,9903000.0
2021-08-05,9.58,9.61,9.2,9.39,7650373.0
2021-08-06,9.41,10.33,9.41,10.33,26891936.0
2021-08-09,11.36,11.36,10.05,10.5,39091926.0
2021-08-10,10.47,10.73,10.04,10.17,23388387.0
2021-08-11,10.18,10.35,9.91,10.14,14127355.0
2021-08-12,10.05,10.24,9.92,10.14,12249100.0
2021-08-13,10.06,10.11,9.86,9.89,10522246.0
2021-08-16,9.88,9.9,9.58,9.59,10934134.0
2021-08-17,9.55,9.59,8.84,8.89,15069454.0
2021-08-18,8.85,9.06,8.73,8.92,8449251.0
2021-08-19,8.81,9.03,8.76,8.93,6339600.0
2021-08-20,8.91,9.13,8.63,9.08,8341113.0
2021-08-23,9.1,9.12,8.91,9.04,8993526.0
2021-08-24,9.05,9.2,8.92,9.04,8305297.0
2021-08-25,9.05,9.09,8.82,8.91,7081358.0
2021-08-26,8.89,9.25,8.85,9.18,10613414.0
2021-08-27,9.11,9.15,8.65,8.94,9718842.0
2021-08-30,8.7,8.7,8.1,8.2,17023081.0
2021-08-31,8.1,8.2,7.86,7.99,10350019.0
2021-09-01,7.96,8.06,7.66,7.83,8731644.0
2021-09-02,7.84,7.95,7.72,7.93,5193872.0
2021-09-03,7.93,8.08,7.81,7.95,6258618.0
2021-09-06,7.96,8.11,7.86,8.02,5417676.0
2021-09-07,8.03,8.09,7.96,8.03,5703186.0
2021-09-08,8.03,8.08,7.96,8.06,5924411.0
2021-09-09,8.04,8.07,7.98,8.01,4844819.0
2021-09-10,8.0,8.0,7.87,7.88,5383810.0
2021-09-13,7.88,7.95,7.71,7.8,7695000.0
2021-09-14,7.79,7.93,7.73,7.78,7918201.0
2021-09-15,7.8,7.95,7.64,7.95,7829931.0
2021-09-16,7.94,8.07,7.63,7.65,10094409.0
2021-09-17,7.65,7.69,7.3,7.44,7132728.0
2021-09-22,7.36,7.54,7.33,7.5,3385630.0
2021-09-23,7.5,7.61,7.48,7.52,3116401.0
2021-09-24,7.51,7.54,7.38,7.42,3792526.0
2021-09-27,7.49,7.49,7.02,7.1,6674200.0
2021-09-28,7.11,7.24,7.1,7.18,2755702.0
2021-09-29,7.19,7.19,6.95,6.97,3953608.0
2021-09-30,7.0,7.27,7.0,7.23,3927200.0
2021-10-08,7.27,7.4,7.25,7.35,3884102.0
2021-10-11,7.3,7.45,7.26,7.38,3715701.0
2021-10-12,7.38,7.39,7.15,7.29,2981900.0
2021-10-13,7.26,7.47,7.25,7.46,3084811.0
2021-10-14,7.46,7.51,7.37,7.45,2224010.0
2021-10-15,7.45,7.45,7.31,7.38,1909600.0
2021-10-18,7.38,7.53,7.35,7.53,2884373.0
2021-10-19,7.52,7.74,7.52,7.59,4632458.0
2021-10-20,7.57,7.74,7.55,7.67,3950590.0
2021-10-21,7.65,7.69,7.54,7.59,2595291.0
2021-10-22,7.59,7.61,7.42,7.44,2142101.0
2021-10-25,7.41,7.77,7.31,7.7,6521704.0
2021-10-26,7.7,7.75,7.52,7.68,5619885.0
2021-10-27,7.56,7.56,6.95,7.29,6892316.0
2021-10-28,7.0,7.24,6.56,6.7,11207020.0
2021-10-29,6.6,6.7,6.46,6.62,4442700.0
2021-11-01,6.62,7.1,6.6,7.01,7229967.0
2021-11-02,6.99,7.03,6.71,6.79,4261100.0
2021-11-03,6.8,6.84,6.68,6.79,2335896.0
2021-11-04,6.82,7.05,6.77,7.0,4851440.0
2021-11-05,6.97,7.05,6.86,6.87,3491708.0
2021-11-08,6.86,7.05,6.86,6.97,1851400.0
2021-11-09,7.05,7.13,6.98,7.09,2318621.0
2021-11-10,7.17,7.17,6.96,7.05,2747623.0
2021-11-11,7.06,7.15,6.97,7.07,2941600.0
2021-11-12,7.09,7.25,7.0,7.23,6006801.0
2021-11-15,7.21,7.41,7.14,7.37,6717800.0
2021-11-16,7.37,7.39,7.04,7.08,6511401.0
2021-11-17,7.11,7.38,7.1,7.34,5324901.0
2021-11-18,7.33,7.35,7.21,7.27,4010162.0
2021-11-19,7.2,8.0,7.17,8.0,15869369.0
2021-11-22,8.22,8.8,8.22,8.8,38319082.0
2021-11-23,8.97,9.68,8.54,9.13,65929127.0
2021-11-24,8.67,8.84,8.48,8.64,37579070.0
2021-11-25,8.4,8.95,8.32,8.84,31747770.0
2021-11-26,8.74,8.8,8.51,8.53,17915934.0
2021-11-29,8.42,9.38,8.35,9.38,29686034.0
2021-11-30,9.4,9.84,8.99,9.08,41743117.0
2021-12-01,9.2,9.7,9.14,9.22,25722066.0
2021-12-02,9.15,9.37,8.88,9.01,16085423.0
2021-12-03,8.96,9.6,8.95,9.05,17955709.0
2021-12-06,9.0,9.49,8.85,9.25,18897600.0
2021-12-07,9.08,9.66,8.96,9.49,23637801.0
2021-12-08,9.36,9.45,9.05,9.34,18158369.0
2021-12-09,9.23,9.31,8.88,9.04,14052200.0
2021-12-10,8.98,9.1,8.8,8.89,7510299.0
2021-12-13,8.89,9.25,8.65,9.15,14175099.0
2021-12-14,9.08,9.12,8.89,8.93,6154000.0
2021-12-15,8.88,9.12,8.77,9.05,6594843.0
2021-12-16,8.86,9.25,8.86,8.94,7847701.0
2021-12-17,8.96,9.02,8.57,8.57,8607300.0
2021-12-20,8.5,9.15,8.5,8.71,11048684.0
2021-12-21,8.71,9.33,8.55,9.18,17838290.0
2021-12-22,9.16,9.17,8.92,8.98,8015550.0
2021-12-23,9.03,9.1,8.69,8.71,7968046.0
2021-12-24,8.72,8.83,8.34,8.43,7825345.0
2021-12-27,8.37,8.7,8.35,8.6,3502290.0
2021-12-28,8.6,8.63,8.0,8.41,5313100.0
2021-12-29,8.39,8.57,8.3,8.45,3709113.0
2021-12-30,8.39,8.46,8.27,8.31,3794701.0
2021-12-31,8.34,8.41,8.17,8.22,4609700.0
2022-01-04,8.22,8.3,8.18,8.25,3934500.0
2022-01-05,8.28,8.28,7.94,8.09,5308800.0
2022-01-06,8.1,8.25,8.0,8.2,4406402.0
2022-01-07,8.2,8.24,7.78,7.82,7215811.0
2022-01-10,7.68,8.13,7.66,7.82,3931900.0
2022-01-11,7.77,7.93,7.72,7.78,2766100.0
2022-01-12,7.79,7.96,7.73,7.93,3366703.0
2022-01-13,7.93,7.95,7.79,7.8,2970940.0
2022-01-14,7.87,7.91,7.61,7.63,3559611.0
2022-01-17,7.68,7.83,7.65,7.8,2588404.0
2022-01-18,7.84,7.87,7.5,7.52,4398900.0
2022-01-19,7.52,7.66,7.45,7.46,5211900.0
2022-01-20,7.46,7.65,6.83,6.88,16055293.0
2022-01-21,6.88,7.02,6.74,7.02,7932831.0
2022-01-24,6.81,6.81,6.32,6.33,36316210.0
2022-01-25,6.22,6.48,6.22,6.34,22956674.0
2022-01-26,6.31,6.41,6.14,6.3,11041246.0
2022-01-27,6.27,6.33,6.12,6.13,6967600.0
2022-01-28,6.12,6.39,6.07,6.32,7261554.0
2022-02-07,6.32,6.42,6.12,6.34,10448402.0
2022-02-08,6.38,6.56,6.3,6.54,10384164.0
2022-02-09,6.55,6.78,6.52,6.75,8656019.0
2022-02-10,6.78,6.78,6.63,6.75,8373301.0
2022-02-11,6.72,6.74,6.59,6.62,5126501.0
2022-02-14,6.6,6.6,6.45,6.5,6302146.0
2022-02-15,6.55,6.57,6.4,6.45,6872661.0
2022-02-16,6.51,6.67,6.49,6.63,4587100.0
2022-02-17,6.62,6.75,6.55,6.58,9828250.0
2022-02-18,6.6,6.63,6.45,6.61,5186200.0
2022-02-21,6.61,6.87,6.58,6.83,6208700.0
2022-02-22,6.8,6.88,6.69,6.76,6473600.0
2022-02-23,6.79,6.97,6.71,6.91,6906886.0
2022-02-24,6.88,7.02,6.62,6.73,9051317.0
2022-02-25,6.76,6.95,6.75,6.89,7014346.0
2022-02-28,6.97,7.58,6.92,7.2,29844007.0
2022-03-01,7.13,7.13,6.87,6.96,23578500.0
2022-03-02,6.94,6.99,6.85,6.97,7504000.0
2022-03-03,6.95,7.04,6.9,6.94,7136505.0
2022-03-04,6.9,6.92,6.81,6.83,4958176.0
2022-03-07,6.75,6.86,6.69,6.73,5819764.0
2022-03-08,6.73,6.8,6.45,6.48,5620022.0
2022-03-09,6.54,6.64,6.16,6.57,6817696.0
2022-03-10,6.6,6.87,6.6,6.75,6720600.0
2022-03-11,6.69,6.72,6.48,6.67,5239800.0
2022-03-14,6.68,6.71,6.44,6.45,6036324.0
2022-03-15,6.46,6.47,6.05,6.09,6679700.0
2022-03-16,6.16,6.35,6.0,6.33,5318589.0
2022-03-17,6.37,6.7,6.37,6.49,7059900.0
2022-03-18,6.48,6.56,6.36,6.52,3296200.0
2022-03-21,6.6,6.77,6.56,6.7,5085601.0
2022-03-22,6.72,6.78,6.61,6.71,4603170.0
2022-03-23,6.9,7.38,6.75,6.77,38737309.0
2022-03-24,6.49,6.62,6.31,6.31,23135580.0
2022-03-25,6.32,6.58,6.32,6.42,12006157.0
2022-03-28,6.37,6.42,6.25,6.34,6914000.0
2022-03-29,6.39,6.39,6.22,6.23,4830870.0
2022-03-30,6.29,6.42,6.24,6.41,5409298.0
2022-03-31,6.41,6.43,6.31,6.32,3993700.0
2022-04-01,6.29,6.36,6.23,6.33,4128122.0
2022-04-06,6.3,6.47,6.25,6.44,5108747.0
2022-04-07,6.45,6.45,6.28,6.29,3828300.0
2022-04-08,6.29,6.3,6.13,6.22,3355328.0
2022-04-11,6.21,6.23,6.03,6.04,4720995.0
2022-04-12,6.0,6.21,5.98,6.18,3234000.0
2022-04-13,6.2,6.23,6.06,6.06,2664700.0
2022-04-14,6.09,6.15,6.06,6.07,2272400.0
2022-04-15,6.03,6.07,5.84,5.9,6688700.0
2022-04-18,5.83,6.08,5.78,6.08,4644166.0
2022-04-19,6.09,6.09,5.98,6.01,1892510.0
2022-04-20,6.0,6.02,5.89,5.96,2601048.0
2022-04-21,5.97,5.97,5.69,5.71,3584385.0
2022-04-22,5.69,5.71,5.55,5.66,2949410.0
2022-04-25,5.61,5.61,5.17,5.25,5983900.0
2022-04-26,5.2,5.25,4.83,4.89,5266844.0
2022-04-27,4.85,5.15,4.65,5.13,7077394.0
2022-04-28,5.13,5.13,4.79,4.87,3965700.0
2022-04-29,4.9,5.2,4.85,5.14,5210756.0
2022-05-05,5.13,5.28,5.11,5.2,3908378.0
2022-05-06,5.21,5.3,5.07,5.19,2807200.0
2022-05-09,5.15,5.71,5.15,5.7,15649003.0
2022-05-10,5.61,5.8,5.33,5.39,24443800.0
2022-05-11,5.38,5.47,5.3,5.32,8368525.0
2022-05-12,5.28,5.38,5.25,5.37,4337750.0
2022-05-13,5.37,5.38,5.3,5.35,2543500.0
2022-05-16,5.41,5.41,5.31,5.36,3251700.0
2022-05-17,5.36,5.42,5.26,5.39,3721252.0
2022-05-18,5.41,5.58,5.39,5.48,9869292.0
2022-05-19,5.37,5.6,5.36,5.52,10089101.0
2022-05-20,5.55,5.65,5.53,5.59,8027301.0
2022-05-23,5.63,5.67,5.57,5.66,6032111.0
2022-05-24,5.63,5.66,5.34,5.39,5391202.0
2022-05-25,5.35,5.54,5.35,5.51,3793832.0
2022-05-26,5.51,5.51,5.38,5.45,3805702.0
2022-05-27,5.47,5.52,5.37,5.45,4890020.0
2022-05-30,5.47,5.53,5.42,5.51,3721500.0
2022-05-31,5.45,5.54,5.39,5.52,4526607.0
2022-06-01,5.55,5.66,5.4,5.62,7430000.0
2022-06-02,5.6,5.76,5.57,5.74,5884100.0
2022-06-06,5.72,5.85,5.68,5.81,6511933.0
2022-06-07,5.85,5.86,5.63,5.68,6352300.0
2022-06-08,5.7,5.76,5.5,5.65,5783800.0
2022-06-09,5.64,5.64,5.41,5.46,4877200.0
2022-06-10,5.45,5.59,5.39,5.58,4500541.0
2022-06-13,5.54,5.78,5.5,5.68,7861800.0
2022-06-14,5.7,5.72,5.5,5.71,6545100.0
2022-06-15,5.7,5.79,5.62,5.65,5797600.0
2022-06-16,5.65,5.73,5.63,5.67,3565001.0
2022-06-17,5.64,5.86,5.62,5.79,6342436.0
2022-06-20,5.8,6.13,5.78,6.04,10194495.0
2022-06-21,6.16,6.16,5.87,5.96,7079897.0
2022-06-22,5.99,6.1,5.95,6.02,6118000.0
2022-06-23,6.06,6.16,6.0,6.08,12225901.0
2022-06-24,6.1,6.25,6.1,6.16,9998374.0
2022-06-27,6.2,6.28,6.12,6.16,7729033.0
2022-06-28,6.15,6.25,6.09,6.23,7217677.0
2022-06-29,6.27,6.3,6.11,6.11,7340941.0
2022-06-30,6.15,6.2,6.05,6.11,4897901.0
2022-07-01,6.06,6.14,6.02,6.07,3795200.0
2022-07-04,6.04,6.18,5.96,6.17,5223177.0
2022-07-05,6.16,6.2,5.98,6.06,5891700.0
2022-07-06,6.05,6.09,5.98,6.05,4636200.0
2022-07-07,6.07,6.25,6.0,6.2,6073101.0
2022-07-08,6.2,6.82,6.16,6.34,25855825.0
2022-07-11,6.4,6.97,6.4,6.97,54841226.0
2022-07-12,6.73,7.28,6.7,6.87,58048350.0
2022-07-13,6.86,7.56,6.7,7.34,54426705.0
2022-07-14,7.46,7.92,7.0,7.75,50657031.0
2022-07-15,7.47,7.98,7.26,7.54,39843520.0
2022-07-18,7.46,8.29,7.46,8.29,66781651.0
2022-07-19,8.29,8.37,7.9,7.97,45305140.0
2022-07-20,7.97,8.77,7.85,8.77,54411037.0
2022-07-21,8.86,9.22,8.57,8.77,46528240.0
2022-07-22,8.77,9.07,8.56,8.83,31040200.0
2022-07-25,8.49,8.65,7.95,7.95,26246199.0
2022-07-26,7.41,8.33,7.41,8.22,43144088.0
2022-07-27,8.23,8.38,8.0,8.14,22180312.0
2022-07-28,8.16,8.72,7.98,8.26,27103742.0
2022-07-29,8.34,9.08,8.26,9.03,39484184.0
2022-08-01,8.99,9.16,8.6,8.93,33059109.0
2022-08-02,8.83,9.18,8.49,8.51,25905710.0
2022-08-03,8.93,9.34,8.47,8.5,43465901.0
2022-08-04,8.66,8.88,8.2,8.59,27414204.0
2022-08-05,8.59,8.97,8.29,8.3,23414599.0
2022-08-08,8.3,8.81,7.92,8.7,28407426.0
2022-08-09,8.78,9.32,8.61,9.09,29415731.0
2022-08-10,9.12,9.51,8.71,9.29,25223232.0
2022-08-11,9.2,9.35,8.9,8.94,22452358.0
2022-08-12,8.96,9.39,8.82,8.94,19618630.0
2022-08-15,8.86,9.38,8.74,9.38,25589861.0
2022-08-16,9.41,10.32,9.41,10.32,41082276.0
2022-08-17,10.7,11.35,10.42,10.76,66323896.0
2022-08-18,10.85,11.84,10.8,11.84,50169653.0
2022-08-19,11.75,12.45,10.9,10.95,79000706.0
2022-08-22,11.19,11.27,10.5,11.0,43647851.0
2022-08-23,11.02,12.02,10.72,11.76,41788202.0
2022-08-24,11.64,12.2,10.88,11.02,36762502.0
2022-08-25,11.21,11.41,10.02,10.37,31633129.0
2022-08-26,10.45,10.52,9.67,9.75,31814055.0
2022-08-29,9.72,10.73,9.46,10.73,23971403.0
2022-08-30,10.91,10.94,9.96,10.01,37288430.0
2022-08-31,10.17,10.25,9.01,9.01,39982194.0
2022-09-01,8.86,9.08,8.4,8.56,36198098.0
2022-09-02,8.58,9.22,8.38,9.01,32770586.0
2022-09-05,9.28,9.91,9.2,9.91,16507916.0
2022-09-06,10.6,10.9,10.07,10.9,46079069.0
2022-09-07,10.98,11.62,10.54,11.37,68603412.0
2022-09-08,11.42,11.96,11.15,11.66,46729239.0
2022-09-09,11.51,12.32,11.11,11.5,45512453.0
2022-09-13,11.99,11.99,10.35,10.35,55657161.0
2022-09-14,9.99,11.39,9.97,11.39,57737110.0
2022-09-15,12.53,12.53,10.63,11.32,133373129.0
2022-09-16,11.1,11.93,10.5,10.5,86577398.0
2022-09-19,10.77,11.17,10.1,10.31,71250167.0
2022-09-20,10.4,11.34,10.19,11.15,83485456.0
2022-09-21,11.18,12.27,11.18,12.27,58298661.0
2022-09-22,12.94,13.12,11.6,12.5,113573636.0
2022-09-23,12.5,13.5,11.88,13.15,92112104.0
2022-09-26,12.77,14.07,12.5,12.69,88530264.0
2022-09-27,12.79,13.3,12.21,13.3,63165020.0
2022-09-28,13.11,13.12,11.97,11.97,57106858.0
2022-09-29,11.67,11.8,10.77,10.77,76810217.0
2022-09-30,10.84,11.15,10.53,10.75,53881455.0
2022-10-10,10.5,10.95,9.91,9.97,49291761.0
2022-10-11,10.06,10.97,10.02,10.97,41476357.0
2022-10-12,11.16,12.06,10.9,12.06,84074387.0
2022-10-13,11.7,11.87,11.35,11.49,63491863.0
2022-10-14,11.65,12.14,11.28,11.75,59854126.0
2022-10-17,11.55,11.66,10.99,11.4,51192670.0
2022-10-18,11.5,12.5,11.2,12.17,91072369.0
2022-10-19,11.92,13.04,11.91,12.25,87253677.0
2022-10-20,11.95,12.05,11.3,11.35,56643362.0
2022-10-21,11.25,12.2,11.24,12.01,57295861.0
2022-10-24,12.21,13.18,12.01,12.72,79672317.0
2022-10-25,12.45,13.35,12.3,13.29,70890584.0
2022-10-26,13.03,13.15,12.6,12.84,56964169.0
2022-10-27,12.6,13.0,11.56,11.56,66772858.0
2022-10-28,10.88,11.43,10.4,10.4,68962403.0
2022-10-31,10.27,10.4,9.83,10.38,43908254.0
2022-11-01,10.17,11.19,10.11,10.88,46879602.0
2022-11-02,10.7,11.13,10.61,10.91,41492315.0
2022-11-03,10.71,11.48,10.71,11.21,40285042.0
2022-11-04,11.39,12.33,11.35,12.33,48204864.0
2022-11-07,12.5,13.56,12.35,13.56,111566950.0
2022-11-08,13.56,13.56,12.55,13.11,74263055.0
2022-11-09,13.08,13.5,12.82,13.15,55360860.0
2022-11-10,12.98,13.16,12.58,12.9,41302000.0
2022-11-11,13.55,13.85,12.05,12.18,68661188.0
2022-11-14,12.0,12.11,11.4,11.59,57848005.0
2022-11-15,11.63,12.75,11.54,12.75,64515825.0
2022-11-16,12.79,13.69,12.75,13.43,83565946.0
2022-11-17,13.33,13.68,12.6,13.15,66735449.0
2022-11-18,13.02,13.79,12.58,13.27,57477390.0
2022-11-21,13.26,14.6,12.93,14.6,45643403.0
2022-11-22,15.0,15.23,13.79,13.92,98483692.0
2022-11-23,13.98,14.75,13.71,14.46,77673795.0
2022-11-24,14.0,15.91,13.86,15.05,115646299.0
2022-11-25,14.77,15.19,13.88,14.07,78992832.0
2022-11-28,13.6,14.44,13.45,13.91,56838663.0
2022-11-29,13.75,14.86,13.6,14.62,60192052.0
2022-11-30,14.99,16.01,14.62,15.14,85645981.0
2022-12-01,15.04,16.6,14.8,15.9,78166660.0
2022-12-02,15.7,17.49,15.52,17.49,98669404.0
2022-12-05,17.4,19.24,17.16,19.24,91612858.0
2022-12-06,18.61,18.92,17.4,18.47,78130626.0
2022-12-07,18.28,18.43,16.8,17.25,75106590.0
2022-12-08,17.04,18.5,16.66,17.8,70844795.0
2022-12-09,17.7,18.98,17.28,18.58,69619897.0
2022-12-12,18.12,18.26,17.33,17.5,56341816.0
2022-12-13,17.48,18.24,16.0,16.66,84140239.0
2022-12-14,16.01,16.55,15.9,16.25,50992177.0
2022-12-15,16.05,17.59,15.57,17.35,70193039.0
2022-12-16,16.9,17.3,16.25,16.3,52210788.0
2022-12-19,16.21,17.05,16.15,16.63,40018686.0
2022-12-20,16.28,17.45,15.82,16.76,56639282.0
2022-12-21,16.7,18.0,16.51,17.98,64930137.0
2022-12-22,17.5,17.89,17.16,17.41,51673322.0
2022-12-23,17.2,17.77,15.67,15.67,58119103.0
2022-12-26,15.26,16.86,15.21,16.61,50692884.0
2022-12-27,16.71,17.45,16.11,16.67,59050660.0
2022-12-28,16.38,16.69,15.31,15.7,50696573.0
2022-12-29,15.6,16.28,15.35,15.37,42321621.0
2022-12-30,15.6,15.79,14.64,14.77,45369902.0
2023-01-03,14.83,15.35,14.52,15.28,38296625.0
2023-01-04,15.16,15.68,14.98,15.54,43563293.0
2023-01-05,15.48,16.05,15.3,15.81,42853400.0
2023-01-06,15.61,16.17,15.5,15.51,42417897.0
2023-01-09,15.48,15.62,14.96,15.2,36163159.0
2023-01-10,15.14,16.2,14.82,15.93,50540826.0
2023-01-11,15.9,16.08,15.4,15.51,34526963.0
2023-01-12,15.59,15.75,14.9,15.13,29389533.0
2023-01-13,15.28,15.34,14.55,14.7,29963654.0
2023-01-16,14.64,14.69,13.55,13.98,51375121.0
2023-01-17,13.84,14.1,13.68,13.98,28640655.0
2023-01-18,14.11,14.38,13.81,14.21,28471352.0
2023-01-19,14.2,14.2,13.84,13.99,19980200.0
2023-01-20,14.15,14.39,14.02,14.16,24646476.0
2023-01-30,14.35,14.93,14.35,14.77,35212090.0
2023-01-31,14.34,14.97,14.15,14.78,32323066.0
2023-02-01,14.88,15.29,14.66,15.08,38660516.0
2023-02-02,15.0,15.2,14.7,14.9,27372601.0
2023-02-03,14.9,14.98,14.27,14.45,27324278.0
2023-02-06,14.48,14.5,14.06,14.1,19659001.0
2023-02-07,14.07,14.4,13.94,14.18,23156120.0
2023-02-08,14.28,14.55,13.98,14.0,26780882.0
2023-02-09,14.0,14.16,13.73,13.92,24991869.0
2023-02-10,13.93,14.05,13.72,13.97,21401210.0
2023-02-13,13.9,14.28,13.9,14.07,26028935.0
2023-02-14,14.07,14.11,13.74,13.81,22763634.0
2023-02-15,13.8,13.88,13.31,13.33,31552586.0
2023-02-16,13.33,13.52,13.1,13.19,27811722.0
2023-02-17,13.14,13.14,12.64,12.64,24404283.0
2023-02-20,12.67,12.74,12.44,12.74,21499700.0
2023-02-21,12.75,12.95,12.63,12.83,19739702.0
2023-02-22,12.8,12.93,12.59,12.66,14516870.0
2023-02-23,12.67,12.88,12.65,12.76,17053501.0
2023-02-24,12.83,13.19,12.76,12.99,32996710.0
2023-02-27,12.83,12.85,12.41,12.48,23590101.0
2023-02-28,12.41,12.65,12.41,12.64,13720700.0
2023-03-01,12.64,12.68,12.47,12.54,15454000.0
2023-03-02,12.51,12.54,12.23,12.26,19105500.0
2023-03-03,12.33,12.41,12.19,12.35,11844570.0
2023-03-06,12.37,12.37,12.05,12.24,13860900.0
2023-03-07,12.24,12.33,11.98,12.0,14651100.0
2023-03-08,11.95,12.19,11.95,12.09,11183745.0
2023-03-09,12.08,12.14,11.97,12.02,9236000.0
2023-03-10,11.9,11.99,11.7,11.7,15223800.0
2023-03-13,11.7,11.72,11.47,11.55,13670874.0
2023-03-14,11.6,11.62,11.11,11.36,15639571.0
2023-03-15,11.37,11.6,11.33,11.35,10198375.0
2023-03-16,11.18,11.32,11.04,11.04,12460000.0
2023-03-17,11.12,11.27,11.03,11.07,10959700.0
2023-03-20,11.09,11.45,10.88,11.31,25138500.0
2023-03-21,11.35,11.59,11.2,11.54,24561188.0
2023-03-22,11.55,11.7,11.37,11.49,17877976.0
2023-03-23,11.38,11.67,11.3,11.42,24993520.0
2023-03-24,11.78,11.98,11.42,11.51,44318600.0
2023-03-27,11.25,11.42,11.04,11.23,27316108.0
2023-03-28,11.16,11.25,10.83,10.83,21996970.0
2023-03-29,10.92,11.04,10.7,10.72,15373710.0
2023-03-30,10.67,10.81,10.6,10.73,12031600.0
2023-03-31,10.75,11.8,10.75,11.46,62121708.0
2023-04-03,11.24,11.6,11.19,11.41,38162309.0
2023-04-04,11.31,11.4,10.92,10.95,27755270.0
2023-04-06,10.9,10.94,10.72,10.88,15502300.0
2023-04-07,10.88,11.07,10.85,10.9,12234622.0
2023-04-10,10.88,11.03,10.82,10.97,16108605.0
2023-04-11,10.96,11.04,10.66,10.81,21853914.0
2023-04-12,10.72,10.94,10.64,10.9,20487431.0
2023-04-13,10.9,10.9,10.6,10.63,15750000.0
2023-04-14,10.6,10.7,10.51,10.64,13157142.0
2023-04-17,10.67,10.78,10.46,10.53,13846700.0
2023-04-18,10.54,10.58,10.37,10.46,11782100.0
2023-04-19,10.46,10.59,10.31,10.5,12322700.0
2023-04-20,10.85,10.85,10.18,10.24,16357200.0
2023-04-21,10.41,11.26,10.35,10.88,83234803.0
2023-04-24,10.38,10.4,9.79,9.79,32913600.0
2023-04-25,9.31,9.45,8.93,9.12,37309500.0
2023-04-26,9.1,9.58,9.06,9.3,30768600.0
2023-04-27,9.26,9.4,9.12,9.15,16559200.0
2023-04-28,9.15,9.58,9.15,9.57,24162131.0
2023-05-04,9.49,9.79,9.43,9.59,13546752.0
2023-05-05,9.62,9.66,9.36,9.39,11704500.0
2023-05-08,9.38,9.55,9.34,9.52,10211410.0
2023-05-09,9.54,9.56,9.3,9.31,9908960.0
2023-05-10,9.29,9.62,9.23,9.54,12437802.0
2023-05-11,9.52,9.85,9.46,9.64,18140331.0
2023-05-12,9.58,9.76,9.48,9.54,9887459.0
2023-05-15,9.5,9.72,9.43,9.69,10345032.0
2023-05-16,9.75,10.41,9.65,9.99,36271200.0
2023-05-17,9.9,10.16,9.71,9.99,29770103.0
2023-05-18,9.9,9.99,9.65,9.84,21504670.0
2023-05-19,9.76,9.95,9.61,9.9,22061595.0
2023-05-22,9.81,9.95,9.73,9.83,20147469.0
2023-05-23,10.1,10.17,9.65,9.83,25365253.0
2023-05-24,9.74,9.89,9.66,9.75,19595792.0
2023-05-25,9.8,9.83,9.5,9.61,24799231.0
2023-05-26,9.72,9.73,9.42,9.59,18766090.0
2023-05-29,9.6,9.65,9.39,9.42,12505270.0
2023-05-30,9.37,9.5,9.29,9.4,11914500.0
2023-05-31,9.4,9.41,9.15,9.15,12978250.0
2023-06-01,9.11,9.27,9.04,9.21,8957508.0
2023-06-02,9.22,9.4,9.2,9.4,9847800.0
2023-06-05,9.4,9.42,9.27,9.38,5871642.0
2023-06-06,9.33,9.35,9.14,9.16,8646318.0
2023-06-07,9.11,9.16,8.96,8.97,8295251.0
2023-06-08,8.96,9.05,8.78,8.78,8423400.0
2023-06-09,8.74,8.85,8.61,8.72,9068817.0
2023-06-12,8.72,8.93,8.63,8.88,6481442.0
2023-06-13,8.9,8.96,8.81,8.82,4480307.0
2023-06-14,8.82,8.9,8.68,8.7,7106100.0
2023-06-15,8.64,8.95,8.63,8.9,12155832.0
2023-06-16,8.9,9.0,8.86,8.94,9086326.0
2023-06-19,8.95,9.06,8.79,8.8,8489900.0
2023-06-20,8.78,8.84,8.67,8.69,5965600.0
2023-06-21,8.68,8.76,8.48,8.52,9235000.0
2023-06-26,8.48,8.56,8.39,8.45,8464800.0
2023-06-27,8.54,9.3,8.42,8.79,57680729.0
2023-06-28,8.57,9.2,8.55,8.74,46061253.0
2023-06-29,8.7,8.93,8.6,8.77,25812266.0
2023-06-30,8.78,9.57,8.78,9.28,48517856.0
2023-07-03,9.36,9.88,9.31,9.69,56151474.0
2023-07-04,9.57,9.78,9.53,9.61,29413913.0
2023-07-05,9.69,9.73,9.43,9.46,18539899.0
2023-07-06,9.55,9.55,9.26,9.32,15567300.0
2023-07-07,9.3,9.3,9.16,9.2,13019300.0
2023-07-10,9.25,9.45,9.2,9.29,14445351.0
2023-07-11,9.28,9.35,9.17,9.26,9651300.0
2023-07-12,9.24,9.27,9.06,9.08,10789954.0
2023-07-13,9.09,9.24,9.08,9.14,8656600.0
2023-07-14,9.01,9.02,8.47,8.49,35455600.0
2023-07-17,8.4,8.4,8.15,8.23,15108500.0
2023-07-18,8.2,8.27,8.12,8.26,11812009.0
2023-07-19,8.26,8.28,8.16,8.23,7833019.0
2023-07-20,8.22,8.29,8.05,8.07,12485081.0
2023-07-21,8.01,8.13,7.95,7.97,8852700.0
2023-07-24,7.97,8.28,7.96,8.25,18284767.0
2023-07-25,8.3,8.34,8.15,8.18,14540700.0
2023-07-26,8.18,8.18,8.05,8.07,9103100.0
2023-07-27,8.05,8.16,7.98,7.99,7668000.0
2023-07-28,7.97,8.04,7.86,8.03,8435690.0
2023-07-31,8.03,8.18,8.03,8.14,8712472.0
2023-08-01,8.14,8.14,8.03,8.07,6982900.0
2023-08-02,8.07,8.25,8.0,8.14,10385657.0
2023-08-03,8.11,8.12,8.06,8.08,5099500.0
2023-08-04,8.09,8.13,8.07,8.1,5624900.0
2023-08-07,8.09,8.12,7.99,8.02,5468900.0
2023-08-08,8.0,8.02,7.76,7.83,9506260.0
2023-08-09,7.79,7.84,7.75,7.78,4016681.0
2023-08-10,7.77,7.85,7.76,7.8,3678760.0
2023-08-11,7.8,7.82,7.66,7.68,6003600.0
2023-08-14,7.64,7.76,7.59,7.75,5972800.0
2023-08-15,7.75,7.79,7.6,7.64,4542099.0
2023-08-16,7.63,7.64,7.53,7.55,5849400.0
2023-08-17,7.65,8.31,7.55,8.0,24876133.0
2023-08-18,8.0,8.07,7.75,7.75,23834218.0
2023-08-21,7.74,7.74,7.54,7.59,10983269.0
2023-08-22,7.56,7.8,7.48,7.75,16345657.0
2023-08-23,7.68,7.7,7.41,7.42,9127910.0
2023-08-24,7.4,7.48,7.33,7.36,5766217.0
2023-08-25,7.33,7.33,7.17,7.17,8740800.0
2023-08-28,7.52,7.52,7.07,7.09,7080610.0
2023-08-29,7.08,7.27,7.08,7.26,7596800.0
2023-08-30,7.26,7.37,7.21,7.28,5599700.0
2023-08-31,7.29,7.3,7.18,7.18,3803000.0
2023-09-01,7.21,7.23,7.16,7.19,2602800.0
2023-09-04,7.25,7.44,7.21,7.42,9301100.0
2023-09-05,7.4,7.64,7.33,7.51,11193576.0
2023-09-06,7.48,7.51,7.38,7.51,6918488.0
2023-09-07,7.51,7.51,7.29,7.29,5559000.0
2023-09-08,7.27,7.32,7.22,7.27,3351900.0
2023-09-11,7.3,7.37,7.2,7.33,5027800.0
2023-09-12,7.34,7.53,7.26,7.28,15603700.0
2023-09-13,7.48,7.77,7.35,7.35,34466309.0
2023-09-14,7.28,7.28,7.08,7.2,19891400.0
2023-09-15,7.15,7.17,7.1,7.14,6502700.0
2023-09-18,7.1,7.25,7.03,7.23,11461174.0
2023-09-19,7.23,7.37,7.13,7.19,15154400.0
2023-09-20,7.33,7.44,6.98,6.99,21645110.0
2023-09-21,6.86,7.08,6.82,6.87,11411600.0
2023-09-22,6.82,7.0,6.8,6.97,13424546.0
2023-09-25,6.96,6.97,6.81,6.82,9285117.0
2023-09-26,6.84,6.86,6.76,6.77,4815167.0
2023-09-27,6.75,6.95,6.74,6.8,9114885.0
2023-09-28,6.84,6.9,6.8,6.84,6957780.0
2023-10-09,6.84,6.97,6.82,6.96,8872200.0
2023-10-10,7.03,7.27,6.98,7.14,16330832.0
2023-10-11,7.09,7.11,6.94,6.97,10628010.0
2023-10-12,7.0,7.37,6.98,7.24,18501551.0
2023-10-13,7.21,7.22,7.09,7.13,9827053.0
2023-10-16,7.11,7.12,6.92,7.01,8923292.0
2023-10-17,7.04,7.2,6.98,7.0,7435500.0
2023-10-18,6.92,6.95,6.81,6.82,7276400.0
2023-10-19,6.8,6.86,6.67,6.68,7360000.0
2023-10-20,6.64,6.83,6.62,6.77,5530400.0
2023-10-23,6.76,6.77,6.45,6.47,6864600.0
2023-10-24,6.49,6.72,6.49,6.65,7113462.0
2023-10-25,6.65,6.85,6.65,6.77,7186250.0
2023-10-26,6.73,6.84,6.59,6.82,7853712.0
2023-10-27,6.79,6.95,6.72,6.93,10628000.0
2023-10-30,6.85,7.06,6.84,7.02,9059500.0
2023-10-31,7.04,7.06,6.91,6.96,7640900.0
2023-11-01,6.96,7.08,6.96,7.04,6457217.0
2023-11-02,7.06,7.07,6.91,6.91,5058100.0
2023-11-03,6.9,7.07,6.9,7.04,6608500.0
2023-11-06,7.05,7.23,7.05,7.21,8576400.0
2023-11-07,7.25,7.27,7.16,7.24,7406061.0
2023-11-08,7.24,7.28,7.16,7.28,9346762.0
2023-11-09,7.4,7.45,7.16,7.19,9278994.0
2023-11-10,7.13,7.28,7.11,7.27,7772800.0
2023-11-13,7.28,7.43,7.25,7.33,10610687.0
2023-11-14,7.33,7.5,7.28,7.44,12635757.0
2023-11-15,7.5,7.51,7.42,7.47,11454399.0
2023-11-16,7.43,7.8,7.36,7.52,28187756.0
2023-11-17,7.48,7.99,7.32,7.81,37254584.0
2023-11-20,8.33,8.59,8.25,8.59,36486984.0
2023-11-21,9.2,9.43,8.59,8.8,106949663.0
2023-11-22,8.64,8.78,8.06,8.1,71386905.0
2023-11-23,8.2,8.4,8.07,8.08,38034200.0
2023-11-24,8.08,8.24,7.71,7.87,45244258.0
2023-11-27,7.76,7.92,7.61,7.7,21408070.0
2023-11-28,7.69,8.14,7.66,8.05,34791555.0
2023-11-29,8.03,8.08,7.84,7.88,19426597.0
2023-11-30,7.85,7.91,7.67,7.73,14559497.0
2023-12-01,7.72,7.79,7.61,7.77,12653100.0
2023-12-04,7.74,7.75,7.59,7.65,13951600.0
2023-12-05,7.65,7.65,7.45,7.46,12646778.0
2023-12-06,7.42,7.64,7.4,7.55,12112868.0
2023-12-07,7.55,7.55,7.4,7.41,8906510.0
2023-12-08,7.46,7.48,7.3,7.3,9349593.0
2023-12-11,7.27,7.39,7.22,7.35,9593805.0
2023-12-12,7.34,7.39,7.31,7.36,8243202.0
2023-12-13,7.36,7.39,7.21,7.21,7261800.0
2023-12-14,7.25,7.32,7.18,7.18,6863099.0
2023-12-15,7.18,7.28,7.12,7.14,6833920.0
2023-12-18,7.1,7.13,6.95,6.96,8210220.0
2023-12-19,6.95,7.06,6.92,7.01,6551002.0
2023-12-20,7.01,7.07,6.91,6.91,5567900.0
2023-12-21,6.9,7.04,6.81,7.0,7952000.0
2023-12-22,6.98,7.04,6.86,6.94,7144200.0
2023-12-25,6.91,6.99,6.85,6.92,5813300.0
2023-12-26,6.9,6.91,6.78,6.82,6486200.0
2023-12-27,6.84,6.85,6.76,6.84,4600900.0
2023-12-28,6.82,7.17,6.77,7.15,12678300.0
2023-12-29,7.14,7.33,7.14,7.28,10835832.0
2024-01-02,7.24,7.36,7.23,7.34,7056919.0
2024-01-03,7.3,7.33,7.18,7.24,6330200.0
2024-01-04,7.24,7.3,7.2,7.25,5413701.0
2024-01-05,7.24,7.39,7.07,7.1,8265100.0
2024-01-08,7.08,7.14,6.93,6.97,6163902.0
2024-01-09,6.96,7.12,6.91,6.97,5921800.0
2024-01-10,6.97,7.04,6.79,6.97,6729500.0
2024-01-11,6.93,7.17,6.91,7.14,7781100.0
2024-01-12,7.12,7.33,7.08,7.15,8331000.0
2024-01-15,7.11,7.14,6.98,7.09,5143200.0
2024-01-16,7.05,7.13,6.92,7.05,6603416.0
2024-01-17,7.01,7.01,6.82,6.83,5289716.0
2024-01-18,6.81,6.85,6.55,6.76,8559116.0
2024-01-19,6.73,6.87,6.6,6.6,5243766.0
2024-01-22,6.56,6.6,6.06,6.1,8582900.0
2024-01-23,6.04,6.25,5.89,6.0,7383000.0
2024-01-24,6.01,6.13,5.84,6.06,7236600.0
2024-01-25,6.05,6.24,5.97,6.22,8569701.0
2024-01-26,6.22,6.31,6.18,6.22,7280300.0
2024-01-29,6.25,6.25,5.9,5.9,8660600.0
2024-01-30,5.9,5.98,5.71,5.73,6352301.0
2024-01-31,5.73,5.8,5.32,5.38,8991000.0
2024-02-01,5.33,5.38,5.16,5.21,9277560.0
2024-02-02,5.26,5.34,4.73,4.96,11481600.0
2024-02-05,4.92,4.92,4.46,4.46,12162599.0
2024-02-06,4.27,4.42,4.01,4.2,22364000.0
2024-02-07,4.21,4.28,3.9,3.97,23627706.0
2024-02-08,4.0,4.36,3.91,4.33,21370188.0
2024-02-19,4.35,4.69,4.35,4.66,17477387.0
2024-02-20,4.67,4.74,4.54,4.68,11675932.0
2024-02-21,4.68,4.92,4.6,4.78,13173100.0
2024-02-22,4.72,5.0,4.72,5.0,14233203.0
2024-02-23,5.05,5.32,5.04,5.32,14798501.0
2024-02-26,5.39,5.56,5.25,5.43,13625869.0
2024-02-27,5.4,5.59,5.32,5.59,10136091.0
2024-02-28,5.68,5.79,5.14,5.14,20174876.0
2024-02-29,5.0,5.32,4.98,5.32,12553900.0
2024-03-01,5.4,5.44,5.28,5.44,10065000.0
2024-03-04,5.44,5.53,5.34,5.5,10445820.0
2024-03-05,5.46,5.54,5.32,5.33,10618300.0
2024-03-06,5.34,5.5,5.33,5.47,9730200.0
2024-03-07,5.47,5.52,5.35,5.39,8815420.0
2024-03-08,5.35,5.43,5.27,5.37,5607430.0
2024-03-11,5.36,5.67,5.35,5.66,19199500.0
2024-03-12,5.68,5.75,5.65,5.72,12734750.0
2024-03-13,5.73,5.78,5.7,5.72,8393900.0
2024-03-14,5.71,5.73,5.52,5.61,9240800.0
2024-03-15,5.57,5.68,5.51,5.67,7783800.0
2024-03-18,5.69,5.85,5.69,5.85,13209199.0
2024-03-19,6.08,6.44,6.08,6.44,8667742.0
2024-03-20,7.08,7.08,7.08,7.08,3788850.0
2024-03-21,7.4,7.59,6.79,6.8,78295424.0
2024-03-22,6.6,6.66,6.24,6.32,50198208.0
2024-03-25,6.16,6.37,5.9,5.97,34041960.0
2024-03-26,5.95,6.15,5.82,6.15,28044274.0
2024-03-27,6.11,6.11,5.62,5.63,23211625.0
2024-03-28,5.69,5.93,5.69,5.8,24684371.0
2024-03-29,5.81,5.97,5.81,5.9,16439949.0
2024-04-01,5.9,6.19,5.9,6.11,17630215.0
2024-04-02,6.09,6.3,5.99,6.15,22094452.0
2024-04-03,6.28,6.43,6.11,6.12,31201132.0
2024-04-08,6.02,6.24,5.88,5.88,21252177.0
2024-04-09,5.93,6.16,5.91,6.14,20854000.0
2024-04-10,6.1,6.17,5.91,5.96,14350451.0
2024-04-11,5.98,6.01,5.8,5.83,11774300.0
2024-04-12,5.83,5.92,5.66,5.69,10731800.0
2024-04-15,5.67,5.76,5.18,5.26,17861000.0
2024-04-16,5.2,5.2,4.73,4.73,16204700.0
2024-04-17,4.63,4.98,4.61,4.95,14712300.0
2024-04-18,5.0,5.02,4.79,4.93,11829701.0
2024-04-19,4.87,4.93,4.77,4.8,8270700.0
2024-04-22,4.8,4.85,4.63,4.82,10340547.0
2024-04-23,4.78,4.92,4.78,4.89,7206300.0
2024-04-24,4.89,4.96,4.86,4.94,6369800.0
2024-04-25,4.95,5.1,4.9,5.03,7233700.0
2024-04-26,5.1,5.1,4.97,5.09,7738200.0
2024-04-29,5.07,5.48,5.07,5.45,14343800.0
2024-04-30,5.76,5.78,5.51,5.57,24408401.0
2024-05-06,5.68,5.84,5.67,5.82,17837400.0
2024-05-07,5.85,5.86,5.71,5.82,11389201.0
2024-05-08,5.83,5.83,5.68,5.7,7768900.0
2024-05-09,5.7,5.93,5.7,5.87,10681700.0
2024-05-10,5.83,5.87,5.71,5.78,7479700.0
2024-05-13,5.77,5.78,5.62,5.64,7501800.0
2024-05-14,5.66,5.72,5.65,5.67,4963400.0
2024-05-15,5.68,5.75,5.62,5.63,5420600.0
2024-05-16,5.62,5.71,5.61,5.63,4898400.0
2024-05-17,5.61,5.71,5.57,5.7,5518260.0
2024-05-20,5.73,5.75,5.67,5.69,4878700.0
2024-05-21,5.66,5.73,5.61,5.69,5822300.0
2024-05-22,5.69,5.83,5.64,5.82,9371001.0
2024-05-23,5.79,5.8,5.59,5.61,8428600.0
2024-05-24,5.62,5.68,5.5,5.51,4904100.0
2024-05-27,5.48,5.6,5.46,5.59,6453600.0
2024-05-28,5.62,5.64,5.52,5.59,5191400.0
2024-05-29,5.61,5.75,5.61,5.65,6968200.0
2024-05-30,5.68,5.68,5.51,5.53,5340761.0
2024-05-31,5.53,5.62,5.52,5.6,4319001.0
2024-06-03,5.63,5.63,5.24,5.33,11186701.0
2024-06-04,5.26,5.33,5.19,5.29,8749100.0
2024-06-05,5.23,5.28,5.08,5.1,9091200.0
2024-06-06,5.06,5.14,4.67,4.74,14454400.0
2024-06-07,4.78,4.94,4.78,4.87,9170000.0
2024-06-11,4.91,4.98,4.76,4.98,6921200.0
2024-06-12,5.05,5.09,4.97,5.06,5269701.0
2024-06-13,5.1,5.12,5.0,5.08,4991800.0
2024-06-14,5.09,5.12,4.98,5.09,4943095.0
2024-06-17,5.02,5.12,4.99,5.04,5347600.0
2024-06-18,5.03,5.18,5.02,5.18,6579241.0
2024-06-19,5.18,5.22,5.13,5.15,4883070.0
2024-06-20,5.14,5.2,5.01,5.02,4623400.0
2024-06-21,5.02,5.06,4.91,4.92,4454257.0
2024-06-24,4.9,4.91,4.64,4.68,7589000.0
2024-06-25,4.64,4.78,4.61,4.66,6184300.0
2024-06-26,4.66,4.88,4.63,4.86,6880000.0
2024-06-27,4.89,4.9,4.73,4.74,5469500.0
2024-06-28,4.72,4.88,4.72,4.8,6058502.0
2024-07-01,4.8,4.84,4.65,4.75,5795200.0
2024-07-02,4.75,4.87,4.71,4.81,5906300.0
2024-07-03,4.86,4.89,4.73,4.8,4401300.0
2024-07-04,4.81,4.83,4.63,4.64,5840300.0
2024-07-05,4.61,4.73,4.54,4.7,6808651.0
2024-07-08,4.69,4.7,4.54,4.56,6133485.0
2024-07-09,4.58,4.68,4.47,4.67,7498848.0
2024-07-10,4.66,4.67,4.53,4.6,8968494.0
2024-07-11,4.65,4.84,4.62,4.83,8225194.0
2024-07-12,4.79,4.88,4.79,4.83,4797851.0
2024-07-15,4.79,4.9,4.71,4.73,7213800.0
2024-07-16,4.73,4.73,4.61,4.68,5477100.0
2024-07-17,4.65,4.69,4.58,4.58,4228732.0
2024-07-18,4.56,4.58,4.42,4.53,6297900.0
2024-07-19,4.51,4.62,4.49,4.58,3728100.0
2024-07-22,4.56,4.65,4.56,4.6,3927200.0
2024-07-23,4.6,4.69,4.5,4.53,4452601.0
2024-07-24,4.57,4.57,4.44,4.45,6015600.0
2024-07-25,4.45,4.9,4.4,4.9,13800900.0
2024-07-26,5.06,5.12,4.79,4.89,33915453.0
2024-07-29,4.87,4.94,4.77,4.91,19645367.0
2024-07-30,4.94,5.03,4.87,5.0,16996101.0
2024-07-31,4.98,5.24,4.95,5.17,17829136.0
2024-08-01,5.15,5.42,5.14,5.19,18636950.0
2024-08-02,5.19,5.2,5.06,5.07,10666760.0
2024-08-05,5.05,5.09,4.87,4.88,9789400.0
2024-08-06,4.92,5.05,4.92,4.99,8050500.0
2024-08-07,5.04,5.08,4.97,5.03,5094500.0
2024-08-08,5.04,5.07,4.92,5.02,6227300.0
2024-08-09,5.03,5.06,4.99,4.99,4065600.0
2024-08-12,4.99,5.01,4.92,4.93,4044000.0
2024-08-13,4.95,5.22,4.88,5.13,13052601.0
2024-08-14,5.12,5.15,5.07,5.09,6746100.0
2024-08-15,5.05,5.14,5.01,5.13,6322200.0
2024-08-16,5.13,5.16,5.03,5.04,4878841.0
2024-08-19,5.04,5.07,4.93,4.93,6212511.0
2024-08-20,4.95,4.96,4.79,4.85,5301900.0
2024-08-21,4.82,4.91,4.8,4.88,4514700.0
2024-08-22,4.88,4.92,4.75,4.78,4289351.0
2024-08-23,4.76,4.79,4.67,4.68,5682100.0
2024-08-26,4.69,4.92,4.67,4.87,7199051.0
2024-08-27,4.85,4.85,4.65,4.71,9990800.0
2024-08-28,4.73,4.85,4.67,4.82,6290900.0
2024-08-29,4.83,5.03,4.78,5.01,8826800.0
2024-08-30,5.01,5.05,4.96,4.97,10402500.0
2024-09-02,4.97,5.47,4.96,5.09,22719187.0
2024-09-03,5.15,5.6,5.12,5.6,24624306.0
2024-09-04,5.8,6.16,5.67,6.16,56097591.0
2024-09-05,6.25,6.4,5.54,5.72,78476340.0
2024-09-06,5.47,5.76,5.4,5.46,51962560.0
2024-09-09,5.4,5.69,5.3,5.54,39748809.0
2024-09-10,5.47,5.48,5.16,5.27,32571200.0
2024-09-11,5.25,5.45,5.19,5.33,26106169.0
2024-09-12,5.21,5.38,5.19,5.26,24358290.0
2024-09-13,5.26,5.26,5.01,5.03,22907003.0
2024-09-18,5.05,5.08,4.82,4.9,16114400.0
2024-09-19,4.93,5.09,4.88,5.08,14863874.0
2024-09-20,5.09,5.09,5.0,5.05,9033200.0
2024-09-23,5.05,5.21,5.04,5.14,14273100.0
2024-09-24,5.19,5.26,5.06,5.24,18371956.0
2024-09-25,5.33,5.38,5.26,5.28,24806054.0
2024-09-26,5.23,5.36,5.22,5.35,19620300.0
2024-09-27,5.41,5.63,5.39,5.61,19922000.0
2024-09-30,5.89,6.13,5.62,6.08,44421770.0
2024-10-08,6.69,6.69,6.08,6.47,44327756.0
2024-10-09,6.41,6.41,5.82,5.82,30038641.0
2024-10-10,5.82,6.05,5.7,5.86,17916100.0
2024-10-11,5.9,5.9,5.48,5.56,15502500.0
2024-10-14,5.56,5.77,5.54,5.76,12751100.0
2024-10-15,5.77,5.87,5.64,5.68,12417301.0
2024-10-16,5.6,5.74,5.54,5.67,10221600.0
2024-10-17,5.73,5.82,5.63,5.69,12474200.0
2024-10-18,5.68,5.87,5.64,5.79,18752238.0
2024-10-21,5.85,6.1,5.85,6.1,27969102.0
2024-10-22,6.17,6.32,5.98,6.17,23547101.0
2024-10-23,6.13,6.26,6.1,6.14,18723000.0
2024-10-24,6.1,6.17,6.03,6.08,11758230.0
2024-10-25,6.31,6.46,6.18,6.25,27536370.0
2024-10-28,6.19,6.3,6.16,6.19,21455341.0
2024-10-29,6.2,6.32,6.1,6.11,16067300.0
2024-10-30,6.1,6.25,6.06,6.19,16418499.0
2024-10-31,6.22,6.38,6.18,6.35,23282801.0
2024-11-01,6.28,6.39,6.04,6.05,19904600.0
2024-11-04,6.04,6.66,6.04,6.66,53382182.0
2024-11-05,6.75,7.03,6.65,6.95,83670565.0
2024-11-06,6.96,7.22,6.69,6.74,59538205.0
2024-11-07,6.78,6.98,6.7,6.89,46469563.0
2024-11-08,6.94,7.09,6.8,6.82,39094581.0
2024-11-11,6.75,6.98,6.73,6.96,31375693.0
2024-11-12,7.04,7.2,6.91,7.01,37332260.0
2024-11-13,6.96,7.17,6.77,7.13,33227801.0
2024-11-14,7.07,7.13,6.73,6.74,23737821.0
2024-11-15,6.72,7.05,6.66,6.75,23044406.0
2024-11-18,6.99,7.08,6.61,6.93,38230060.0
2024-11-19,6.8,6.99,6.62,6.97,31068817.0
2024-11-20,6.97,7.36,6.88,7.27,57133864.0
2024-11-21,7.26,7.4,7.04,7.13,37829602.0
2024-11-22,7.08,7.53,6.93,6.99,49752828.0
2024-11-25,7.06,7.4,7.02,7.29,47113173.0
2024-11-26,7.15,7.18,6.88,6.9,34433247.0
2024-11-27,6.86,6.86,6.53,6.82,25779713.0
2024-11-28,6.82,6.92,6.64,6.66,18605016.0
2024-11-29,6.66,6.98,6.58,6.87,25749841.0
2024-12-02,6.86,6.91,6.72,6.89,21108700.0
2024-12-03,6.85,6.89,6.73,6.78,16369318.0
2024-12-04,6.78,6.79,6.56,6.6,15596866.0
2024-12-05,6.56,6.9,6.56,6.77,16737401.0
2024-12-06,6.81,6.82,6.64,6.78,12510600.0
2024-12-09,6.78,7.28,6.75,7.03,30565800.0
2024-12-10,7.15,7.21,7.01,7.04,23995906.0
2024-12-11,7.04,7.13,6.96,7.04,13739686.0
2024-12-12,7.04,7.15,6.97,7.12,19487573.0
2024-12-13,7.05,7.09,6.87,6.88,18736306.0
2024-12-16,6.85,7.01,6.8,6.85,10620300.0
2024-12-17,6.85,6.86,6.54,6.6,13043401.0
2024-12-18,6.6,6.65,6.46,6.56,8945200.0
2024-12-19,6.51,6.62,6.48,6.61,7729600.0
2024-12-20,6.56,6.9,6.56,6.81,14433410.0
2024-12-23,6.82,6.85,6.34,6.39,16984000.0
2024-12-24,6.4,6.52,6.25,6.32,10230796.0
2024-12-25,6.32,6.37,6.04,6.11,11415411.0
2024-12-26,6.15,6.35,6.14,6.26,8782154.0
2024-12-27,6.31,6.38,6.22,6.32,7748700.0
2024-12-30,6.36,6.36,6.09,6.16,8027976.0
2024-12-31,6.17,6.24,5.97,6.01,7813121.0
2025-01-02,6.0,6.08,5.8,5.87,8743000.0
2025-01-03,5.88,5.92,5.58,5.59,10794601.0
2025-01-06,5.53,5.65,5.36,5.62,7301439.0
2025-01-07,5.6,5.8,5.6,5.79,6620700.0
2025-01-08,5.8,5.8,5.55,5.74,6778548.0
2025-01-09,5.69,5.84,5.69,5.77,5545900.0
2025-01-10,5.8,5.81,5.52,5.52,6084400.0
2025-01-13,5.45,5.56,5.32,5.53,7127164.0
2025-01-14,5.54,5.75,5.54,5.74,7212501.0
2025-01-15,5.78,5.78,5.67,5.71,5312454.0
2025-01-16,5.73,5.9,5.68,5.74,7974801.0
2025-01-17,5.68,5.74,5.58,5.62,7436501.0
2025-01-20,5.75,5.84,5.64,5.8,9592230.0
2025-01-21,5.81,5.84,5.58,5.6,9655640.0
2025-01-22,5.56,5.63,5.5,5.58,5902400.0
2025-01-23,5.63,5.72,5.56,5.56,8430610.0
2025-01-24,5.55,5.58,5.48,5.57,5243810.0
2025-01-27,5.55,5.66,5.51,5.51,6242600.0
2025-02-05,5.58,5.66,5.52,5.65,6293200.0
2025-02-06,5.67,5.87,5.59,5.84,11471211.0
2025-02-07,5.85,5.94,5.79,5.87,11116856.0
2025-02-10,5.92,5.94,5.86,5.93,7614700.0
2025-02-11,5.93,5.96,5.83,5.95,8603902.0
2025-02-12,5.96,5.97,5.88,5.96,7657900.0
2025-02-13,5.93,6.13,5.92,5.95,9945800.0
2025-02-14,5.91,6.18,5.89,6.05,14041799.0
2025-02-17,6.05,6.08,5.95,6.01,9842799.0
2025-02-18,6.08,6.5,6.06,6.22,32100410.0
2025-02-19,6.07,6.17,5.98,6.16,21686257.0
2025-02-20,6.12,6.15,5.98,6.04,16819090.0
2025-02-21,6.0,6.06,5.99,6.04,13099457.0
2025-02-24,6.06,6.08,5.93,6.03,12166856.0
2025-02-25,5.96,6.06,5.95,6.01,8785200.0
2025-02-26,6.05,6.24,6.05,6.18,17131261.0
2025-02-27,6.28,6.59,6.27,6.36,32011460.0
2025-02-28,6.35,6.44,6.2,6.25,22586200.0
2025-03-03,6.26,6.55,6.26,6.35,25042917.0
2025-03-04,6.3,6.32,6.16,6.25,15943000.0
2025-03-05,6.2,6.25,6.12,6.23,10736249.0
2025-03-06,6.27,6.31,6.2,6.27,12613601.0
2025-03-07,6.22,6.23,6.07,6.11,14167801.0
2025-03-10,6.11,6.21,6.1,6.16,8552954.0
2025-03-11,6.1,6.27,6.01,6.23,13082900.0
2025-03-12,6.23,6.34,6.18,6.29,13360845.0
2025-03-13,6.28,6.3,6.11,6.2,10167100.0
2025-03-14,6.15,6.27,6.11,6.25,9899891.0
2025-03-17,6.24,6.31,6.21,6.28,8164800.0
2025-03-18,6.28,6.35,6.26,6.33,9872950.0
2025-03-19,6.34,6.51,6.29,6.44,18035300.0
2025-03-20,6.43,6.65,6.36,6.52,22328820.0
2025-03-21,6.43,6.57,6.31,6.34,15980701.0
2025-03-24,6.3,6.39,6.02,6.12,14914200.0
2025-03-25,6.13,6.32,6.03,6.19,13428400.0
2025-03-26,6.23,6.52,6.21,6.41,25353065.0
2025-03-27,6.33,6.39,6.21,6.22,14609610.0
2025-03-28,6.2,6.23,6.03,6.03,11971000.0
2025-03-31,6.07,6.07,5.78,5.87,10433901.0
2025-04-01,5.87,6.46,5.86,6.21,21413101.0
2025-04-02,6.15,6.31,6.07,6.15,15055700.0
2025-04-03,6.06,6.16,5.96,6.05,9681600.0
2025-04-07,5.8,5.8,5.45,5.45,10691200.0
2025-04-08,5.3,5.32,5.03,5.09,16971345.0
2025-04-09,5.1,5.2,4.6,5.17,13155700.0
2025-04-10,5.28,5.39,5.25,5.27,10261800.0
2025-04-11,5.24,5.38,5.21,5.33,7850844.0
2025-04-14,5.38,5.5,5.38,5.45,7403600.0
2025-04-15,5.47,5.55,5.41,5.47,7143100.0
2025-04-16,5.46,5.51,5.27,5.38,7290100.0
2025-04-17,5.36,5.5,5.31,5.49,7512984.0
2025-04-18,5.45,5.88,5.45,5.78,21075200.0
2025-04-21,5.7,5.84,5.66,5.81,17581400.0
2025-04-22,5.82,5.83,5.7,5.74,9854900.0
2025-04-23,5.74,5.91,5.74,5.82,11257804.0
2025-04-24,5.81,5.83,5.71,5.74,7597300.0
2025-04-25,5.74,5.76,5.67,5.68,6503901.0
2025-04-28,5.69,5.7,5.51,5.57,7278430.0
2025-04-29,5.56,5.75,5.56,5.68,5521501.0
2025-04-30,5.57,5.65,5.45,5.56,9219800.0
2025-05-06,5.59,5.75,5.59,5.75,7513102.0
2025-05-07,5.81,5.85,5.69,5.76,6668284.0
2025-05-08,5.71,5.89,5.7,5.87,7552920.0
2025-05-09,5.9,5.9,5.81,5.85,5765584.0
2025-05-12,5.9,5.95,5.84,5.91,7207600.0
2025-05-13,5.95,5.97,5.84,5.87,5560300.0
2025-05-14,5.95,5.95,5.83,5.88,6591600.0
2025-05-15,5.87,5.88,5.77,5.81,4702800.0
2025-05-16,5.81,5.91,5.78,5.85,4916339.0
2025-05-19,5.85,5.91,5.78,5.9,5065300.0
2025-05-20,5.89,5.98,5.87,5.97,6903800.0
2025-05-21,5.97,6.02,5.9,5.95,7518442.0
2025-05-22,5.91,5.97,5.78,5.78,7465900.0
2025-05-23,5.78,5.9,5.73,5.73,7068001.0
2025-05-26,5.73,5.82,5.71,5.8,4774301.0
2025-05-27,5.77,6.04,5.77,5.93,16019000.0
2025-05-28,5.93,6.07,5.84,5.96,13511900.0
2025-05-29,5.96,6.11,5.94,6.1,13447703.0
2025-05-30,6.09,6.15,6.01,6.09,11050702.0
2025-06-03,6.05,6.35,6.01,6.31,21192301.0
2025-06-04,6.4,6.59,6.33,6.52,31956100.0
2025-06-05,6.5,6.59,6.29,6.3,16888101.0
2025-06-06,6.31,6.36,6.23,6.29,12111700.0
2025-06-09,6.38,6.38,6.27,6.28,7810400.0
2025-06-10,6.29,6.33,6.1,6.2,10000244.0
2025-06-11,6.2,6.28,6.18,6.19,6818044.0
2025-06-12,6.15,6.22,6.09,6.14,6744000.0
2025-06-13,6.1,6.13,5.91,5.91,9818800.0
2025-06-16,5.88,6.02,5.88,5.97,8655243.0
2025-06-17,5.98,6.04,5.94,5.97,6080702.0
2025-06-18,5.97,5.97,5.86,5.94,6093700.0
2025-06-19,5.9,6.08,5.78,5.81,10397200.0
2025-06-20,5.81,6.02,5.78,5.86,10377700.0
2025-06-23,5.83,6.04,5.79,6.01,10688300.0
2025-06-24,6.02,6.22,5.99,6.2,12450100.0
2025-06-25,6.19,6.3,6.15,6.23,10774801.0
2025-06-26,6.23,6.35,6.17,6.29,22029257.0
2025-06-27,6.3,6.92,6.28,6.92,91959579.0
2025-06-30,7.61,7.61,7.26,7.61,107496284.0
2025-07-01,7.6,8.37,7.48,7.88,198273844.0
2025-07-02,7.49,8.26,7.35,7.4,153929264.0
2025-07-03,7.18,7.35,6.75,7.07,125491698.0
2025-07-04,7.07,7.18,6.61,6.62,82925244.0
2025-07-07,6.74,7.28,6.74,7.28,65284186.0
2025-07-08,7.29,7.31,6.97,7.03,102148790.0
2025-07-09,7.0,7.1,6.89,7.02,63121280.0
2025-07-10,6.98,6.98,6.8,6.83,43270137.0
2025-07-11,6.83,6.86,6.72,6.79,32067000.0
2025-07-14,6.63,6.77,6.6,6.73,27627899.0
2025-07-15,6.74,6.79,6.45,6.52,37509889.0
2025-07-16,6.8,7.17,6.8,6.93,105931938.0
2025-07-17,6.62,6.75,6.57,6.66,70726420.0
2025-07-18,6.72,6.84,6.67,6.74,47359171.0
2025-07-21,6.65,6.81,6.65,6.81,37134501.0
2025-07-22,6.85,6.85,6.67,6.73,30096501.0
2025-07-23,6.7,6.7,6.55,6.57,29218001.0
2025-07-24,6.53,6.64,6.53,6.64,18454200.0
2025-07-25,6.69,6.72,6.6,6.62,19897600.0
2025-07-28,6.62,6.71,6.57,6.68,18901320.0
2025-07-29,6.67,6.73,6.58,6.65,18052400.0
2025-07-30,6.65,6.65,6.46,6.51,23338600.0
2025-07-31,6.46,6.54,6.45,6.47,13998900.0
2025-08-01,6.45,6.52,6.43,6.48,10706401.0
2025-08-04,6.46,6.58,6.42,6.56,13508100.0
2025-08-05,6.6,6.71,6.6,6.64,15869800.0
2025-08-06,6.63,6.68,6.56,6.68,16549226.0
2025-08-07,6.7,6.7,6.59,6.62,12836001.0
2025-08-08,6.59,6.62,6.54,6.59,12438700.0
2025-08-11,6.59,6.69,6.59,6.68,19644901.0
2025-08-12,6.69,6.69,6.57,6.61,15213100.0
2025-08-13,6.62,6.65,6.56,6.6,13111878.0
2025-08-14,6.6,6.6,6.41,6.44,22126600.0
2025-08-15,6.43,6.55,6.41,6.53,14270460.0
2025-08-18,6.56,6.64,6.51,6.62,20853100.0
2025-08-19,6.61,6.68,6.56,6.68,21532316.0
2025-08-20,6.68,6.69,6.61,6.69,15317500.0
2025-08-21,6.69,6.74,6.65,6.69,23847200.0
2025-08-22,6.68,6.72,6.61,6.69,16637100.0
2025-08-25,6.69,6.72,6.63,6.66,21220063.0
2025-08-26,6.64,6.82,6.58,6.81,39846782.0
2025-08-27,6.83,6.83,6.58,6.58,34642259.0
2025-08-28,6.55,6.64,6.26,6.51,31165746.0
2025-08-29,6.52,6.6,6.38,6.57,22189430.0
2025-09-01,6.57,6.82,6.56,6.79,43456228.0
2025-09-02,6.74,6.92,6.68,6.87,45824730.0
2025-09-03,6.92,6.95,6.71,6.76,30274801.0
2025-09-04,6.76,7.2,6.76,7.06,74797257.0
2025-09-05,7.08,7.47,6.96,7.45,79930094.0
2025-09-08,7.48,7.48,7.09,7.25,60076494.0
2025-09-09,7.54,7.78,7.21,7.34,64365260.0
2025-09-10,7.06,7.15,6.91,6.92,52636655.0
2025-09-11,6.84,7.01,6.76,6.95,35189458.0
2025-09-12,6.93,7.44,6.81,7.11,54208523.0
2025-09-15,7.08,7.24,6.97,6.99,35882420.0
2025-09-16,7.0,7.08,6.9,7.03,26468600.0
2025-09-17,7.01,7.15,6.95,7.07,25756432.0
2025-09-18,7.14,7.15,6.84,6.89,30661500.0
2025-09-19,6.84,6.88,6.7,6.74,24238000.0
